-- phpMyAdmin SQL Dump
-- version 4.0.7
-- http://www.phpmyadmin.net
--
-- Host: localhost
-- Generation Time: Jun 29, 2014 at 05:29 AM
-- Server version: 5.6.12
-- PHP Version: 5.4.22

SET SQL_MODE = "NO_AUTO_VALUE_ON_ZERO";
SET time_zone = "+00:00";


/*!40101 SET @OLD_CHARACTER_SET_CLIENT=@@CHARACTER_SET_CLIENT */;
/*!40101 SET @OLD_CHARACTER_SET_RESULTS=@@CHARACTER_SET_RESULTS */;
/*!40101 SET @OLD_COLLATION_CONNECTION=@@COLLATION_CONNECTION */;
/*!40101 SET NAMES utf8 */;

--
-- Database: `coursemaker-prod`
--

-- --------------------------------------------------------

--
-- Table structure for table `activity`
--

CREATE TABLE IF NOT EXISTS `activity` (
  `activityID` int(10) unsigned NOT NULL AUTO_INCREMENT,
  `activityName` varchar(255) NOT NULL,
  `description` text,
  `lessonID` int(10) unsigned NOT NULL,
  `priorityFlag` int(11) DEFAULT NULL,
  `localID` bigint(20) DEFAULT NULL,
  `syncDate` datetime DEFAULT NULL,
  `durationInDays` double DEFAULT NULL,
  PRIMARY KEY (`activityID`),
  UNIQUE KEY `index4xx` (`lessonID`,`activityName`),
  KEY `ix011` (`lessonID`),
  KEY `fk011` (`lessonID`)
) ENGINE=InnoDB  DEFAULT CHARSET=latin1 AUTO_INCREMENT=114 ;

--
-- Dumping data for table `activity`
--

INSERT INTO `activity` (`activityID`, `activityName`, `description`, `lessonID`, `priorityFlag`, `localID`, `syncDate`, `durationInDays`) VALUES
(6, 'Read up on tools', 'Reading assigment. The class should get on the web and research the tools discussed in session. ', 4, 1, 1381518394750, NULL, 0),
(7, 'Populate Sample Database', 'Use MySQL tools to load data into the sample database that you have created. Research command line tools to help you work with the database', 5, 5, 1381518395037, NULL, 0),
(8, 'Download and install MySQL', 'Download and install the appropriate version of MySQL and all the associated GUI tools available. Downloads may be from the local servers where possible.', 5, 2, 1381518395019, NULL, 0),
(9, 'Review existing data model', 'Spend time reviewing the CourseMaker data model that underpins the CourseMaker suite of apps. The CourseMaker trainee app will be unveiled and delivered to you in due course ', 5, 3, 1381518395031, NULL, 0),
(10, 'Create a sample data model', 'Use MySQL Worbench tool to create a sample data model and forward engineer the model to create an instance of the database. ', 5, 1, 1381518395025, NULL, 0),
(11, 'Check Data Integrity', 'Beauty is more than skin deep. Android apps are sleek and aesthetically pleasing on multiple levels. Transitions are fast and clear; layout and typography are crisp and meaningful. App icons are works of art in their own right. Just like a well-made tool, your app should strive to combine beauty, simplicity and purpose to create a magical experience that is effortless and powerful.', 5, 4, 1381520051270, NULL, 0),
(12, 'Activity 101', 'Android apps make life easier and are easy to understand. When people use your app for the first time, they should intuitively grasp the most important features. The design work doesn''t stop at the first use, though. Android apps remove ongoing chores like file management and syncing. Simple tasks never require complex procedures, and complex tasks are tailored to the human hand and mind. People of all ages and cultures feel firmly in control, and are never overwhelmed by too many choices or irrelevant flash.', 7, 1, 1381571125009, NULL, 0),
(17, 'Create instance of RDS database', 'It''s not enough to make an app that is easy to use. Android apps empower people to try new things and to use apps in inventive new ways. Android lets people combine applications into new workflows through multitasking, notifications, and sharing across apps. At the same time, your app should feel personal, giving people access to superb technology with clarity and grace.', 7, 4, 1381572255677, NULL, 0),
(18, 'Create servlet to access the RDS database', 'It''s not enough to make an app that is easy to use. Android apps empower people to try new things and to use apps in inventive new ways. Android lets people combine applications into new workflows through multitasking, notifications, and sharing across apps. At the same time, your app should feel personal, giving people access to superb technology with clarity and grace.', 7, 5, 1381572332027, NULL, 0),
(19, 'Destroy instance of database and recreate', 'It''s not enough to make an app that is easy to use. Android apps empower people to try new things and to use apps in inventive new ways. Android lets people combine applications into new workflows through multitasking, notifications, and sharing across apps. At the same time, your app should feel personal, giving people access to superb technology with clarity and grace.', 7, 7, 1381572380045, NULL, 0),
(20, 'Test activity 1', 'Real objects are more fun than buttons and menus\n\nAllow people to directly touch and manipulate objects in your app. It reduces the cognitive effort needed to perform a task while making it more emotionally satisfying.', 8, 0, 1381577427895, NULL, 0),
(21, 'Shut down server database', 'Real objects are more fun than buttons and menus\n\nAllow people to directly touch and manipulate objects in your app. It reduces the cognitive effort needed to perform a task while making it more emotionally satisfying.', 7, 6, 1381577705519, NULL, 0),
(22, 'Remove server database', 'Real objects are more fun than buttons and menus\n\nAllow people to directly touch and manipulate objects in your app. It reduces the cognitive effort needed to perform a task while making it more emotionally satisfying.', 7, 8, 1381577741306, NULL, 0),
(23, 'Test activity 2', 'Real objects are more fun than buttons and menus\n\nAllow people to directly touch and manipulate objects in your app. It reduces the cognitive effort needed to perform a task while making it more emotionally satisfying.', 8, 0, 1381577811370, NULL, 0),
(24, 'Activity numero uno', 'Real objects are more fun than buttons and menus\n\nAllow people to directly touch and manipulate objects in your app. It reduces the cognitive effort needed to perform a task while making it more emotionally satisfying.', 8, 0, 1381577900590, NULL, 0),
(25, 'Activo numero quatro', '', 8, 0, 1381577951439, NULL, 0),
(26, 'Bullshit Activity 223', 'Real objects are more fun than buttons and menus\n\nAllow people to directly touch and manipulate objects in your app. It reduces the cognitive effort needed to perform a task while making it more emotionally satisfying.', 7, 3, 1381580577423, NULL, 0),
(27, 'Download and install AWS plugin', '', 9, 1, 1381582924490, NULL, 0),
(28, 'Create first AWS project in Eclipse', '', 9, 3, 1381582968950, NULL, 0),
(30, 'A new activity for newbies', 'Real objects are more fun than buttons and menus\n\nAllow people to directly touch and manipulate objects in your app. It reduces the cognitive effort needed to perform a task while making it more emotionally satisfying.', 12, 1, 1381849884380, NULL, 0),
(32, 'Another activity for newbies', 'Real objects are more fun than buttons and menus\n\nAllow people to directly touch and manipulate objects in your app. It reduces the cognitive effort needed to perform a task while making it more emotionally satisfying.', 12, 2, 1381850000407, NULL, 0),
(33, 'Yet Another activity for newbies', 'Real objects are more fun than buttons and menus\n\nAllow people to directly touch and manipulate objects in your app. It reduces the cognitive effort needed to perform a task while making it more emotionally satisfying.', 12, 3, 1381850014121, NULL, 0),
(34, 'Navigate the aws site and clean up installation', 'Real objects are more fun than buttons and menus\n\nAllow people to directly touch and manipulate objects in your app. It reduces the cognitive effort needed to perform a task while making it more emotionally satisfying.', 13, 1, 1381869129276, NULL, 0),
(35, 'Establish first aws project', 'Real objects are more fun than buttons and menus\n\nAllow people to directly touch and manipulate objects in your app. It reduces the cognitive effort needed to perform a task while making it more emotionally satisfying.', 13, 2, 1381869226372, NULL, 0),
(36, 'Create Disaster Response servlet', 'this Real objects are more fun than buttons and menus\n\nAllow people to directly touch and manipulate objects in your app. It reduces the cognitive effort needed to perform a task while making it more emotionally satisfying.', 9, 2, 1381909963528, NULL, 0),
(37, 'Activity 102', '', 7, 2, 1382023891373, NULL, 0),
(38, 'Activity 103', 'Testing new activity addition and checking both the database and the mobiles screen refresh', 7, 0, 1382024278748, NULL, 0),
(40, 'Activity 105', 'Still testing the faulty addittion of activities and checking that both sides are refreshing the data properly and handing data back to the calling object.', 7, 0, 1382028288295, NULL, 0),
(41, 'Activity 106', 'Litany of issues abound. we seek  clarity amongst chaos', 7, 0, 1382029203785, NULL, 0),
(42, 'activity 1001', 'Activity 100 Soon, there may be an alternative for executives like you. Instead of installing a suite of software for each computer, you''d only have to load one application. That application would allow workers to log into a Web-based service which hosts all the programs the user would need for his or her job. Remote machines owned by another company would run everything from e-mail to word processing to complex data analysis programs. It''s called cloud computing, and it could change the entire computer industry.', 14, 0, 1382032011490, NULL, 0),
(43, 'activity 1002', 'Activity 100 Soon, there may be an alternative for executives like you. Instead of installing a suite of software for each computer, you''d only have to load one application. That application would allow workers to log into a Web-based service which hosts all the programs the user would need for his or her job. Remote machines owned by another company would run everything from e-mail to word processing to complex data analysis programs. It''s called cloud computing, and it could change the entire computer industry.', 14, 0, 1382032036095, NULL, 0),
(44, 'activity 1003', 'Soon, there may be an alternative for executives like you. Instead of installing a suite of software for each computer, you''d only have to load one application. That application would allow workers to log into a Web-based service which hosts all the programs the user would need for his or her job. Remote machines owned by another company would run everything from e-mail to word processing to complex data analysis programs. It''s called cloud computing, and it could change the entire computer industry.', 14, 0, 1382032063071, NULL, 0),
(45, 'Activity 1004', 'Soon, there may be an alternative for executives like you. Instead of installing a suite of software for each computer, you''d only have to load one application. That application would allow workers to log into a Web-based service which hosts all the programs the user would need for his or her job. Remote machines owned by another company would run everything from e-mail to word processing to complex data analysis programs. It''s called cloud computing, and it could change the entire computer industry.', 14, 0, 1382032199600, NULL, 0),
(46, 'Activity 30', 'Activity 100 Soon, there may be an alternative for executives like you. Instead of installing a suite of software for each computer, you''d only have to load one application. That application would allow workers to log into a Web-based service which hosts all the programs the user would need for his or her job. Remote machines owned by another company would run everything from e-mail to word processing to complex data analysis programs. It''s called cloud computing, and it could change the entire computer industry.', 15, 0, 1382034196317, NULL, 0),
(49, 'Activity 2001', 'Some activity guaranteed to make you a better, more caring individual. So, embrace the challenge and continue to fight the good fight!', 16, 0, 1382040379100, NULL, 0),
(50, 'Activity 2002', 'Some activity guaranteed to make you a better, more caring individual. So, embrace the challenge and continue to fight the good fight!', 16, 0, 1382040427677, NULL, 0),
(51, 'Activity 2003', 'Some activity guaranteed to make you a better, more caring individual. So, embrace the challenge and continue to fight the good fight!', 16, 0, 1382040449057, NULL, 0),
(52, 'Activity 2004', 'Some activity guaranteed to make you a better, more caring individual. So, embrace the challenge and continue to fight the good fight!', 16, 0, 1382040470662, NULL, 0),
(53, 'Activity 2005', 'Some activity guaranteed to make you a better, more caring individual. So, embrace the challenge and continue to fight the good fight!', 16, 0, 1382040489340, NULL, 0),
(54, 'Activity 2006', 'Some activity guaranteed to make you a better, more caring individual. So, embrace the challenge and continue to fight the good fight!', 16, 0, 1382040521965, NULL, 0),
(55, 'Activity 2007', 'Some activity guaranteed to make you a better, more caring individual. So, embrace the challenge and continue to fight the good fight! Activity 100 Soon, there may be an alternative for executives like you. Instead of installing a suite of software for each computer, you''d only have to load one application. That application would allow workers to log into a Web-based service which hosts all the programs the user would need for his or her job. Remote machines owned by another company would run everything from e-mail to word processing to complex data analysis programs. It''s called cloud computing, and it could change the entire computer industry.', 16, 0, 1382040571467, NULL, 0),
(56, 'Activity 1000', 'Activity 100 Soon, there may be an alternative for executives like you. Instead of installing a suite of software for each computer, you''d only have to load one application. That application would allow workers to log into a Web-based service which hosts all the programs the user would need for his or her job. Remote machines owned by another company would run everything from e-mail to word processing to complex data analysis programs. It''s called cloud computing, and it could change the entire computer industry.', 27, 3, 1382048831388, NULL, 0),
(57, 'Activity 1100', 'Welcome to Training for Android developers. Here you''ll find sets of lessons within classes that describe how to accomplish a specific task with code samples you can re-use in your app', 27, 6, 1382048875236, NULL, 0),
(58, 'Activity 1200', 'Welcome to Training for Android developers. Here you''ll find sets of lessons within classes that describe how to accomplish a specific task with code samples you can re-use in your app', 27, 7, 1382048898878, NULL, 0),
(59, 'Activity 1300', 'Welcome to Training for Android developers. Here you''ll find sets of lessons within classes that describe how to accomplish a specific task with code samples you can re-use in your app', 27, 4, 1382048918018, NULL, 0),
(60, 'Activity 1400', 'Welcome to Training for Android developers. Here you''ll find sets of lessons within classes that describe how to accomplish a specific task with code samples you can re-use in your app', 27, 5, 1382048936019, NULL, 0),
(61, 'Activity Final 101', 'Explore the Source Get the complete Android platform and modify and build it to suit your needs. You can also contribute to the Open Source Project to make your changes available to everyone else in the Android ecosystem.', 28, 1, 1382051237723, NULL, 0),
(62, 'Activity Final 102', 'Explore the Source Get the complete Android platform and modify and build it to suit your needs. You can also contribute to the Open Source Project to make your changes available to everyone else in the Android ecosystem.', 28, 2, 1382051265090, NULL, 0),
(63, 'Activity Final 103', 'Explore the Source Get the complete Android platform and modify and build it to suit your needs. You can also contribute to the Open Source Project to make your changes available to everyone else in the Android ecosystem.', 28, 3, 1382051290328, NULL, 0),
(64, 'Activity Final 104', 'Explore the Source Get the complete Android platform and modify and build it to suit your needs. You can also contribute to the Open Source Project to make your changes available to everyone else in the Android ecosystem.', 28, 4, 1382051357434, NULL, 0),
(65, 'Activity 101', 'Explore the Source Get the complete Android platform and modify and build it to suit your needs. You can also contribute to the Open Source Project to make your changes available to everyone else in the Android ecosystem.', 33, 2, 1382124002008, NULL, 0),
(66, 'Activity 102', 'Explore the Source Get the complete Android platform and modify and build it to suit your needs. You can also contribute to the Open Source Project to make your changes available to everyone else in the Android ecosystem.', 33, 1, 1382124026690, NULL, 0),
(67, 'Activity 103', 'Explore the Source Get the complete Android platform and modify and build it to suit your needs. You can also contribute to the Open Source Project to make your changes available to everyone else in the Android ecosystem.', 33, 3, 1382124044967, NULL, 0),
(68, 'Activity 300', 'Explore the Source Get the complete Android platform and modify and build it to suit your needs. You can also contribute to the Open Source Project to make your changes available to everyone else in the Android ecosystem.', 27, 1, 1382137188045, NULL, 0),
(69, 'Activity 301', 'Explore the Source Get the complete Android platform and modify and build it to suit your needs. You can also contribute to the Open Source Project to make your changes available to everyone else in the Android ecosystem.', 27, 2, 1382137243030, NULL, 0),
(70, 'Activity 107', 'Explore the Source Get the complete Android platform and modify and build it to suit your needs. You can also contribute to the Open Source Project to make your changes available to everyone else in the Android ecosystem.', 33, 4, 1382146778637, NULL, 0),
(71, 'Activity 108', 'Explore the Source Get the complete Android platform and modify and build it to suit your needs. You can also contribute to the Open Source Project to make your changes available to everyone else in the Android ecosystem.', 33, 5, 1382146796095, NULL, 0),
(72, 'Download the bloody thing', 'a description of that bloody thing', 37, 2, 1393719875559, NULL, NULL),
(73, 'Install the bloody thing', 'a description of the installation of that bloody thing', 37, 3, 1393719918987, NULL, NULL),
(74, 'Execute things inside the bloody thing', 'a description of the execution of pieces and bits of that bloody thing', 37, 4, 1393720004016, NULL, NULL),
(75, 'Step 1', 'description of step 1', 37, 1, 1393720626686, NULL, NULL),
(76, 'Step 2', 'description of step 2', 37, 5, 1393720729771, NULL, NULL),
(77, 'Step 3', 'description of step 3', 37, 7, 1393720757489, NULL, NULL),
(78, 'Activity One', '', 29, 1, 1393720830602, NULL, NULL),
(79, 'Activity Two', 'this one has a description', 29, 2, 1393720873367, NULL, NULL),
(80, 'Some first activity', 'some description here', 37, 6, 1393721061397, NULL, NULL),
(81, 'Dummy activity', 'dummy description here', 29, 6, 1393721117685, NULL, NULL),
(82, 'Stepping 1', 'Long description of the activity Stepping 1', 30, 1, 1393726726443, NULL, NULL),
(83, 'Stepping 2', 'Long description of the activity Stepping 2', 30, 2, 1393726749395, NULL, NULL),
(84, 'Stepping 3', 'Long description of the activity Stepping 3', 30, 3, 1393726771926, NULL, NULL),
(85, 'Stepping 4', 'Long description of the activity Stepping 4', 30, 4, 1393726795147, NULL, NULL),
(86, 'Generate Java Database objects', 'The generation of these classes is the first thing necessary in order to get access to the database via the JPA', 29, 3, 1393751335600, NULL, NULL),
(87, 'Generate Java Data Transfer Objects', 'These classes perform the function of transferring data between the cloud application and the mobile apps via packed or unpacked JSON', 29, 4, 1393751508495, NULL, NULL),
(88, 'Activity Three - step up the game!!', 'This activity is actually quite important', 29, 5, 1393757208709, NULL, NULL),
(89, 'Activity Testing final version of code', 'There could be a very long description of what this activity is about.', 28, 5, 1393757576931, NULL, NULL),
(90, 'Download MySQL developer tools', '', 38, 0, 1393771241057, NULL, NULL),
(91, 'Create data models using Workbench', '', 38, 0, 1393771303302, NULL, NULL),
(92, 'Download MySQL Database', '', 39, 0, 1393776565894, NULL, NULL),
(93, 'Download MySQL administrative tools', '', 39, 0, 1393776590775, NULL, NULL),
(94, 'Install MySQL and WAMP', '', 39, 0, 1393776632224, NULL, NULL),
(95, 'Isolate all the main CourseMaker entities', 'Understand the main entities driving the data architecture', 40, 2, 1393830203359, NULL, NULL),
(96, 'Suggest new CourseMaker entities', 'Understand the main entities driving the data architecture', 40, 3, 1393830238114, NULL, NULL),
(97, 'Create CourseMaker data model on your machine', 'Start the process of building a complex database', 40, 1, 1393830349685, NULL, NULL),
(98, 'Load countries and provinces', '', 41, 2, 1393832973980, NULL, NULL),
(99, 'Load help request types into database', '', 41, 3, 1393833020102, NULL, NULL),
(100, 'Load rating types into database', '', 41, 1, 1393833060538, NULL, NULL),
(101, 'Backup database', '', 41, 4, 1393833092728, NULL, NULL),
(102, 'Restore database', '', 41, 5, 1393833115571, NULL, NULL),
(103, 'Create personal Google developer account', '', 36, 1, 1393941292593, NULL, NULL),
(104, 'Create personal Google project', '', 36, 2, 1393941328009, NULL, NULL),
(105, 'Register mobile apps in account project', '', 36, 3, 1393941371498, NULL, NULL),
(106, 'Final activity 1001', '', 42, 3, 1394228479596, NULL, NULL),
(107, 'Final Activity 1002', 'No description available at the time of writing', 42, 2, 1394228537597, NULL, NULL),
(108, 'Final Activity 1003', '', 42, 1, 1394228561980, NULL, NULL),
(109, 'Get credit card', '', 43, 0, 1394413928213, NULL, NULL),
(110, 'Build sample app with action bar navigation', '', 46, 0, 1394542932684, NULL, NULL),
(111, 'Create a project with Eclipse', '', 48, 0, 1394638699311, NULL, NULL),
(112, 'Create a Project with Command line tools', '', 48, 0, 1394638767879, NULL, NULL),
(113, 'Netbeans IDE', 'Cover the basics of this important tool for building back end cloud based applications using the Java language. ', 4, 2, 1395274381801, NULL, NULL);

-- --------------------------------------------------------

--
-- Table structure for table `administrator`
--

CREATE TABLE IF NOT EXISTS `administrator` (
  `administratorID` int(10) unsigned NOT NULL AUTO_INCREMENT,
  `companyID` int(10) unsigned NOT NULL,
  `firstName` varchar(45) NOT NULL,
  `lastName` varchar(45) NOT NULL,
  `email` varchar(100) NOT NULL,
  `cellphone` varchar(45) NOT NULL,
  `password` varchar(45) NOT NULL,
  `dateRegistered` datetime NOT NULL,
  `activeFlag` int(11) DEFAULT NULL,
  `superUserFlag` int(11) DEFAULT NULL,
  `GCMRegistrationID` text,
  PRIMARY KEY (`administratorID`),
  UNIQUE KEY `index4` (`email`),
  KEY `ixtx00` (`companyID`),
  KEY `fktcx00` (`companyID`)
) ENGINE=InnoDB  DEFAULT CHARSET=latin1 AUTO_INCREMENT=23 ;

--
-- Dumping data for table `administrator`
--

INSERT INTO `administrator` (`administratorID`, `companyID`, `firstName`, `lastName`, `email`, `cellphone`, `password`, `dateRegistered`, `activeFlag`, `superUserFlag`, `GCMRegistrationID`) VALUES
(1, 1, 'Aubrey Vincent', 'Malabie', 'malengadev@gmail.com', '0712193543', 'kktiger3', '2013-10-11 15:04:50', NULL, 1, NULL),
(2, 1, 'Mixo F', 'Fortune', 'mixo.f@gmail.com', '0886565623', 'bngi$412', '2014-02-17 22:51:04', NULL, NULL, NULL),
(14, 25, 'Bernande Post', 'Dreesburg', 'malengatiger@gmail.com', '0856633', 'dev', '2014-02-26 22:12:28', NULL, 1, NULL),
(15, 25, 'Daniella', 'Administrata', 'admnidan@gmail.com', '0889796565', 'epcv$135', '2014-02-26 23:43:21', NULL, NULL, NULL),
(16, 25, 'Thuli', 'Madonsela', 'thuli.m@gmail.com', '0774444333', 'mbhv#863', '2014-02-27 08:43:33', NULL, NULL, NULL),
(17, 27, 'Aubrey', 'Malabie', 'aubrey@mlab.co.za', '0712193543', 'dev', '2014-02-27 13:52:37', NULL, 1, NULL),
(18, 28, 'Rulani', 'Nevhufumba', 'rulani@mlab.co.za', '0760940604', 'r123', '2014-03-12 10:04:00', NULL, NULL, NULL),
(21, 1, 'Obakeng', 'Matlhoko', 'obby.matlhoko@gmail.com', '0996663333', 'mcmy#354', '2014-03-18 13:11:30', NULL, NULL, NULL),
(22, 1, 'Mark', 'von Famous', 'aubrey.coursemaker@gmail.com', '0885552323', 'hyif@158', '2014-03-18 13:16:52', NULL, NULL, NULL);

-- --------------------------------------------------------

--
-- Table structure for table `attendance`
--

CREATE TABLE IF NOT EXISTS `attendance` (
  `attendanceID` int(10) unsigned NOT NULL AUTO_INCREMENT,
  `trainingClassID` int(10) unsigned NOT NULL,
  `checkInDate` datetime NOT NULL,
  `checkOutDate` datetime NOT NULL,
  `checkInLatitude` double DEFAULT NULL,
  `checkInLongitude` double DEFAULT NULL,
  `checkOutLatitude` double DEFAULT NULL,
  `checkOutLongitude` double DEFAULT NULL,
  `traineeID` int(10) unsigned NOT NULL,
  PRIMARY KEY (`attendanceID`),
  KEY `trainingClassID` (`trainingClassID`),
  KEY `traineeID` (`traineeID`)
) ENGINE=InnoDB DEFAULT CHARSET=latin1 AUTO_INCREMENT=1 ;

-- --------------------------------------------------------

--
-- Table structure for table `author`
--

CREATE TABLE IF NOT EXISTS `author` (
  `authorID` int(10) unsigned NOT NULL AUTO_INCREMENT,
  `firstName` varchar(45) DEFAULT NULL,
  `lastName` varchar(45) DEFAULT NULL,
  `email` varchar(100) DEFAULT NULL,
  `cellphone` varchar(45) DEFAULT NULL,
  `dateRegistered` datetime DEFAULT NULL,
  `companyID` int(10) unsigned DEFAULT NULL,
  `password` varchar(45) DEFAULT NULL,
  `activeFlag` int(11) DEFAULT NULL,
  `GCMRegistrationID` text,
  PRIMARY KEY (`authorID`),
  UNIQUE KEY `email` (`email`),
  KEY `index2` (`companyID`),
  KEY `fgcv` (`companyID`)
) ENGINE=InnoDB  DEFAULT CHARSET=latin1 AUTO_INCREMENT=19 ;

--
-- Dumping data for table `author`
--

INSERT INTO `author` (`authorID`, `firstName`, `lastName`, `email`, `cellphone`, `dateRegistered`, `companyID`, `password`, `activeFlag`, `GCMRegistrationID`) VALUES
(1, 'Aubrey St Vincent', 'Malabie', 'malengadev@gmail.com', '0712193543', '2013-10-11 15:04:50', 1, 'dev', NULL, NULL),
(2, 'Malenga Tiger', 'Maxakadzi', 'malengatiger@gmail.com', '0712193543', '2013-10-16 00:00:00', 1, 'vvdi$741', NULL, NULL),
(3, 'Jimmy', 'Smith', 'aubrey@mlab.co.za', '0829996363', '2014-01-29 11:24:53', 1, 'ruxl@873', NULL, NULL),
(7, 'Daniella', 'Chauke', 'aubrey.malabie@gmail.com', '0875556663', '2014-01-29 12:09:28', 1, 'dev', NULL, NULL),
(8, 'Rembrandt', 'Van Rijn', 'rembrandt.vr@gmail.com', '0774556321', '2014-02-17 09:28:50', 1, 'smrf#473', NULL, NULL),
(11, 'Wendy', 'Writer', 'wendyw@gmail.com', '0965583232', '2014-02-26 22:22:40', 25, 'cdlm$582', NULL, NULL),
(12, 'Johnny', 'Author', 'j.author@gmail.com', '0986635252', '2014-02-28 05:56:40', 27, 'eeuq#625', NULL, NULL),
(13, 'Rulani', 'Nevhufumba', 'rulani@mlab.co.za', '0760940604', '2014-03-12 10:10:31', 28, 'r123', NULL, NULL),
(15, 'Mixo', 'Ngoveni', '4otune@gmail.com', '0786312453', '2014-03-12 19:22:07', 28, NULL, NULL, NULL),
(16, 'Nomakhepu', 'Goniwe', 'noms.gon@@gmsil.com', '0885523366', '2014-03-19 10:45:52', 1, 'ivuy$385', NULL, NULL),
(17, 'Obakeng', 'Matlhoko', 'obby.matlhoko@gmail.com', '0844685723', '2014-03-25 14:50:46', 1, 'nyvh@444', NULL, NULL),
(18, 'Test 1.1', 'Test 1.1', 'author@gmail.com', '0824692536', '2014-04-01 00:07:24', 1, NULL, NULL, NULL);

-- --------------------------------------------------------

--
-- Table structure for table `category`
--

CREATE TABLE IF NOT EXISTS `category` (
  `categoryID` int(10) unsigned NOT NULL AUTO_INCREMENT,
  `categoryName` varchar(50) NOT NULL,
  `companyID` int(10) unsigned NOT NULL,
  `localID` bigint(20) DEFAULT NULL,
  `syncDate` datetime DEFAULT NULL,
  PRIMARY KEY (`categoryID`),
  UNIQUE KEY `idxs0` (`companyID`,`categoryName`),
  KEY `fks2` (`companyID`)
) ENGINE=InnoDB  DEFAULT CHARSET=latin1 AUTO_INCREMENT=15 ;

--
-- Dumping data for table `category`
--

INSERT INTO `category` (`categoryID`, `categoryName`, `companyID`, `localID`, `syncDate`) VALUES
(1, 'Android Development', 1, 1381496690874, NULL),
(2, 'Windows Phone Development', 1, 1381496690886, NULL),
(3, 'Database Development', 1, 1381496690878, NULL),
(4, 'Cloud Application Computing', 1, 1381496690867, NULL),
(5, 'Ubuntu Touch Development', 1, 1381496690894, NULL),
(6, 'Feature Phone Development optional', 1, 1381496690890, NULL),
(7, 'HTML5 App Development', 1, 1381496690882, NULL),
(9, 'Mobile Web Apps', 1, 1381565736508, NULL),
(10, 'Social Media Profile', 1, 1382120143883, NULL),
(11, 'Social Media Leverages', 1, 1382122356432, NULL),
(12, 'Test Category updated 1', 1, 1390994518790, NULL),
(13, 'Android', 28, 1394635870554, NULL),
(14, 'Test Ob 1', 1, 1396921203053, NULL);

-- --------------------------------------------------------

--
-- Table structure for table `city`
--

CREATE TABLE IF NOT EXISTS `city` (
  `cityID` int(10) unsigned NOT NULL AUTO_INCREMENT,
  `provinceID` int(10) unsigned DEFAULT NULL,
  `cityName` varchar(100) DEFAULT NULL,
  `latitude` double DEFAULT NULL,
  `longitude` double DEFAULT NULL,
  PRIMARY KEY (`cityID`),
  UNIQUE KEY `index3` (`provinceID`,`cityName`),
  KEY `ix550` (`provinceID`),
  KEY `fk550` (`provinceID`)
) ENGINE=InnoDB  DEFAULT CHARSET=latin1 AUTO_INCREMENT=285 ;

--
-- Dumping data for table `city`
--

INSERT INTO `city` (`cityID`, `provinceID`, `cityName`, `latitude`, `longitude`) VALUES
(1, 3, 'Tshwane Metro', NULL, NULL),
(2, 3, 'Centurion', NULL, NULL),
(3, 3, 'Johannesburg', NULL, NULL),
(8, 3, 'Sandton', NULL, NULL),
(9, 3, 'Randfontein', NULL, NULL),
(10, 3, 'Midrand', NULL, NULL),
(11, 3, 'Alexandra', NULL, NULL),
(12, 3, 'Roodepoort', NULL, NULL),
(13, 3, 'Alberton', NULL, NULL),
(14, 3, 'Germiston', NULL, NULL),
(15, 3, 'Benoni', NULL, NULL),
(16, 3, 'Boksburg', NULL, NULL),
(17, 3, 'Mamelodi', NULL, NULL),
(18, 3, 'Daveyton', NULL, NULL),
(19, 3, 'Ekurhuleni Metro', NULL, NULL),
(20, 3, 'Kempton Park', NULL, NULL),
(21, 3, 'Tembisa', NULL, NULL),
(22, 3, 'Olifantsfontein', NULL, NULL),
(23, 3, 'Ga-Rankuwa', NULL, NULL),
(24, 3, 'Vereeniging', NULL, NULL),
(25, 3, 'Sedibeng District ', NULL, NULL),
(26, 3, 'Mogale City', NULL, NULL),
(27, 3, 'Krugersdorp', NULL, NULL),
(28, 3, 'Soweto', NULL, NULL),
(29, 1, 'Capricorn', NULL, NULL),
(30, 1, 'Musina', NULL, NULL),
(31, 1, 'Mokopane', NULL, NULL),
(32, 1, 'Seshego', NULL, NULL),
(33, 1, 'Thohoyandou', NULL, NULL),
(34, 1, 'Tzaneen', NULL, NULL),
(35, 1, 'Vhembe District', NULL, NULL),
(36, 1, 'Polokwane', NULL, NULL),
(37, 1, 'Modimolle', NULL, NULL),
(38, 1, 'Dendron', NULL, NULL),
(39, 1, 'Louis Trichardt', NULL, NULL),
(40, 1, 'Bela-Bela', NULL, NULL),
(41, 1, 'Mopani District', NULL, NULL),
(42, 1, 'Mookgophong', NULL, NULL),
(43, 1, 'Thabazimbi', NULL, NULL),
(44, 1, 'Sekhukhune', NULL, NULL),
(45, 1, 'Zebedeila', NULL, NULL),
(46, 4, 'Amajuba', NULL, NULL),
(47, 4, 'Charlestown', NULL, NULL),
(48, 4, 'Hattingspruit', NULL, NULL),
(49, 4, 'Madadeni', NULL, NULL),
(50, 4, 'Newcastle', NULL, NULL),
(51, 4, 'Utrecht', NULL, NULL),
(52, 4, 'eThekwini', NULL, NULL),
(53, 4, 'Amanzimtoti', NULL, NULL),
(54, 4, 'Cato Ridge', NULL, NULL),
(55, 4, 'Doonside', NULL, NULL),
(56, 4, 'Drummond', NULL, NULL),
(57, 4, 'Durban', NULL, NULL),
(58, 4, 'ekuPhakameni', NULL, NULL),
(59, 4, 'Hillcrest', NULL, NULL),
(60, 4, 'Kloof\r\n', NULL, NULL),
(61, 4, 'KwaMashu\r\n', NULL, NULL),
(62, 4, 'Queensburgh', NULL, NULL),
(63, 4, 'Pinetown', NULL, NULL),
(64, 4, 'Umhlanga Rocks', NULL, NULL),
(65, 4, 'Umlazi', NULL, NULL),
(66, 4, 'Chatsworth', NULL, NULL),
(67, 4, 'Umgababa', NULL, NULL),
(70, 4, 'iLembe', NULL, NULL),
(71, 4, 'Sisonke', NULL, NULL),
(72, 4, 'Bulwer', NULL, NULL),
(73, 4, 'Cedarville', NULL, NULL),
(74, 4, 'Franklin', NULL, NULL),
(75, 4, 'Himeville', NULL, NULL),
(76, 4, 'Ixopo', NULL, NULL),
(77, 4, 'Kokstad', NULL, NULL),
(78, 4, 'Umzimkulu', NULL, NULL),
(79, 4, 'Matatiele', NULL, NULL),
(80, 4, 'Underberg', NULL, NULL),
(81, 4, 'Ugu', NULL, NULL),
(82, 4, 'Harding', NULL, NULL),
(83, 4, 'Palm Beach', NULL, NULL),
(84, 4, 'Port Edward', NULL, NULL),
(85, 4, 'Ifafa Beach', NULL, NULL),
(86, 4, 'Port Shepstone', NULL, NULL),
(87, 4, 'uMgungundlovu', NULL, NULL),
(88, 4, 'Pietermaritzburg', NULL, NULL),
(89, 4, 'UMkhanyakude', NULL, NULL),
(90, 4, 'Umzinyathi', NULL, NULL),
(91, 4, 'uThukela', NULL, NULL),
(92, 4, 'Ladysmith', NULL, NULL),
(93, 4, 'Elandslaagte', NULL, NULL),
(94, 4, 'Winterton', NULL, NULL),
(95, 4, 'Zululand', NULL, NULL),
(96, 4, 'Richards Bay', NULL, NULL),
(97, 4, 'Nongoma', NULL, NULL),
(98, 4, 'Louwsburg', NULL, NULL),
(99, 4, 'Ulundi', NULL, NULL),
(100, 4, 'Paulpietersburg', NULL, NULL),
(101, 5, 'Arlington', NULL, NULL),
(102, 5, 'Bethlehem', NULL, NULL),
(103, 5, 'Clarens', NULL, NULL),
(104, 5, 'Clocolan', NULL, NULL),
(105, 5, 'Cornelia', NULL, NULL),
(106, 5, 'Excelsior', NULL, NULL),
(107, 5, 'Harrismith', NULL, NULL),
(108, 5, 'Lejweleputswa', NULL, NULL),
(109, 5, 'Allanridge', NULL, NULL),
(110, 5, 'Brandfort', NULL, NULL),
(111, 5, 'Welkom\r\n', NULL, NULL),
(112, 5, 'Virginia', NULL, NULL),
(113, 5, 'Northern Free State', NULL, NULL),
(114, 5, 'Edenville', NULL, NULL),
(115, 5, 'Kroonstad', NULL, NULL),
(116, 5, 'Oranjeville', NULL, NULL),
(117, 5, 'Transgariep', NULL, NULL),
(118, 5, 'Bethulie', NULL, NULL),
(119, 5, 'Bloemfontein', NULL, NULL),
(120, 5, 'Botshabelo', NULL, NULL),
(121, 5, 'Koffiefontein', NULL, NULL),
(122, 5, 'Mangaung', NULL, NULL),
(123, 5, 'Thaba ''Nchu', NULL, NULL),
(124, 5, 'Zastron', NULL, NULL),
(125, 7, 'Amalia', NULL, NULL),
(126, 7, 'Bray', NULL, NULL),
(127, 7, 'Ganyesa', NULL, NULL),
(128, 7, 'Mareetsane', NULL, NULL),
(129, 7, 'Mothibastad', NULL, NULL),
(130, 7, 'Pampierstad', NULL, NULL),
(131, 7, 'Reivilo', NULL, NULL),
(132, 7, 'Schweizer-Reneke', NULL, NULL),
(133, 7, 'Babelegi', NULL, NULL),
(134, 7, 'Beestekraal', NULL, NULL),
(135, 7, 'Brits', NULL, NULL),
(136, 7, 'Broederstroom', NULL, NULL),
(137, 7, 'Ga-Rankuwa', NULL, NULL),
(138, 7, 'Hartbeespoort', NULL, NULL),
(139, 7, 'Kroondal', NULL, NULL),
(140, 7, 'Maanhaarrand', NULL, NULL),
(141, 7, 'Mabopane', NULL, NULL),
(142, 7, 'Magaliesburg', NULL, NULL),
(143, 7, 'Marikana', NULL, NULL),
(144, 7, 'Rustenburg', NULL, NULL),
(145, 7, 'Haartebeesfontien', NULL, NULL),
(146, 7, 'Mafikeng', NULL, NULL),
(147, 7, 'Mmabatho', NULL, NULL),
(148, 7, 'Bloemhof', NULL, NULL),
(149, 7, 'Klerksdorp', NULL, NULL),
(150, 7, 'Potchefstroom', NULL, NULL),
(151, 7, 'Ventersdorp', NULL, NULL),
(152, 7, 'Wolmaransstad', NULL, NULL),
(153, 6, 'Aankoms', NULL, NULL),
(154, 6, 'Acornhoek', NULL, NULL),
(155, 6, 'Amersfoort', NULL, NULL),
(156, 6, 'Amsterdam', NULL, NULL),
(157, 6, 'Gras and Wetlands', NULL, NULL),
(158, 6, 'Bushbuckridge', NULL, NULL),
(159, 6, 'Balfour', NULL, NULL),
(160, 6, 'Balmoral\r\n', NULL, NULL),
(161, 6, 'Barberton', NULL, NULL),
(162, 6, 'Carolina', NULL, NULL),
(163, 6, 'Diepdale', NULL, NULL),
(164, 6, 'Dullstroom', NULL, NULL),
(165, 6, 'Ermelo', NULL, NULL),
(166, 6, 'KwaMhlanga', NULL, NULL),
(167, 6, 'Hartebeesko', NULL, NULL),
(168, 6, 'eNtokozweni', NULL, NULL),
(169, 6, 'Malalane', NULL, NULL),
(170, 6, 'Marble Hall', NULL, NULL),
(171, 6, 'Middelburg', NULL, NULL),
(172, 6, 'Nelspruit', NULL, NULL),
(173, 6, 'Secunda', NULL, NULL),
(174, 6, 'Skukuza', NULL, NULL),
(175, 6, 'Standerton', NULL, NULL),
(176, 6, 'Trichardt', NULL, NULL),
(177, 6, 'Vaalbank', NULL, NULL),
(178, 6, 'Volksrust', NULL, NULL),
(179, 6, 'Wakkerstroom', NULL, NULL),
(180, 6, 'Waterval Boven', NULL, NULL),
(181, 6, 'Waterval Onder', NULL, NULL),
(182, 6, 'White River', NULL, NULL),
(183, 6, 'Witbank/eMalahleni', NULL, NULL),
(184, 2, 'Frances Baard ', NULL, NULL),
(185, 2, 'Barkly West', NULL, NULL),
(186, 2, 'Delportshoop', NULL, NULL),
(187, 2, 'Griquatown', NULL, NULL),
(188, 2, 'Jan Kempdorp', NULL, NULL),
(189, 2, 'Kimberley', NULL, NULL),
(190, 2, 'Modder River', NULL, NULL),
(191, 2, 'Warrenton', NULL, NULL),
(192, 2, 'ZF Mgcawu ', NULL, NULL),
(193, 2, 'Andriesvale', NULL, NULL),
(194, 2, 'Kanoneiland', NULL, NULL),
(195, 2, 'Olifantshoek', NULL, NULL),
(196, 2, 'Goodwood', NULL, NULL),
(197, 2, 'Cape Town', NULL, NULL),
(200, 2, 'Upington', NULL, NULL),
(201, 2, 'Hantam Karoo', NULL, NULL),
(202, 2, 'Brandvlei', NULL, NULL),
(203, 2, 'Calvinia', NULL, NULL),
(204, 2, 'Nieuwoudtville', NULL, NULL),
(205, 2, 'Van Wyksvlei', NULL, NULL),
(206, 2, 'John Taolo Gaetsewe ', NULL, NULL),
(207, 2, 'Beeshoek', NULL, NULL),
(208, 2, 'Black Rock', NULL, NULL),
(209, 2, 'Kuruman', NULL, NULL),
(210, 2, 'Van Zylsrus', NULL, NULL),
(211, 2, 'Namakwa ', NULL, NULL),
(212, 2, 'Aggeneys\r\n\r\n', NULL, NULL),
(213, 2, 'Alexander Bay', NULL, NULL),
(214, 2, 'Gordon''s Bay', NULL, NULL),
(215, 2, 'Hondeklip', NULL, NULL),
(216, 2, 'Port Nolloth', NULL, NULL),
(217, 2, 'Springbok', NULL, NULL),
(218, 2, 'Pixley ka Seme ', NULL, NULL),
(219, 2, 'Guguletu', NULL, NULL),
(220, 2, 'Fish Hoek', NULL, NULL),
(221, 2, 'Colesberg\r\n\r\n', NULL, NULL),
(222, 2, 'Hopetown', NULL, NULL),
(223, 2, 'Khayelitsha', NULL, NULL),
(226, 2, 'Simon''s Town', NULL, NULL),
(227, 2, 'Southern Suburbs', NULL, NULL),
(228, 2, 'West Coast', NULL, NULL),
(229, 2, 'Chatsworth', NULL, NULL),
(230, 2, 'Grotto Bay', NULL, NULL),
(231, 2, 'Lamberts Bay', NULL, NULL),
(232, 2, 'Riebeek-Kasteel\r\n\r\n', NULL, NULL),
(233, 2, 'Riebeek West', NULL, NULL),
(234, 8, 'Cape Winelands District', NULL, NULL),
(235, 8, 'Ashton', NULL, NULL),
(236, 8, 'Bonnievale', NULL, NULL),
(237, 8, 'Denneburg', NULL, NULL),
(238, 8, 'Franschhoek', NULL, NULL),
(239, 8, 'Op-die-Berg', NULL, NULL),
(240, 8, 'Stellenbosch', NULL, NULL),
(241, 8, 'Wellington', NULL, NULL),
(242, 8, 'Wemmershoek', NULL, NULL),
(243, 8, 'Worcester', NULL, NULL),
(244, 8, 'Overberg District ', NULL, NULL),
(245, 8, 'Arniston', NULL, NULL),
(246, 8, 'Baardskeerdersbos', NULL, NULL),
(247, 8, 'Betty''s Bay', NULL, NULL),
(248, 8, 'Bredasdorp', NULL, NULL),
(249, 8, 'Villiersdorp', NULL, NULL),
(250, 8, 'Pearly Beach\r\n\r\n', NULL, NULL),
(251, 8, 'Pringle Bay', NULL, NULL),
(252, 8, 'George', NULL, NULL),
(253, 8, 'Knysna', NULL, NULL),
(254, 8, 'Mossel Bay', NULL, NULL),
(255, 8, 'Ladismith', NULL, NULL),
(256, 8, 'Plettenberg Bay', NULL, NULL),
(257, 8, 'Victoria Bay', NULL, NULL),
(258, 8, 'Central Karoo District ', NULL, NULL),
(259, 8, 'Beaufort West', NULL, NULL),
(260, 8, 'Murraysburg\r\n', NULL, NULL),
(261, 8, 'Nelspoort', NULL, NULL),
(262, 9, 'Adelaide', NULL, NULL),
(263, 9, 'Bhisho', NULL, NULL),
(264, 9, 'King William''s Town', NULL, NULL),
(265, 9, 'Mdantsane', NULL, NULL),
(266, 9, 'East London ', NULL, NULL),
(267, 9, 'Humansdorp', NULL, NULL),
(268, 9, 'Queenstown', NULL, NULL),
(269, 9, 'St Francis Bay', NULL, NULL),
(270, 9, 'Grahamstown', NULL, NULL),
(271, 9, 'Middelburg', NULL, NULL),
(272, 9, 'Port Elizabeth ', NULL, NULL),
(273, 9, 'Coffee Bay', NULL, NULL),
(274, 9, 'Mthatha', NULL, NULL),
(275, 9, 'Port St Johns', NULL, NULL),
(276, 9, 'Alice', NULL, NULL),
(277, 3, 'Pretoria', NULL, NULL),
(278, 3, 'Soshanguve', NULL, NULL),
(279, 3, 'Springs', NULL, NULL),
(280, 3, 'Sebokeng', NULL, NULL),
(283, 3, 'Vanderbijlpark', NULL, NULL),
(284, 3, 'Lenasia', NULL, NULL);

-- --------------------------------------------------------

--
-- Table structure for table `company`
--

CREATE TABLE IF NOT EXISTS `company` (
  `companyID` int(10) unsigned NOT NULL AUTO_INCREMENT,
  `companyName` varchar(100) NOT NULL,
  `email` varchar(100) DEFAULT NULL,
  `dateRegistered` datetime NOT NULL,
  `cityID` int(10) unsigned DEFAULT NULL,
  PRIMARY KEY (`companyID`),
  UNIQUE KEY `index4` (`cityID`,`companyName`),
  KEY `ixb01` (`cityID`),
  KEY `fkb01` (`cityID`)
) ENGINE=InnoDB  DEFAULT CHARSET=latin1 AUTO_INCREMENT=29 ;

--
-- Dumping data for table `company`
--

INSERT INTO `company` (`companyID`, `companyName`, `email`, `dateRegistered`, `cityID`) VALUES
(1, 'Boha Hacker Academy', 'malengadev@gmail.com', '2013-10-11 15:04:50', 1),
(25, 'Bernie Hackers', 'malengatiger@gmail.com', '2014-02-26 22:12:28', 2),
(27, 'CodeTribe Academy', 'aubrey@mlab.co.za', '2014-02-27 13:52:37', 2),
(28, 'Rulani Group', 'rulani@mlab.co.za', '2014-03-12 10:02:00', 2);

-- --------------------------------------------------------

--
-- Table structure for table `country`
--

CREATE TABLE IF NOT EXISTS `country` (
  `countryID` int(10) unsigned NOT NULL AUTO_INCREMENT,
  `countryName` varchar(100) DEFAULT NULL,
  `latitude` double DEFAULT NULL,
  `longitude` double DEFAULT NULL,
  `countryCode` varchar(10) DEFAULT NULL,
  PRIMARY KEY (`countryID`),
  UNIQUE KEY `index2` (`countryName`)
) ENGINE=InnoDB  DEFAULT CHARSET=latin1 AUTO_INCREMENT=6 ;

--
-- Dumping data for table `country`
--

INSERT INTO `country` (`countryID`, `countryName`, `latitude`, `longitude`, `countryCode`) VALUES
(1, 'Mozambique', NULL, NULL, 'MZ'),
(2, 'Zimbabwe', NULL, NULL, 'ZW'),
(3, 'South Africa', NULL, NULL, 'ZA'),
(4, 'Namibia', NULL, NULL, 'NA'),
(5, 'Zambia', NULL, NULL, 'ZM');

-- --------------------------------------------------------

--
-- Table structure for table `course`
--

CREATE TABLE IF NOT EXISTS `course` (
  `courseID` int(10) unsigned NOT NULL AUTO_INCREMENT,
  `companyID` int(10) unsigned NOT NULL,
  `dateUpdated` datetime NOT NULL,
  `activeFlag` int(11) DEFAULT NULL,
  `categoryID` int(10) unsigned DEFAULT NULL,
  `courseName` varchar(255) DEFAULT NULL,
  `description` text,
  `shareFlag` int(11) DEFAULT NULL,
  `localID` bigint(20) DEFAULT NULL,
  `syncDate` datetime DEFAULT NULL,
  PRIMARY KEY (`courseID`),
  UNIQUE KEY `index6aa` (`companyID`,`courseName`),
  KEY `ixd90` (`companyID`),
  KEY `fkd90` (`companyID`),
  KEY `index4` (`categoryID`),
  KEY `fkd91` (`categoryID`)
) ENGINE=InnoDB  DEFAULT CHARSET=latin1 AUTO_INCREMENT=23 ;

--
-- Dumping data for table `course`
--

INSERT INTO `course` (`courseID`, `companyID`, `dateUpdated`, `activeFlag`, `categoryID`, `courseName`, `description`, `shareFlag`, `localID`, `syncDate`) VALUES
(2, 1, '2013-10-11 21:06:33', NULL, 1, 'Development Tools Setup', 'This course unit prepares the trainee''s development machine and introduces the trainees to the environment and the frameworks available on local servers as well as on the Net. It is quite important that the tasks and activities be completed successfully. Progress will be significantly hindered if the tools are not set up right.', NULL, 1381518393425, NULL),
(3, 1, '2013-10-11 23:45:51', NULL, 1, 'User interface design', 'Beauty is more than skin deep. Android apps are sleek and aesthetically pleasing on multiple levels. Transitions are fast and clear; layout and typography are crisp and meaningful. App icons are works of art in their own right. Just like a well-made tool, your app should strive to combine beauty, simplicity and purpose to create a magical experience that is effortless and powerful.', NULL, 1381527953497, NULL),
(4, 1, '2013-10-12 01:12:08', NULL, 1, 'Location Dependent Apps', 'Beauty is more than skin deep. Android apps are sleek and aesthetically pleasing on multiple levels. Transitions are fast and clear; layout and typography are crisp and meaningful. App icons are works of art in their own right. Just like a well-made tool, your app should strive to combine beauty, simplicity and purpose to create a magical experience that is effortless and powerful.', NULL, 1381533130216, NULL),
(5, 1, '2013-10-12 01:15:24', NULL, 1, 'SQLite and Offline Operations', 'Beauty is more than skin deep. Android apps are sleek and aesthetically pleasing on multiple levels. Transitions are fast and clear; layout and typography are crisp and meaningful. App icons are works of art in their own right. Just like a well-made tool, your app should strive to combine beauty, simplicity and purpose to create a magical experience that is effortless and powerful.', NULL, 1381533326332, NULL),
(6, 1, '2013-10-12 10:28:47', NULL, 4, 'Amazon Web Services AWS', 'Android apps make life easier and are easy to understand. When people use your app for the first time, they should intuitively grasp the most important features. The design work doesn''t stop at the first use, though. Android apps remove ongoing chores like file management and syncing. Simple tasks never require complex procedures, and complex tasks are tailored to the human hand and mind. People of all ages and cultures feel firmly in control, and are never overwhelmed by too many choices or irrelevant flash.', NULL, 1381566529256, NULL),
(7, 1, '2013-10-12 10:29:27', NULL, 4, 'Microsoft Azure', 'Android apps make life easier and are easy to understand. When people use your app for the first time, they should intuitively grasp the most important features. The design work doesn''t stop at the first use, though. Android apps remove ongoing chores like file management and syncing. Simple tasks never require complex procedures, and complex tasks are tailored to the human hand and mind. People of all ages and cultures feel firmly in control, and are never overwhelmed by too many choices or irrelevant flash.', NULL, 1381566569532, NULL),
(8, 1, '2013-10-12 10:30:15', NULL, 4, 'Google Cloud Platform', 'Android apps make life easier and are easy to understand. When people use your app for the first time, they should intuitively grasp the most important features. The design work doesn''t stop at the first use, though. Android apps remove ongoing chores like file management and syncing. Simple tasks never require complex procedures, and complex tasks are tailored to the human hand and mind. People of all ages and cultures feel firmly in control, and are never overwhelmed by too many choices or irrelevant flash.', NULL, 1381566617225, NULL),
(9, 1, '2013-10-15 22:29:11', NULL, 4, 'BohaTMX Back End Platform Concepts', 'Android apps make life easier and are easy to understand. When people use your app for the first time, they should intuitively grasp the most important features. The design work doesn''t stop at the first use, though. Android apps remove ongoing chores like file management and syncing. Simple tasks never require complex procedures, and complex tasks are tailored to the human hand and mind. People of all ages and cultures feel firmly in control, and are never overwhelmed by too many choices or irrelevant flash.', NULL, 1381566701338, NULL),
(10, 1, '2013-10-12 14:33:50', NULL, 4, 'Cloud Performance Monitoring and Configuration', 'Real objects are more fun than buttons and menus\n\nAllow people to directly touch and manipulate objects in your app. It reduces the cognitive effort needed to perform a task while making it more emotionally satisfying.', NULL, 1381581232703, NULL),
(14, 1, '2014-03-02 16:38:20', NULL, 3, 'Data Models', 'Data modelling is the foundation for working with all kinds of data sets. The modelling process helps you understand your business or project and the data needed to support the initiative.', NULL, 1393771096056, NULL),
(15, 1, '2014-03-02 18:07:17', NULL, 3, 'MySQL Database', 'The course will use MySQL for most database operations', NULL, 1393776436771, NULL),
(16, 1, '2014-03-03 08:59:31', NULL, 3, 'CourseMaker Data Model', 'The data model for the CourseMaker forms the basis of all the data managed by the suite of mobile apps and the web application hosted in the cloud.', NULL, 1393829969603, NULL),
(17, 28, '2014-03-12 16:54:02', NULL, 13, 'Getting Started', 'Welcome to training for Android developers', NULL, NULL, NULL),
(18, 28, '2014-03-12 16:55:03', NULL, 13, 'Building your first app', 'Welcome to Android application development', NULL, NULL, NULL),
(19, 28, '2014-03-12 16:57:45', NULL, 13, 'Adding Action Bar', 'the action bar Is one of the most ', NULL, NULL, NULL),
(20, 28, '2014-03-12 17:15:51', NULL, 13, 'Building  your Fisrt App', 'This course teaches you how to build your first Android app. You''ll learn how to create and Android an Android project and run a debuggable version of the app.', NULL, NULL, NULL),
(21, 28, '2014-03-12 17:24:15', NULL, 13, 'Supporting Different Devices', 'This course teaches you how to use basic platform features that leverage alternative resources and other features so your app can provide an optimized user experience on variety of android-compatible devices, using a single application package (APK).', NULL, NULL, NULL),
(22, 1, '2014-04-08 03:46:07', NULL, 14, 'Test Ob 2', 'Test case from Ob 2', NULL, NULL, NULL);

-- --------------------------------------------------------

--
-- Table structure for table `courseAuthor`
--

CREATE TABLE IF NOT EXISTS `courseAuthor` (
  `courseAuthorID` int(10) unsigned NOT NULL AUTO_INCREMENT,
  `courseID` int(10) unsigned NOT NULL,
  `authorID` int(10) unsigned NOT NULL,
  `dateUpdated` datetime NOT NULL,
  PRIMARY KEY (`courseAuthorID`),
  UNIQUE KEY `index6` (`courseID`,`authorID`),
  KEY `zx77` (`courseID`),
  KEY `fk78` (`authorID`),
  KEY `index5` (`authorID`),
  KEY `fk7878` (`courseID`)
) ENGINE=InnoDB  DEFAULT CHARSET=latin1 AUTO_INCREMENT=24 ;

--
-- Dumping data for table `courseAuthor`
--

INSERT INTO `courseAuthor` (`courseAuthorID`, `courseID`, `authorID`, `dateUpdated`) VALUES
(2, 2, 1, '2013-10-11 21:06:34'),
(3, 3, 1, '2013-10-11 23:45:52'),
(4, 4, 1, '2013-10-12 01:12:09'),
(5, 5, 1, '2013-10-12 01:15:24'),
(6, 6, 1, '2013-10-12 10:28:47'),
(7, 7, 1, '2013-10-12 10:29:27'),
(8, 8, 1, '2013-10-12 10:30:15'),
(9, 9, 1, '2013-10-12 10:31:39'),
(10, 10, 1, '2013-10-12 14:33:51'),
(15, 14, 1, '2014-03-02 16:38:20'),
(16, 15, 1, '2014-03-02 18:07:18'),
(17, 16, 1, '2014-03-03 08:59:31'),
(18, 17, 13, '2014-03-12 16:54:02'),
(19, 18, 13, '2014-03-12 16:55:03'),
(20, 19, 13, '2014-03-12 16:57:45'),
(21, 20, 13, '2014-03-12 17:15:51'),
(22, 21, 13, '2014-03-12 17:24:15'),
(23, 22, 17, '2014-04-08 03:46:07');

-- --------------------------------------------------------

--
-- Table structure for table `courseTrainee`
--

CREATE TABLE IF NOT EXISTS `courseTrainee` (
  `courseTraineeID` int(10) unsigned NOT NULL AUTO_INCREMENT,
  `trainingClassCourseID` int(10) unsigned NOT NULL,
  `traineeID` int(10) unsigned NOT NULL,
  `dateEnrolled` datetime NOT NULL,
  `ratingID` int(10) unsigned DEFAULT NULL,
  `ratingDate` datetime DEFAULT NULL,
  `comment` text,
  PRIMARY KEY (`courseTraineeID`),
  UNIQUE KEY `ix016` (`trainingClassCourseID`,`traineeID`),
  KEY `ix012` (`trainingClassCourseID`),
  KEY `ix013` (`traineeID`),
  KEY `fk012` (`trainingClassCourseID`),
  KEY `fk014` (`traineeID`),
  KEY `ix015` (`dateEnrolled`),
  KEY `ix014` (`ratingID`),
  KEY `fk015` (`ratingID`)
) ENGINE=InnoDB  DEFAULT CHARSET=latin1 AUTO_INCREMENT=791 ;

--
-- Dumping data for table `courseTrainee`
--

INSERT INTO `courseTrainee` (`courseTraineeID`, `trainingClassCourseID`, `traineeID`, `dateEnrolled`, `ratingID`, `ratingDate`, `comment`) VALUES
(201, 5, 25, '2013-10-21 15:37:50', NULL, NULL, NULL),
(202, 8, 25, '2013-10-21 15:37:51', NULL, NULL, NULL),
(203, 9, 25, '2013-10-21 15:37:51', NULL, NULL, NULL),
(205, 1, 25, '2013-10-21 15:37:51', NULL, NULL, NULL),
(206, 7, 25, '2013-10-21 15:37:51', NULL, NULL, NULL),
(207, 3, 25, '2013-10-21 15:37:51', NULL, NULL, NULL),
(208, 6, 25, '2013-10-21 15:37:52', NULL, NULL, NULL),
(209, 4, 25, '2013-10-21 15:37:52', NULL, NULL, NULL),
(210, 2, 25, '2013-10-21 15:37:52', NULL, NULL, NULL),
(211, 1, 86, '2013-10-24 01:44:57', NULL, NULL, NULL),
(212, 2, 86, '2013-10-24 01:44:58', NULL, NULL, NULL),
(213, 3, 86, '2013-10-24 01:44:58', NULL, NULL, NULL),
(214, 4, 86, '2013-10-24 01:44:58', NULL, NULL, NULL),
(215, 5, 86, '2013-10-24 01:44:58', NULL, NULL, NULL),
(216, 6, 86, '2013-10-24 01:45:01', NULL, NULL, NULL),
(217, 7, 86, '2013-10-24 01:45:01', NULL, NULL, NULL),
(218, 8, 86, '2013-10-24 01:45:01', NULL, NULL, NULL),
(219, 9, 86, '2013-10-24 01:45:02', NULL, NULL, NULL),
(221, 1, 87, '2013-10-24 01:45:02', NULL, NULL, NULL),
(222, 2, 87, '2013-10-24 01:45:02', NULL, NULL, NULL),
(223, 3, 87, '2013-10-24 01:45:02', NULL, NULL, NULL),
(224, 4, 87, '2013-10-24 01:45:02', NULL, NULL, NULL),
(225, 5, 87, '2013-10-24 01:45:02', NULL, NULL, NULL),
(226, 6, 87, '2013-10-24 01:45:03', NULL, NULL, NULL),
(227, 7, 87, '2013-10-24 01:45:03', NULL, NULL, NULL),
(228, 8, 87, '2013-10-24 01:45:03', NULL, NULL, NULL),
(229, 9, 87, '2013-10-24 01:45:03', NULL, NULL, NULL),
(231, 1, 88, '2013-10-24 01:45:03', NULL, NULL, NULL),
(232, 2, 88, '2013-10-24 01:45:03', NULL, NULL, NULL),
(233, 3, 88, '2013-10-24 01:45:03', NULL, NULL, NULL),
(234, 4, 88, '2013-10-24 01:45:03', NULL, NULL, NULL),
(235, 5, 88, '2013-10-24 01:45:03', NULL, NULL, NULL),
(236, 6, 88, '2013-10-24 01:45:04', NULL, NULL, NULL),
(237, 7, 88, '2013-10-24 01:45:04', NULL, NULL, NULL),
(238, 8, 88, '2013-10-24 01:45:04', NULL, NULL, NULL),
(239, 9, 88, '2013-10-24 01:45:04', NULL, NULL, NULL),
(241, 1, 89, '2013-10-24 01:45:04', NULL, NULL, NULL),
(242, 2, 89, '2013-10-24 01:45:04', NULL, NULL, NULL),
(243, 3, 89, '2013-10-24 01:45:04', NULL, NULL, NULL),
(244, 4, 89, '2013-10-24 01:45:04', NULL, NULL, NULL),
(245, 5, 89, '2013-10-24 01:45:04', NULL, NULL, NULL),
(246, 6, 89, '2013-10-24 01:45:04', NULL, NULL, NULL),
(247, 7, 89, '2013-10-24 01:45:04', NULL, NULL, NULL),
(248, 8, 89, '2013-10-24 01:45:04', NULL, NULL, NULL),
(249, 9, 89, '2013-10-24 01:45:04', NULL, NULL, NULL),
(251, 1, 90, '2013-10-24 01:45:04', NULL, NULL, NULL),
(252, 2, 90, '2013-10-24 01:45:04', NULL, NULL, NULL),
(253, 3, 90, '2013-10-24 01:45:04', NULL, NULL, NULL),
(254, 4, 90, '2013-10-24 01:45:04', NULL, NULL, NULL),
(255, 5, 90, '2013-10-24 01:45:04', NULL, NULL, NULL),
(256, 6, 90, '2013-10-24 01:45:04', NULL, NULL, NULL),
(257, 7, 90, '2013-10-24 01:45:04', NULL, NULL, NULL),
(258, 8, 90, '2013-10-24 01:45:05', NULL, NULL, NULL),
(259, 9, 90, '2013-10-24 01:45:05', NULL, NULL, NULL),
(261, 1, 91, '2013-10-24 01:45:05', NULL, NULL, NULL),
(262, 2, 91, '2013-10-24 01:45:05', NULL, NULL, NULL),
(263, 3, 91, '2013-10-24 01:45:05', NULL, NULL, NULL),
(264, 4, 91, '2013-10-24 01:45:05', NULL, NULL, NULL),
(265, 5, 91, '2013-10-24 01:45:05', NULL, NULL, NULL),
(266, 6, 91, '2013-10-24 01:45:05', NULL, NULL, NULL),
(267, 7, 91, '2013-10-24 01:45:05', NULL, NULL, NULL),
(268, 8, 91, '2013-10-24 01:45:05', NULL, NULL, NULL),
(269, 9, 91, '2013-10-24 01:45:05', NULL, NULL, NULL),
(271, 1, 92, '2013-10-24 01:45:05', NULL, NULL, NULL),
(272, 2, 92, '2013-10-24 01:45:05', NULL, NULL, NULL),
(273, 3, 92, '2013-10-24 01:45:05', NULL, NULL, NULL),
(274, 4, 92, '2013-10-24 01:45:05', NULL, NULL, NULL),
(275, 5, 92, '2013-10-24 01:45:05', NULL, NULL, NULL),
(276, 6, 92, '2013-10-24 01:45:05', NULL, NULL, NULL),
(277, 7, 92, '2013-10-24 01:45:05', NULL, NULL, NULL),
(278, 8, 92, '2013-10-24 01:45:05', NULL, NULL, NULL),
(279, 9, 92, '2013-10-24 01:45:05', NULL, NULL, NULL),
(281, 1, 93, '2013-10-24 01:45:06', NULL, NULL, NULL),
(282, 2, 93, '2013-10-24 01:45:06', NULL, NULL, NULL),
(283, 3, 93, '2013-10-24 01:45:06', NULL, NULL, NULL),
(284, 4, 93, '2013-10-24 01:45:06', NULL, NULL, NULL),
(285, 5, 93, '2013-10-24 01:45:06', NULL, NULL, NULL),
(286, 6, 93, '2013-10-24 01:45:06', NULL, NULL, NULL),
(287, 7, 93, '2013-10-24 01:45:06', NULL, NULL, NULL),
(288, 8, 93, '2013-10-24 01:45:06', NULL, NULL, NULL),
(289, 9, 93, '2013-10-24 01:45:06', NULL, NULL, NULL),
(291, 1, 94, '2013-10-24 01:45:06', NULL, NULL, NULL),
(292, 2, 94, '2013-10-24 01:45:06', NULL, NULL, NULL),
(293, 3, 94, '2013-10-24 01:45:06', NULL, NULL, NULL),
(294, 4, 94, '2013-10-24 01:45:06', NULL, NULL, NULL),
(295, 5, 94, '2013-10-24 01:45:06', NULL, NULL, NULL),
(296, 6, 94, '2013-10-24 01:45:07', NULL, NULL, NULL),
(297, 7, 94, '2013-10-24 01:45:07', NULL, NULL, NULL),
(298, 8, 94, '2013-10-24 01:45:07', NULL, NULL, NULL),
(299, 9, 94, '2013-10-24 01:45:07', NULL, NULL, NULL),
(301, 1, 95, '2013-10-24 01:45:07', NULL, NULL, NULL),
(302, 2, 95, '2013-10-24 01:45:07', NULL, NULL, NULL),
(303, 3, 95, '2013-10-24 01:45:07', NULL, NULL, NULL),
(304, 4, 95, '2013-10-24 01:45:07', NULL, NULL, NULL),
(305, 5, 95, '2013-10-24 01:45:07', NULL, NULL, NULL),
(306, 6, 95, '2013-10-24 01:45:07', NULL, NULL, NULL),
(307, 7, 95, '2013-10-24 01:45:07', NULL, NULL, NULL),
(308, 8, 95, '2013-10-24 01:45:07', NULL, NULL, NULL),
(309, 9, 95, '2013-10-24 01:45:08', NULL, NULL, NULL),
(311, 1, 96, '2013-10-24 01:45:08', NULL, NULL, NULL),
(312, 2, 96, '2013-10-24 01:45:08', NULL, NULL, NULL),
(313, 3, 96, '2013-10-24 01:45:08', NULL, NULL, NULL),
(314, 4, 96, '2013-10-24 01:45:08', NULL, NULL, NULL),
(315, 5, 96, '2013-10-24 01:45:08', NULL, NULL, NULL),
(316, 6, 96, '2013-10-24 01:45:08', NULL, NULL, NULL),
(317, 7, 96, '2013-10-24 01:45:08', NULL, NULL, NULL),
(318, 8, 96, '2013-10-24 01:45:08', NULL, NULL, NULL),
(319, 9, 96, '2013-10-24 01:45:08', NULL, NULL, NULL),
(321, 1, 97, '2013-10-24 01:45:08', NULL, NULL, NULL),
(322, 2, 97, '2013-10-24 01:45:08', NULL, NULL, NULL),
(323, 3, 97, '2013-10-24 01:45:08', NULL, NULL, NULL),
(324, 4, 97, '2013-10-24 01:45:08', NULL, NULL, NULL),
(325, 5, 97, '2013-10-24 01:45:09', NULL, NULL, NULL),
(326, 6, 97, '2013-10-24 01:45:09', NULL, NULL, NULL),
(327, 7, 97, '2013-10-24 01:45:09', NULL, NULL, NULL),
(328, 8, 97, '2013-10-24 01:45:09', NULL, NULL, NULL),
(329, 9, 97, '2013-10-24 01:45:09', NULL, NULL, NULL),
(331, 1, 98, '2013-10-24 01:45:09', NULL, NULL, NULL),
(332, 2, 98, '2013-10-24 01:45:09', NULL, NULL, NULL),
(333, 3, 98, '2013-10-24 01:45:09', NULL, NULL, NULL),
(334, 4, 98, '2013-10-24 01:45:09', NULL, NULL, NULL),
(335, 5, 98, '2013-10-24 01:45:09', NULL, NULL, NULL),
(336, 6, 98, '2013-10-24 01:45:09', NULL, NULL, NULL),
(337, 7, 98, '2013-10-24 01:45:09', NULL, NULL, NULL),
(338, 8, 98, '2013-10-24 01:45:09', NULL, NULL, NULL),
(339, 9, 98, '2013-10-24 01:45:09', NULL, NULL, NULL),
(341, 1, 99, '2013-10-24 01:45:10', NULL, NULL, NULL),
(342, 2, 99, '2013-10-24 01:45:10', NULL, NULL, NULL),
(343, 3, 99, '2013-10-24 01:45:10', NULL, NULL, NULL),
(344, 4, 99, '2013-10-24 01:45:10', NULL, NULL, NULL),
(345, 5, 99, '2013-10-24 01:45:10', NULL, NULL, NULL),
(346, 6, 99, '2013-10-24 01:45:10', NULL, NULL, NULL),
(347, 7, 99, '2013-10-24 01:45:10', NULL, NULL, NULL),
(348, 8, 99, '2013-10-24 01:45:10', NULL, NULL, NULL),
(349, 9, 99, '2013-10-24 01:45:10', NULL, NULL, NULL),
(351, 12, 100, '2013-10-24 02:05:23', NULL, NULL, NULL),
(352, 13, 100, '2013-10-24 02:05:24', NULL, NULL, NULL),
(353, 14, 100, '2013-10-24 02:05:24', NULL, NULL, NULL),
(354, 15, 100, '2013-10-24 02:05:24', NULL, NULL, NULL),
(355, 16, 100, '2013-10-24 02:05:24', NULL, NULL, NULL),
(356, 17, 100, '2013-10-24 02:05:25', NULL, NULL, NULL),
(357, 18, 100, '2013-10-24 02:05:25', NULL, NULL, NULL),
(358, 19, 100, '2013-10-24 02:05:25', NULL, NULL, NULL),
(359, 20, 100, '2013-10-24 02:05:25', NULL, NULL, NULL),
(361, 12, 101, '2013-10-24 02:05:25', NULL, NULL, NULL),
(362, 13, 101, '2013-10-24 02:05:25', NULL, NULL, NULL),
(363, 14, 101, '2013-10-24 02:05:25', NULL, NULL, NULL),
(364, 15, 101, '2013-10-24 02:05:25', NULL, NULL, NULL),
(365, 16, 101, '2013-10-24 02:05:25', NULL, NULL, NULL),
(366, 17, 101, '2013-10-24 02:05:26', NULL, NULL, NULL),
(367, 18, 101, '2013-10-24 02:05:26', NULL, NULL, NULL),
(368, 19, 101, '2013-10-24 02:05:26', NULL, NULL, NULL),
(369, 20, 101, '2013-10-24 02:05:26', NULL, NULL, NULL),
(371, 12, 102, '2013-10-24 02:05:26', NULL, NULL, NULL),
(372, 13, 102, '2013-10-24 02:05:26', NULL, NULL, NULL),
(373, 14, 102, '2013-10-24 02:05:26', NULL, NULL, NULL),
(374, 15, 102, '2013-10-24 02:05:26', NULL, NULL, NULL),
(375, 16, 102, '2013-10-24 02:05:26', NULL, NULL, NULL),
(376, 17, 102, '2013-10-24 02:05:27', NULL, NULL, NULL),
(377, 18, 102, '2013-10-24 02:05:27', NULL, NULL, NULL),
(378, 19, 102, '2013-10-24 02:05:27', NULL, NULL, NULL),
(379, 20, 102, '2013-10-24 02:05:27', NULL, NULL, NULL),
(381, 12, 103, '2013-10-24 02:05:27', NULL, NULL, NULL),
(382, 13, 103, '2013-10-24 02:05:27', NULL, NULL, NULL),
(383, 14, 103, '2013-10-24 02:05:27', NULL, NULL, NULL),
(384, 15, 103, '2013-10-24 02:05:27', NULL, NULL, NULL),
(385, 16, 103, '2013-10-24 02:05:27', NULL, NULL, NULL),
(386, 17, 103, '2013-10-24 02:05:27', NULL, NULL, NULL),
(387, 18, 103, '2013-10-24 02:05:27', NULL, NULL, NULL),
(388, 19, 103, '2013-10-24 02:05:27', NULL, NULL, NULL),
(389, 20, 103, '2013-10-24 02:05:28', NULL, NULL, NULL),
(391, 12, 104, '2013-10-24 02:05:28', NULL, NULL, NULL),
(392, 13, 104, '2013-10-24 02:05:28', NULL, NULL, NULL),
(393, 14, 104, '2013-10-24 02:05:28', NULL, NULL, NULL),
(394, 15, 104, '2013-10-24 02:05:28', NULL, NULL, NULL),
(395, 16, 104, '2013-10-24 02:05:28', NULL, NULL, NULL),
(396, 17, 104, '2013-10-24 02:05:28', NULL, NULL, NULL),
(397, 18, 104, '2013-10-24 02:05:28', NULL, NULL, NULL),
(398, 19, 104, '2013-10-24 02:05:28', NULL, NULL, NULL),
(399, 20, 104, '2013-10-24 02:05:28', NULL, NULL, NULL),
(401, 12, 105, '2013-10-24 02:05:29', NULL, NULL, NULL),
(402, 13, 105, '2013-10-24 02:05:29', NULL, NULL, NULL),
(403, 14, 105, '2013-10-24 02:05:29', NULL, NULL, NULL),
(404, 15, 105, '2013-10-24 02:05:29', NULL, NULL, NULL),
(405, 16, 105, '2013-10-24 02:05:29', NULL, NULL, NULL),
(406, 17, 105, '2013-10-24 02:05:29', NULL, NULL, NULL),
(407, 18, 105, '2013-10-24 02:05:29', NULL, NULL, NULL),
(408, 19, 105, '2013-10-24 02:05:29', NULL, NULL, NULL),
(409, 20, 105, '2013-10-24 02:05:29', NULL, NULL, NULL),
(411, 12, 106, '2013-10-24 02:05:30', NULL, NULL, NULL),
(412, 13, 106, '2013-10-24 02:05:30', NULL, NULL, NULL),
(413, 14, 106, '2013-10-24 02:05:30', NULL, NULL, NULL),
(414, 15, 106, '2013-10-24 02:05:30', NULL, NULL, NULL),
(415, 16, 106, '2013-10-24 02:05:30', NULL, NULL, NULL),
(416, 17, 106, '2013-10-24 02:05:30', NULL, NULL, NULL),
(417, 18, 106, '2013-10-24 02:05:30', NULL, NULL, NULL),
(418, 19, 106, '2013-10-24 02:05:30', NULL, NULL, NULL),
(419, 20, 106, '2013-10-24 02:05:30', NULL, NULL, NULL),
(421, 12, 107, '2013-10-24 02:05:31', NULL, NULL, NULL),
(422, 13, 107, '2013-10-24 02:05:31', NULL, NULL, NULL),
(423, 14, 107, '2013-10-24 02:05:31', NULL, NULL, NULL),
(424, 15, 107, '2013-10-24 02:05:31', NULL, NULL, NULL),
(425, 16, 107, '2013-10-24 02:05:31', NULL, NULL, NULL),
(426, 17, 107, '2013-10-24 02:05:31', NULL, NULL, NULL),
(427, 18, 107, '2013-10-24 02:05:31', NULL, NULL, NULL),
(428, 19, 107, '2013-10-24 02:05:31', NULL, NULL, NULL),
(429, 20, 107, '2013-10-24 02:05:31', NULL, NULL, NULL),
(431, 12, 108, '2013-10-24 02:05:32', NULL, NULL, NULL),
(432, 13, 108, '2013-10-24 02:05:32', NULL, NULL, NULL),
(433, 14, 108, '2013-10-24 02:05:32', NULL, NULL, NULL),
(434, 15, 108, '2013-10-24 02:05:32', NULL, NULL, NULL),
(435, 16, 108, '2013-10-24 02:05:32', NULL, NULL, NULL),
(436, 17, 108, '2013-10-24 02:05:32', NULL, NULL, NULL),
(437, 18, 108, '2013-10-24 02:05:32', NULL, NULL, NULL),
(438, 19, 108, '2013-10-24 02:05:32', NULL, NULL, NULL),
(439, 20, 108, '2013-10-24 02:05:33', NULL, NULL, NULL),
(441, 12, 109, '2013-10-24 02:05:33', NULL, NULL, NULL),
(442, 13, 109, '2013-10-24 02:05:33', NULL, NULL, NULL),
(443, 14, 109, '2013-10-24 02:05:33', NULL, NULL, NULL),
(444, 15, 109, '2013-10-24 02:05:33', NULL, NULL, NULL),
(445, 16, 109, '2013-10-24 02:05:33', NULL, NULL, NULL),
(446, 17, 109, '2013-10-24 02:05:33', NULL, NULL, NULL),
(447, 18, 109, '2013-10-24 02:05:33', NULL, NULL, NULL),
(448, 19, 109, '2013-10-24 02:05:33', NULL, NULL, NULL),
(449, 20, 109, '2013-10-24 02:05:34', NULL, NULL, NULL),
(451, 12, 110, '2013-10-24 02:05:34', NULL, NULL, NULL),
(452, 13, 110, '2013-10-24 02:05:34', NULL, NULL, NULL),
(453, 14, 110, '2013-10-24 02:05:34', NULL, NULL, NULL),
(454, 15, 110, '2013-10-24 02:05:34', NULL, NULL, NULL),
(455, 16, 110, '2013-10-24 02:05:34', NULL, NULL, NULL),
(456, 17, 110, '2013-10-24 02:05:34', NULL, NULL, NULL),
(457, 18, 110, '2013-10-24 02:05:35', NULL, NULL, NULL),
(458, 19, 110, '2013-10-24 02:05:35', NULL, NULL, NULL),
(459, 20, 110, '2013-10-24 02:05:35', NULL, NULL, NULL),
(461, 12, 111, '2013-10-24 02:05:35', NULL, NULL, NULL),
(462, 13, 111, '2013-10-24 02:05:35', NULL, NULL, NULL),
(463, 14, 111, '2013-10-24 02:05:35', NULL, NULL, NULL),
(464, 15, 111, '2013-10-24 02:05:35', NULL, NULL, NULL),
(465, 16, 111, '2013-10-24 02:05:35', NULL, NULL, NULL),
(466, 17, 111, '2013-10-24 02:05:36', NULL, NULL, NULL),
(467, 18, 111, '2013-10-24 02:05:36', NULL, NULL, NULL),
(468, 19, 111, '2013-10-24 02:05:36', NULL, NULL, NULL),
(469, 20, 111, '2013-10-24 02:05:36', NULL, NULL, NULL),
(471, 12, 112, '2013-10-24 02:05:36', NULL, NULL, NULL),
(472, 13, 112, '2013-10-24 02:05:36', NULL, NULL, NULL),
(473, 14, 112, '2013-10-24 02:05:36', NULL, NULL, NULL),
(474, 15, 112, '2013-10-24 02:05:37', NULL, NULL, NULL),
(475, 16, 112, '2013-10-24 02:05:37', NULL, NULL, NULL),
(476, 17, 112, '2013-10-24 02:05:37', NULL, NULL, NULL),
(477, 18, 112, '2013-10-24 02:05:37', NULL, NULL, NULL),
(478, 19, 112, '2013-10-24 02:05:37', NULL, NULL, NULL),
(479, 20, 112, '2013-10-24 02:05:37', NULL, NULL, NULL),
(481, 12, 113, '2013-10-24 02:05:37', NULL, NULL, NULL),
(482, 13, 113, '2013-10-24 02:05:38', NULL, NULL, NULL),
(483, 14, 113, '2013-10-24 02:05:38', NULL, NULL, NULL),
(484, 15, 113, '2013-10-24 02:05:38', NULL, NULL, NULL),
(485, 16, 113, '2013-10-24 02:05:38', NULL, NULL, NULL),
(486, 17, 113, '2013-10-24 02:05:38', NULL, NULL, NULL),
(487, 18, 113, '2013-10-24 02:05:39', NULL, NULL, NULL),
(488, 19, 113, '2013-10-24 02:05:39', NULL, NULL, NULL),
(489, 20, 113, '2013-10-24 02:05:39', NULL, NULL, NULL),
(491, 5, 115, '2013-11-18 00:23:28', NULL, NULL, NULL),
(492, 8, 115, '2013-11-18 00:23:28', NULL, NULL, NULL),
(493, 9, 115, '2013-11-18 00:23:28', NULL, NULL, NULL),
(495, 1, 115, '2013-11-18 00:23:29', NULL, NULL, NULL),
(496, 7, 115, '2013-11-18 00:23:29', NULL, NULL, NULL),
(497, 3, 115, '2013-11-18 00:23:29', NULL, NULL, NULL),
(498, 6, 115, '2013-11-18 00:23:29', NULL, NULL, NULL),
(499, 4, 115, '2013-11-18 00:23:29', NULL, NULL, NULL),
(500, 2, 115, '2013-11-18 00:23:29', NULL, NULL, NULL),
(501, 5, 117, '2013-11-18 15:58:29', NULL, NULL, NULL),
(502, 8, 117, '2013-11-18 15:58:29', NULL, NULL, NULL),
(503, 9, 117, '2013-11-18 15:58:30', NULL, NULL, NULL),
(505, 1, 117, '2013-11-18 15:58:30', NULL, NULL, NULL),
(506, 7, 117, '2013-11-18 15:58:30', NULL, NULL, NULL),
(507, 3, 117, '2013-11-18 15:58:30', NULL, NULL, NULL),
(508, 6, 117, '2013-11-18 15:58:30', NULL, NULL, NULL),
(509, 4, 117, '2013-11-18 15:58:30', NULL, NULL, NULL),
(510, 2, 117, '2013-11-18 15:58:30', NULL, NULL, NULL),
(511, 5, 118, '2013-11-18 16:02:41', NULL, NULL, NULL),
(512, 8, 118, '2013-11-18 16:02:41', NULL, NULL, NULL),
(513, 9, 118, '2013-11-18 16:02:41', NULL, NULL, NULL),
(515, 1, 118, '2013-11-18 16:02:41', NULL, NULL, NULL),
(516, 7, 118, '2013-11-18 16:02:42', NULL, NULL, NULL),
(517, 3, 118, '2013-11-18 16:02:42', NULL, NULL, NULL),
(518, 6, 118, '2013-11-18 16:02:42', NULL, NULL, NULL),
(519, 4, 118, '2013-11-18 16:02:42', NULL, NULL, NULL),
(520, 2, 118, '2013-11-18 16:02:42', NULL, NULL, NULL),
(521, 25, 119, '2014-02-16 02:25:50', NULL, NULL, NULL),
(522, 25, 120, '2014-02-16 02:40:58', NULL, NULL, NULL),
(523, 26, 120, '2014-02-16 02:40:59', NULL, NULL, NULL),
(524, 28, 120, '2014-02-16 02:40:59', NULL, NULL, NULL),
(525, 24, 120, '2014-02-16 02:40:59', NULL, NULL, NULL),
(526, 23, 120, '2014-02-16 02:40:59', NULL, NULL, NULL),
(527, 29, 120, '2014-02-16 02:40:59', NULL, NULL, NULL),
(528, 27, 120, '2014-02-16 02:40:59', NULL, NULL, NULL),
(529, 22, 120, '2014-02-16 02:40:59', NULL, NULL, NULL),
(530, 25, 121, '2014-02-16 02:47:54', NULL, NULL, NULL),
(531, 26, 121, '2014-02-16 02:47:54', NULL, NULL, NULL),
(532, 28, 121, '2014-02-16 02:47:54', NULL, NULL, NULL),
(533, 24, 121, '2014-02-16 02:47:55', NULL, NULL, NULL),
(534, 23, 121, '2014-02-16 02:47:55', NULL, NULL, NULL),
(535, 29, 121, '2014-02-16 02:47:55', NULL, NULL, NULL),
(536, 27, 121, '2014-02-16 02:47:55', NULL, NULL, NULL),
(537, 22, 121, '2014-02-16 02:47:55', NULL, NULL, NULL),
(538, 25, 124, '2014-02-16 03:14:35', NULL, NULL, NULL),
(539, 26, 124, '2014-02-16 03:14:35', NULL, NULL, NULL),
(540, 28, 124, '2014-02-16 03:14:35', NULL, NULL, NULL),
(541, 24, 124, '2014-02-16 03:14:35', NULL, NULL, NULL),
(542, 23, 124, '2014-02-16 03:14:35', NULL, NULL, NULL),
(543, 29, 124, '2014-02-16 03:14:36', NULL, NULL, NULL),
(544, 27, 124, '2014-02-16 03:14:36', NULL, NULL, NULL),
(545, 22, 124, '2014-02-16 03:14:36', NULL, NULL, NULL),
(546, 25, 132, '2014-03-01 06:39:17', NULL, NULL, NULL),
(547, 26, 132, '2014-03-01 06:39:18', NULL, NULL, NULL),
(548, 28, 132, '2014-03-01 06:39:18', NULL, NULL, NULL),
(549, 24, 132, '2014-03-01 06:39:18', NULL, NULL, NULL),
(550, 23, 132, '2014-03-01 06:39:18', NULL, NULL, NULL),
(551, 29, 132, '2014-03-01 06:39:18', NULL, NULL, NULL),
(552, 27, 132, '2014-03-01 06:39:18', NULL, NULL, NULL),
(553, 22, 132, '2014-03-01 06:39:18', NULL, NULL, NULL),
(554, 65, 25, '2014-03-02 18:11:27', NULL, NULL, NULL),
(555, 65, 86, '2014-03-02 18:11:28', NULL, NULL, NULL),
(556, 65, 87, '2014-03-02 18:11:28', NULL, NULL, NULL),
(557, 65, 88, '2014-03-02 18:11:28', NULL, NULL, NULL),
(558, 65, 89, '2014-03-02 18:11:28', NULL, NULL, NULL),
(559, 65, 90, '2014-03-02 18:11:28', NULL, NULL, NULL),
(560, 65, 91, '2014-03-02 18:11:28', NULL, NULL, NULL),
(561, 65, 92, '2014-03-02 18:11:28', NULL, NULL, NULL),
(562, 65, 93, '2014-03-02 18:11:29', NULL, NULL, NULL),
(563, 65, 94, '2014-03-02 18:11:29', NULL, NULL, NULL),
(564, 65, 95, '2014-03-02 18:11:29', NULL, NULL, NULL),
(565, 65, 96, '2014-03-02 18:11:29', NULL, NULL, NULL),
(566, 65, 97, '2014-03-02 18:11:29', NULL, NULL, NULL),
(567, 65, 98, '2014-03-02 18:11:29', NULL, NULL, NULL),
(568, 65, 99, '2014-03-02 18:11:29', NULL, NULL, NULL),
(569, 65, 115, '2014-03-02 18:11:29', NULL, NULL, NULL),
(570, 65, 117, '2014-03-02 18:11:29', NULL, NULL, NULL),
(571, 65, 118, '2014-03-02 18:11:29', NULL, NULL, NULL),
(572, 66, 25, '2014-03-02 18:11:29', NULL, NULL, NULL),
(573, 66, 86, '2014-03-02 18:11:29', NULL, NULL, NULL),
(574, 66, 87, '2014-03-02 18:11:29', NULL, NULL, NULL),
(575, 66, 88, '2014-03-02 18:11:30', NULL, NULL, NULL),
(576, 66, 89, '2014-03-02 18:11:30', NULL, NULL, NULL),
(577, 66, 90, '2014-03-02 18:11:30', NULL, NULL, NULL),
(578, 66, 91, '2014-03-02 18:11:30', NULL, NULL, NULL),
(579, 66, 92, '2014-03-02 18:11:30', NULL, NULL, NULL),
(580, 66, 93, '2014-03-02 18:11:30', NULL, NULL, NULL),
(581, 66, 94, '2014-03-02 18:11:30', NULL, NULL, NULL),
(582, 66, 95, '2014-03-02 18:11:30', NULL, NULL, NULL),
(583, 66, 96, '2014-03-02 18:11:30', NULL, NULL, NULL),
(584, 66, 97, '2014-03-02 18:11:30', NULL, NULL, NULL),
(585, 66, 98, '2014-03-02 18:11:30', NULL, NULL, NULL),
(586, 66, 99, '2014-03-02 18:11:30', NULL, NULL, NULL),
(587, 66, 115, '2014-03-02 18:11:30', NULL, NULL, NULL),
(588, 66, 117, '2014-03-02 18:11:30', NULL, NULL, NULL),
(589, 66, 118, '2014-03-02 18:11:30', NULL, NULL, NULL),
(590, 67, 100, '2014-03-02 20:00:53', NULL, NULL, NULL),
(591, 67, 101, '2014-03-02 20:00:53', NULL, NULL, NULL),
(592, 67, 102, '2014-03-02 20:00:53', NULL, NULL, NULL),
(593, 67, 103, '2014-03-02 20:00:53', NULL, NULL, NULL),
(594, 67, 104, '2014-03-02 20:00:53', NULL, NULL, NULL),
(595, 67, 105, '2014-03-02 20:00:53', NULL, NULL, NULL),
(596, 67, 106, '2014-03-02 20:00:53', NULL, NULL, NULL),
(597, 67, 107, '2014-03-02 20:00:53', NULL, NULL, NULL),
(598, 67, 108, '2014-03-02 20:00:53', NULL, NULL, NULL),
(599, 67, 109, '2014-03-02 20:00:53', NULL, NULL, NULL),
(600, 67, 110, '2014-03-02 20:00:53', NULL, NULL, NULL),
(601, 67, 111, '2014-03-02 20:00:53', NULL, NULL, NULL),
(602, 67, 112, '2014-03-02 20:00:53', NULL, NULL, NULL),
(603, 67, 113, '2014-03-02 20:00:53', NULL, NULL, NULL),
(604, 68, 100, '2014-03-02 20:00:53', NULL, NULL, NULL),
(605, 68, 101, '2014-03-02 20:00:53', NULL, NULL, NULL),
(606, 68, 102, '2014-03-02 20:00:53', NULL, NULL, NULL),
(607, 68, 103, '2014-03-02 20:00:54', NULL, NULL, NULL),
(608, 68, 104, '2014-03-02 20:00:54', NULL, NULL, NULL),
(609, 68, 105, '2014-03-02 20:00:54', NULL, NULL, NULL),
(610, 68, 106, '2014-03-02 20:00:54', NULL, NULL, NULL),
(611, 68, 107, '2014-03-02 20:00:54', NULL, NULL, NULL),
(612, 68, 108, '2014-03-02 20:00:54', NULL, NULL, NULL),
(613, 68, 109, '2014-03-02 20:00:54', NULL, NULL, NULL),
(614, 68, 110, '2014-03-02 20:00:54', NULL, NULL, NULL),
(615, 68, 111, '2014-03-02 20:00:54', NULL, NULL, NULL),
(616, 68, 112, '2014-03-02 20:00:54', NULL, NULL, NULL),
(617, 68, 113, '2014-03-02 20:00:54', NULL, NULL, NULL),
(618, 33, 133, '2014-03-03 07:13:17', NULL, NULL, NULL),
(619, 31, 133, '2014-03-03 07:13:18', NULL, NULL, NULL),
(620, 30, 133, '2014-03-03 07:13:18', NULL, NULL, NULL),
(621, 32, 133, '2014-03-03 07:13:18', NULL, NULL, NULL),
(622, 33, 134, '2014-03-03 07:38:47', NULL, NULL, NULL),
(623, 31, 134, '2014-03-03 07:38:47', NULL, NULL, NULL),
(624, 30, 134, '2014-03-03 07:38:47', NULL, NULL, NULL),
(625, 32, 134, '2014-03-03 07:38:47', NULL, NULL, NULL),
(626, 33, 135, '2014-03-03 07:40:55', NULL, NULL, NULL),
(627, 31, 135, '2014-03-03 07:40:55', NULL, NULL, NULL),
(628, 30, 135, '2014-03-03 07:40:55', NULL, NULL, NULL),
(629, 32, 135, '2014-03-03 07:40:55', NULL, NULL, NULL),
(630, 33, 136, '2014-03-03 07:42:20', NULL, NULL, NULL),
(631, 31, 136, '2014-03-03 07:42:20', NULL, NULL, NULL),
(632, 30, 136, '2014-03-03 07:42:20', NULL, NULL, NULL),
(633, 32, 136, '2014-03-03 07:42:20', NULL, NULL, NULL),
(634, 72, 133, '2014-03-03 08:27:04', NULL, NULL, NULL),
(635, 72, 134, '2014-03-03 08:27:04', NULL, NULL, NULL),
(636, 72, 135, '2014-03-03 08:27:04', NULL, NULL, NULL),
(637, 72, 136, '2014-03-03 08:27:04', NULL, NULL, NULL),
(638, 70, 133, '2014-03-03 08:27:04', NULL, NULL, NULL),
(639, 70, 134, '2014-03-03 08:27:04', NULL, NULL, NULL),
(640, 70, 135, '2014-03-03 08:27:04', NULL, NULL, NULL),
(641, 70, 136, '2014-03-03 08:27:04', NULL, NULL, NULL),
(642, 73, 133, '2014-03-03 08:27:04', NULL, NULL, NULL),
(643, 73, 134, '2014-03-03 08:27:04', NULL, NULL, NULL),
(644, 73, 135, '2014-03-03 08:27:05', NULL, NULL, NULL),
(645, 73, 136, '2014-03-03 08:27:05', NULL, NULL, NULL),
(646, 69, 133, '2014-03-03 08:27:05', NULL, NULL, NULL),
(647, 69, 134, '2014-03-03 08:27:05', NULL, NULL, NULL),
(648, 69, 135, '2014-03-03 08:27:05', NULL, NULL, NULL),
(649, 69, 136, '2014-03-03 08:27:05', NULL, NULL, NULL),
(654, 74, 133, '2014-03-03 08:27:05', NULL, NULL, NULL),
(655, 74, 134, '2014-03-03 08:27:05', NULL, NULL, NULL),
(656, 74, 135, '2014-03-03 08:27:05', NULL, NULL, NULL),
(657, 74, 136, '2014-03-03 08:27:05', NULL, NULL, NULL),
(658, 75, 133, '2014-03-03 08:27:05', NULL, NULL, NULL),
(659, 75, 134, '2014-03-03 08:27:05', NULL, NULL, NULL),
(660, 75, 135, '2014-03-03 08:27:05', NULL, NULL, NULL),
(661, 75, 136, '2014-03-03 08:27:05', NULL, NULL, NULL),
(662, 28, 119, '2014-03-03 08:43:52', NULL, NULL, NULL),
(663, 22, 119, '2014-03-03 08:43:52', NULL, NULL, NULL),
(664, 23, 119, '2014-03-03 08:43:52', NULL, NULL, NULL),
(665, 27, 119, '2014-03-03 08:43:52', NULL, NULL, NULL),
(666, 29, 119, '2014-03-03 08:43:52', NULL, NULL, NULL),
(667, 24, 119, '2014-03-03 08:43:52', NULL, NULL, NULL),
(668, 26, 119, '2014-03-03 08:43:52', NULL, NULL, NULL),
(674, 78, 119, '2014-03-03 08:43:53', NULL, NULL, NULL),
(675, 78, 120, '2014-03-03 08:43:53', NULL, NULL, NULL),
(676, 78, 121, '2014-03-03 08:43:53', NULL, NULL, NULL),
(677, 78, 124, '2014-03-03 08:43:53', NULL, NULL, NULL),
(678, 78, 132, '2014-03-03 08:43:53', NULL, NULL, NULL),
(679, 77, 119, '2014-03-03 08:43:53', NULL, NULL, NULL),
(680, 77, 120, '2014-03-03 08:43:53', NULL, NULL, NULL),
(681, 77, 121, '2014-03-03 08:43:53', NULL, NULL, NULL),
(682, 77, 124, '2014-03-03 08:43:53', NULL, NULL, NULL),
(683, 77, 132, '2014-03-03 08:43:53', NULL, NULL, NULL),
(684, 79, 25, '2014-03-03 09:06:47', NULL, NULL, NULL),
(685, 79, 86, '2014-03-03 09:06:47', NULL, NULL, NULL),
(686, 79, 87, '2014-03-03 09:06:47', NULL, NULL, NULL),
(687, 79, 88, '2014-03-03 09:06:47', NULL, NULL, NULL),
(688, 79, 89, '2014-03-03 09:06:47', NULL, NULL, NULL),
(689, 79, 90, '2014-03-03 09:06:47', NULL, NULL, NULL),
(690, 79, 91, '2014-03-03 09:06:47', NULL, NULL, NULL),
(691, 79, 92, '2014-03-03 09:06:47', NULL, NULL, NULL),
(692, 79, 93, '2014-03-03 09:06:47', NULL, NULL, NULL),
(693, 79, 94, '2014-03-03 09:06:47', NULL, NULL, NULL),
(694, 79, 95, '2014-03-03 09:06:47', NULL, NULL, NULL),
(695, 79, 96, '2014-03-03 09:06:47', NULL, NULL, NULL),
(696, 79, 97, '2014-03-03 09:06:47', NULL, NULL, NULL),
(697, 79, 98, '2014-03-03 09:06:47', NULL, NULL, NULL),
(698, 79, 99, '2014-03-03 09:06:47', NULL, NULL, NULL),
(699, 79, 115, '2014-03-03 09:06:47', NULL, NULL, NULL),
(700, 79, 117, '2014-03-03 09:06:47', NULL, NULL, NULL),
(701, 79, 118, '2014-03-03 09:06:47', NULL, NULL, NULL),
(702, 80, 100, '2014-03-04 16:06:00', NULL, NULL, NULL),
(703, 80, 101, '2014-03-04 16:06:00', NULL, NULL, NULL),
(704, 80, 102, '2014-03-04 16:06:00', NULL, NULL, NULL),
(705, 80, 103, '2014-03-04 16:06:00', NULL, NULL, NULL),
(706, 80, 104, '2014-03-04 16:06:00', NULL, NULL, NULL),
(707, 80, 105, '2014-03-04 16:06:00', NULL, NULL, NULL),
(708, 80, 106, '2014-03-04 16:06:00', NULL, NULL, NULL),
(709, 80, 107, '2014-03-04 16:06:01', NULL, NULL, NULL),
(710, 80, 108, '2014-03-04 16:06:01', NULL, NULL, NULL),
(711, 80, 109, '2014-03-04 16:06:01', NULL, NULL, NULL),
(712, 80, 110, '2014-03-04 16:06:01', NULL, NULL, NULL),
(713, 80, 111, '2014-03-04 16:06:01', NULL, NULL, NULL),
(714, 80, 112, '2014-03-04 16:06:01', NULL, NULL, NULL),
(715, 80, 113, '2014-03-04 16:06:01', NULL, NULL, NULL),
(716, 5, 137, '2014-03-09 13:39:50', NULL, NULL, NULL),
(717, 8, 137, '2014-03-09 13:39:51', NULL, NULL, NULL),
(718, 9, 137, '2014-03-09 13:39:51', NULL, NULL, NULL),
(719, 79, 137, '2014-03-09 13:39:52', NULL, NULL, NULL),
(720, 65, 137, '2014-03-09 13:39:52', NULL, NULL, NULL),
(721, 1, 137, '2014-03-09 13:39:52', NULL, NULL, NULL),
(722, 7, 137, '2014-03-09 13:39:52', NULL, NULL, NULL),
(723, 3, 137, '2014-03-09 13:39:52', NULL, NULL, NULL),
(724, 6, 137, '2014-03-09 13:39:52', NULL, NULL, NULL),
(725, 66, 137, '2014-03-09 13:39:53', NULL, NULL, NULL),
(726, 4, 137, '2014-03-09 13:39:53', NULL, NULL, NULL),
(727, 2, 137, '2014-03-09 13:39:53', NULL, NULL, NULL),
(728, 5, 139, '2014-03-15 18:32:36', NULL, NULL, NULL),
(729, 8, 139, '2014-03-15 18:32:37', NULL, NULL, NULL),
(730, 9, 139, '2014-03-15 18:32:37', NULL, NULL, NULL),
(731, 79, 139, '2014-03-15 18:32:37', NULL, NULL, NULL),
(732, 65, 139, '2014-03-15 18:32:37', NULL, NULL, NULL),
(733, 1, 139, '2014-03-15 18:32:38', NULL, NULL, NULL),
(734, 7, 139, '2014-03-15 18:32:38', NULL, NULL, NULL),
(735, 3, 139, '2014-03-15 18:32:38', NULL, NULL, NULL),
(736, 6, 139, '2014-03-15 18:32:38', NULL, NULL, NULL),
(737, 66, 139, '2014-03-15 18:32:38', NULL, NULL, NULL),
(738, 4, 139, '2014-03-15 18:32:38', NULL, NULL, NULL),
(739, 2, 139, '2014-03-15 18:32:38', NULL, NULL, NULL),
(740, 5, 140, '2014-03-15 18:33:58', NULL, NULL, NULL),
(741, 8, 140, '2014-03-15 18:33:58', NULL, NULL, NULL),
(742, 9, 140, '2014-03-15 18:33:58', NULL, NULL, NULL),
(743, 79, 140, '2014-03-15 18:33:58', NULL, NULL, NULL),
(744, 65, 140, '2014-03-15 18:33:58', NULL, NULL, NULL),
(745, 1, 140, '2014-03-15 18:33:58', NULL, NULL, NULL),
(746, 7, 140, '2014-03-15 18:33:58', NULL, NULL, NULL),
(747, 3, 140, '2014-03-15 18:33:58', NULL, NULL, NULL),
(748, 6, 140, '2014-03-15 18:33:58', NULL, NULL, NULL),
(749, 66, 140, '2014-03-15 18:33:58', NULL, NULL, NULL),
(750, 4, 140, '2014-03-15 18:33:58', NULL, NULL, NULL),
(751, 2, 140, '2014-03-15 18:33:58', NULL, NULL, NULL),
(752, 42, 144, '2014-03-19 09:51:09', NULL, NULL, NULL),
(753, 39, 144, '2014-03-19 09:51:09', NULL, NULL, NULL),
(754, 45, 144, '2014-03-19 09:51:10', NULL, NULL, NULL),
(755, 46, 144, '2014-03-19 09:51:10', NULL, NULL, NULL),
(756, 43, 144, '2014-03-19 09:51:10', NULL, NULL, NULL),
(757, 40, 144, '2014-03-19 09:51:10', NULL, NULL, NULL),
(758, 47, 144, '2014-03-19 09:51:10', NULL, NULL, NULL),
(759, 41, 144, '2014-03-19 09:51:10', NULL, NULL, NULL),
(760, 44, 144, '2014-03-19 09:51:10', NULL, NULL, NULL),
(761, 42, 145, '2014-03-19 10:10:56', NULL, NULL, NULL),
(762, 39, 145, '2014-03-19 10:10:57', NULL, NULL, NULL),
(763, 45, 145, '2014-03-19 10:10:57', NULL, NULL, NULL),
(764, 46, 145, '2014-03-19 10:10:57', NULL, NULL, NULL),
(765, 43, 145, '2014-03-19 10:10:58', NULL, NULL, NULL),
(766, 40, 145, '2014-03-19 10:10:58', NULL, NULL, NULL),
(767, 47, 145, '2014-03-19 10:10:58', NULL, NULL, NULL),
(768, 41, 145, '2014-03-19 10:10:58', NULL, NULL, NULL),
(769, 44, 145, '2014-03-19 10:10:58', NULL, NULL, NULL),
(770, 42, 146, '2014-03-19 10:47:21', NULL, NULL, NULL),
(771, 39, 146, '2014-03-19 10:47:21', NULL, NULL, NULL),
(772, 45, 146, '2014-03-19 10:47:21', NULL, NULL, NULL),
(773, 46, 146, '2014-03-19 10:47:21', NULL, NULL, NULL),
(774, 43, 146, '2014-03-19 10:47:21', NULL, NULL, NULL),
(775, 40, 146, '2014-03-19 10:47:22', NULL, NULL, NULL),
(776, 47, 146, '2014-03-19 10:47:22', NULL, NULL, NULL),
(777, 41, 146, '2014-03-19 10:47:22', NULL, NULL, NULL),
(778, 44, 146, '2014-03-19 10:47:22', NULL, NULL, NULL),
(779, 25, 147, '2014-03-25 15:26:08', NULL, NULL, NULL),
(780, 26, 147, '2014-03-25 15:26:08', NULL, NULL, NULL),
(781, 84, 147, '2014-03-25 15:26:08', NULL, NULL, NULL),
(782, 83, 147, '2014-03-25 15:26:08', NULL, NULL, NULL),
(783, 78, 147, '2014-03-25 15:26:08', NULL, NULL, NULL),
(784, 28, 147, '2014-03-25 15:26:08', NULL, NULL, NULL),
(785, 24, 147, '2014-03-25 15:26:08', NULL, NULL, NULL),
(786, 23, 147, '2014-03-25 15:26:08', NULL, NULL, NULL),
(787, 29, 147, '2014-03-25 15:26:08', NULL, NULL, NULL),
(788, 77, 147, '2014-03-25 15:26:08', NULL, NULL, NULL),
(789, 27, 147, '2014-03-25 15:26:08', NULL, NULL, NULL),
(790, 22, 147, '2014-03-25 15:26:08', NULL, NULL, NULL);

-- --------------------------------------------------------

--
-- Table structure for table `courseTraineeActivity`
--

CREATE TABLE IF NOT EXISTS `courseTraineeActivity` (
  `courseTraineeActivityID` int(10) unsigned NOT NULL AUTO_INCREMENT,
  `courseTraineeID` int(10) unsigned NOT NULL,
  `lessonID` int(10) unsigned NOT NULL,
  `activityID` int(10) unsigned NOT NULL,
  `ratingID` int(10) unsigned DEFAULT NULL,
  `completedFlag` int(11) DEFAULT NULL,
  `comment` text,
  `dateUpdated` datetime DEFAULT NULL,
  `completionDate` datetime DEFAULT NULL,
  `refreshRequested` int(11) DEFAULT NULL,
  `completionPercentage` int(11) DEFAULT NULL,
  PRIMARY KEY (`courseTraineeActivityID`),
  KEY `ix020` (`courseTraineeID`),
  KEY `ix021` (`activityID`),
  KEY `fk020` (`activityID`),
  KEY `fk021` (`courseTraineeID`),
  KEY `ix022` (`ratingID`),
  KEY `fk022` (`ratingID`),
  KEY `lessonID` (`lessonID`)
) ENGINE=InnoDB  DEFAULT CHARSET=latin1 AUTO_INCREMENT=29354 ;

--
-- Dumping data for table `courseTraineeActivity`
--

INSERT INTO `courseTraineeActivity` (`courseTraineeActivityID`, `courseTraineeID`, `lessonID`, `activityID`, `ratingID`, `completedFlag`, `comment`, `dateUpdated`, `completionDate`, `refreshRequested`, `completionPercentage`) VALUES
(24826, 238, 28, 61, NULL, NULL, NULL, '2014-03-06 02:46:08', NULL, NULL, NULL),
(24827, 275, 12, 32, NULL, NULL, NULL, '2014-03-06 02:46:06', NULL, NULL, NULL),
(24828, 225, 16, 49, NULL, NULL, NULL, '2014-03-06 02:46:06', NULL, NULL, NULL),
(24829, 275, 33, 71, NULL, NULL, NULL, '2014-03-06 02:46:06', NULL, NULL, NULL),
(24830, 511, 16, 49, NULL, NULL, NULL, '2014-03-06 02:46:08', NULL, NULL, NULL),
(24831, 265, 16, 53, NULL, NULL, NULL, '2014-03-06 02:46:06', NULL, NULL, NULL),
(24832, 295, 27, 68, NULL, 1, NULL, '2014-03-08 11:20:57', '2014-03-08 11:20:57', NULL, NULL),
(24833, 201, 7, 22, NULL, 1, NULL, '2014-03-06 12:08:04', '2014-03-06 12:08:04', NULL, NULL),
(24834, 255, 8, 23, NULL, NULL, NULL, '2014-03-06 02:46:06', NULL, NULL, NULL),
(24835, 265, 9, 36, NULL, NULL, NULL, '2014-03-06 02:46:06', NULL, NULL, NULL),
(24836, 285, 14, 42, NULL, NULL, NULL, '2014-03-06 02:46:07', NULL, NULL, NULL),
(24837, 315, 33, 66, NULL, NULL, NULL, '2014-03-06 02:46:07', NULL, NULL, NULL),
(24838, 561, 38, 90, NULL, NULL, NULL, '2014-03-06 02:46:09', NULL, NULL, NULL),
(24839, 223, 36, 104, NULL, NULL, NULL, '2014-03-06 02:46:05', NULL, NULL, NULL),
(24840, 491, 9, 27, NULL, NULL, NULL, '2014-03-06 02:46:07', NULL, NULL, NULL),
(24841, 255, 16, 54, NULL, NULL, NULL, '2014-03-06 02:46:06', NULL, NULL, NULL),
(24842, 295, 16, 55, NULL, NULL, NULL, '2014-03-06 02:46:07', NULL, NULL, NULL),
(24843, 305, 16, 54, NULL, NULL, NULL, '2014-03-06 02:46:07', NULL, NULL, NULL),
(24844, 308, 37, 77, NULL, NULL, NULL, '2014-03-06 02:46:08', NULL, NULL, NULL),
(24845, 511, 33, 67, NULL, NULL, NULL, '2014-03-06 02:46:08', NULL, NULL, NULL),
(24846, 311, 4, 6, NULL, NULL, NULL, '2014-03-06 02:46:05', NULL, NULL, NULL),
(24847, 501, 7, 37, 1, NULL, NULL, '2014-03-20 14:18:17', '2014-03-14 21:17:16', NULL, NULL),
(24848, 502, 37, 75, 2, 1, NULL, '2014-03-08 13:46:58', '2014-03-08 13:46:58', NULL, NULL),
(24849, 202, 29, 88, NULL, NULL, NULL, '2014-03-06 02:46:08', NULL, NULL, NULL),
(24850, 313, 36, 104, NULL, NULL, NULL, '2014-03-06 02:46:05', NULL, NULL, NULL),
(24851, 511, 7, 17, NULL, NULL, NULL, '2014-03-06 02:46:08', NULL, NULL, NULL),
(24852, 505, 5, 8, NULL, NULL, NULL, '2014-03-06 02:46:05', NULL, NULL, NULL),
(24853, 201, 16, 50, NULL, 1, NULL, '2014-03-06 12:05:21', '2014-03-06 12:05:21', NULL, NULL),
(24854, 275, 7, 41, NULL, NULL, NULL, '2014-03-06 02:46:06', NULL, NULL, NULL),
(24855, 587, 39, 93, NULL, NULL, NULL, '2014-03-06 02:46:09', NULL, NULL, NULL),
(24856, 255, 7, 18, NULL, NULL, NULL, '2014-03-06 02:46:06', NULL, NULL, NULL),
(24857, 688, 41, 100, NULL, NULL, NULL, '2014-03-06 02:46:09', NULL, NULL, NULL),
(24858, 685, 40, 95, NULL, 1, NULL, '2014-03-08 11:08:48', '2014-03-08 11:08:48', NULL, NULL),
(24859, 215, 27, 69, NULL, 1, NULL, '2014-03-06 13:15:34', '2014-03-06 13:15:34', NULL, NULL),
(24860, 687, 41, 101, NULL, NULL, NULL, '2014-03-06 02:46:09', NULL, NULL, NULL),
(24861, 491, 27, 58, NULL, 1, NULL, '2014-03-25 13:43:10', '2014-03-25 13:43:10', NULL, NULL),
(24862, 502, 30, 82, 4, 1, NULL, '2014-03-06 20:25:11', '2014-03-06 20:25:11', NULL, NULL),
(24863, 202, 28, 63, NULL, NULL, NULL, '2014-03-06 02:46:08', NULL, NULL, NULL),
(24864, 211, 4, 6, NULL, NULL, NULL, '2014-03-06 02:46:05', NULL, NULL, NULL),
(24865, 255, 9, 27, NULL, NULL, NULL, '2014-03-06 02:46:06', NULL, NULL, NULL),
(24866, 248, 37, 73, NULL, NULL, NULL, '2014-03-06 02:46:08', NULL, NULL, NULL),
(24867, 501, 8, 20, NULL, NULL, NULL, '2014-03-06 02:46:08', NULL, NULL, NULL),
(24868, 281, 5, 10, NULL, NULL, NULL, '2014-03-06 02:46:05', NULL, NULL, NULL),
(24869, 693, 40, 95, NULL, NULL, NULL, '2014-03-06 02:46:09', NULL, NULL, NULL),
(24870, 255, 16, 53, NULL, NULL, NULL, '2014-03-06 02:46:06', NULL, NULL, NULL),
(24871, 285, 13, 34, NULL, NULL, NULL, '2014-03-06 02:46:07', NULL, NULL, NULL),
(24872, 228, 37, 77, NULL, 1, NULL, '2014-03-08 09:27:16', '2014-03-08 09:27:16', NULL, NULL),
(24873, 501, 9, 28, 3, 1, NULL, '2014-03-14 21:10:28', '2014-03-14 21:10:28', NULL, NULL),
(24874, 512, 29, 79, NULL, NULL, NULL, '2014-03-06 02:46:08', NULL, NULL, NULL),
(24875, 491, 14, 45, NULL, NULL, NULL, '2014-03-06 02:46:07', NULL, NULL, NULL),
(24876, 566, 38, 91, NULL, NULL, NULL, '2014-03-06 02:46:09', NULL, NULL, NULL),
(24877, 325, 16, 49, NULL, NULL, NULL, '2014-03-06 02:46:07', NULL, NULL, NULL),
(24878, 305, 7, 41, NULL, NULL, NULL, '2014-03-06 02:46:07', NULL, NULL, NULL),
(24879, 215, 8, 24, NULL, NULL, NULL, '2014-03-06 02:46:06', NULL, NULL, NULL),
(24880, 685, 41, 98, NULL, NULL, NULL, '2014-03-06 02:46:09', NULL, NULL, NULL),
(24881, 245, 8, 24, NULL, NULL, NULL, '2014-03-06 02:46:06', NULL, NULL, NULL),
(24882, 328, 28, 63, NULL, NULL, NULL, '2014-03-06 02:46:08', NULL, NULL, NULL),
(24883, 245, 7, 19, NULL, NULL, NULL, '2014-03-06 02:46:06', NULL, NULL, NULL),
(24884, 318, 30, 85, NULL, NULL, NULL, '2014-03-06 02:46:08', NULL, NULL, NULL),
(24885, 278, 28, 89, NULL, NULL, NULL, '2014-03-06 02:46:08', NULL, NULL, NULL),
(24886, 501, 16, 54, 1, 1, NULL, '2014-03-08 20:16:31', '2014-03-08 20:16:31', NULL, NULL),
(24887, 245, 8, 20, NULL, NULL, NULL, '2014-03-06 02:46:06', NULL, NULL, NULL),
(24888, 275, 7, 26, NULL, NULL, NULL, '2014-03-06 02:46:06', NULL, NULL, NULL),
(24889, 689, 41, 99, NULL, NULL, NULL, '2014-03-06 02:46:09', NULL, NULL, NULL),
(24890, 696, 41, 101, NULL, NULL, NULL, '2014-03-06 02:46:09', NULL, NULL, NULL),
(24891, 215, 7, 19, NULL, NULL, NULL, '2014-03-06 02:46:06', NULL, NULL, NULL),
(24892, 325, 7, 21, NULL, NULL, NULL, '2014-03-06 02:46:07', NULL, NULL, NULL),
(24893, 228, 30, 85, NULL, NULL, NULL, '2014-03-06 02:46:08', NULL, NULL, NULL),
(24894, 235, 9, 28, NULL, NULL, NULL, '2014-03-06 02:46:06', NULL, NULL, NULL),
(24895, 511, 16, 51, NULL, NULL, NULL, '2014-03-06 02:46:08', NULL, NULL, NULL),
(24896, 338, 28, 63, NULL, NULL, NULL, '2014-03-06 02:46:08', NULL, NULL, NULL),
(24897, 345, 8, 23, NULL, NULL, NULL, '2014-03-06 02:46:07', NULL, NULL, NULL),
(24898, 305, 7, 37, NULL, NULL, NULL, '2014-03-06 02:46:07', NULL, NULL, NULL),
(24899, 288, 37, 77, NULL, NULL, NULL, '2014-03-06 02:46:08', NULL, NULL, NULL),
(24900, 557, 38, 91, NULL, NULL, NULL, '2014-03-06 02:46:09', NULL, NULL, NULL),
(24901, 271, 5, 9, NULL, NULL, NULL, '2014-03-06 02:46:05', NULL, NULL, NULL),
(24902, 225, 27, 60, NULL, 1, NULL, '2014-03-06 12:39:18', '2014-03-06 12:39:18', NULL, NULL),
(24903, 273, 36, 104, NULL, NULL, NULL, '2014-03-06 02:46:05', NULL, NULL, NULL),
(24904, 225, 13, 35, NULL, NULL, NULL, '2014-03-06 02:46:06', NULL, NULL, NULL),
(24905, 271, 5, 11, NULL, NULL, NULL, '2014-03-06 02:46:05', NULL, NULL, NULL),
(24906, 288, 30, 83, NULL, NULL, NULL, '2014-03-06 02:46:08', NULL, NULL, NULL),
(24907, 251, 4, 6, NULL, NULL, NULL, '2014-03-06 02:46:05', NULL, NULL, NULL),
(24908, 511, 16, 53, NULL, NULL, NULL, '2014-03-06 02:46:08', NULL, NULL, NULL),
(24909, 696, 41, 98, NULL, NULL, NULL, '2014-03-06 02:46:09', NULL, NULL, NULL),
(24910, 291, 4, 6, NULL, NULL, NULL, '2014-03-06 02:46:05', NULL, NULL, NULL),
(24911, 321, 5, 10, NULL, NULL, NULL, '2014-03-06 02:46:05', NULL, NULL, NULL),
(24912, 325, 12, 33, NULL, NULL, NULL, '2014-03-06 02:46:07', NULL, NULL, NULL),
(24913, 201, 7, 17, NULL, NULL, NULL, '2014-03-06 02:46:06', NULL, NULL, NULL),
(24914, 687, 40, 95, NULL, NULL, NULL, '2014-03-06 02:46:09', NULL, NULL, NULL),
(24915, 275, 9, 36, NULL, NULL, NULL, '2014-03-06 02:46:06', NULL, NULL, NULL),
(24916, 691, 40, 96, NULL, NULL, NULL, '2014-03-06 02:46:09', NULL, NULL, NULL),
(24917, 215, 9, 36, NULL, NULL, NULL, '2014-03-06 02:46:06', NULL, NULL, NULL),
(24918, 265, 27, 69, NULL, 1, NULL, '2014-03-08 09:41:43', '2014-03-08 09:41:43', NULL, NULL),
(24919, 315, 8, 24, NULL, NULL, NULL, '2014-03-06 02:46:07', NULL, NULL, NULL),
(24920, 563, 38, 90, NULL, NULL, NULL, '2014-03-06 02:46:09', NULL, NULL, NULL),
(24921, 586, 39, 93, NULL, NULL, NULL, '2014-03-06 02:46:09', NULL, NULL, NULL),
(24922, 345, 27, 58, NULL, NULL, NULL, '2014-03-06 02:46:07', NULL, NULL, NULL),
(24923, 235, 8, 20, NULL, NULL, NULL, '2014-03-06 02:46:06', NULL, NULL, NULL),
(24924, 308, 30, 85, NULL, NULL, NULL, '2014-03-06 02:46:08', NULL, NULL, NULL),
(24925, 491, 7, 12, NULL, NULL, NULL, '2014-03-06 02:46:07', NULL, NULL, NULL),
(24926, 225, 8, 24, NULL, NULL, NULL, '2014-03-06 02:46:06', NULL, NULL, NULL),
(24927, 215, 7, 40, NULL, NULL, NULL, '2014-03-06 02:46:06', NULL, NULL, NULL),
(24928, 335, 7, 21, NULL, NULL, NULL, '2014-03-06 02:46:07', NULL, NULL, NULL),
(24929, 325, 8, 23, NULL, NULL, NULL, '2014-03-06 02:46:07', NULL, NULL, NULL),
(24930, 205, 5, 11, NULL, NULL, NULL, '2014-03-06 02:46:05', NULL, NULL, NULL),
(24931, 348, 29, 87, NULL, NULL, NULL, '2014-03-06 02:46:08', NULL, NULL, NULL),
(24932, 691, 41, 101, NULL, NULL, NULL, '2014-03-06 02:46:09', NULL, NULL, NULL),
(24933, 491, 27, 69, NULL, NULL, NULL, '2014-03-06 02:46:07', NULL, NULL, NULL),
(24934, 251, 5, 7, NULL, NULL, NULL, '2014-03-06 02:46:05', NULL, NULL, NULL),
(24935, 278, 29, 87, NULL, NULL, NULL, '2014-03-06 02:46:08', NULL, NULL, NULL),
(24936, 215, 8, 25, NULL, NULL, NULL, '2014-03-06 02:46:06', NULL, NULL, NULL),
(24937, 341, 5, 8, NULL, NULL, NULL, '2014-03-06 02:46:05', NULL, NULL, NULL),
(24938, 285, 27, 58, NULL, 1, NULL, '2014-03-08 11:22:38', '2014-03-08 11:22:38', NULL, NULL),
(24939, 575, 39, 94, NULL, NULL, NULL, '2014-03-06 02:46:09', NULL, NULL, NULL),
(24940, 688, 41, 101, NULL, NULL, NULL, '2014-03-06 02:46:09', NULL, NULL, NULL),
(24941, 701, 41, 100, NULL, NULL, NULL, '2014-03-06 02:46:09', NULL, NULL, NULL),
(24942, 335, 7, 41, NULL, NULL, NULL, '2014-03-06 02:46:07', NULL, NULL, NULL),
(24943, 315, 9, 28, NULL, NULL, NULL, '2014-03-06 02:46:07', NULL, NULL, NULL),
(24944, 492, 37, 72, NULL, 1, NULL, '2014-03-15 12:40:22', '2014-03-15 12:40:22', NULL, NULL),
(24945, 258, 37, 80, NULL, NULL, NULL, '2014-03-06 02:46:08', NULL, NULL, NULL),
(24946, 308, 30, 82, NULL, NULL, NULL, '2014-03-06 02:46:08', NULL, NULL, NULL),
(24947, 295, 9, 27, NULL, NULL, NULL, '2014-03-06 02:46:07', NULL, NULL, NULL),
(24948, 285, 16, 52, NULL, NULL, NULL, '2014-03-06 02:46:07', NULL, NULL, NULL),
(24949, 333, 36, 103, NULL, NULL, NULL, '2014-03-06 02:46:05', NULL, NULL, NULL),
(24950, 238, 28, 62, NULL, NULL, NULL, '2014-03-06 02:46:08', NULL, NULL, NULL),
(24951, 255, 12, 32, NULL, NULL, NULL, '2014-03-06 02:46:06', NULL, NULL, NULL),
(24952, 305, 13, 34, NULL, NULL, NULL, '2014-03-06 02:46:07', NULL, NULL, NULL),
(24953, 318, 29, 78, NULL, NULL, NULL, '2014-03-06 02:46:08', NULL, NULL, NULL),
(24954, 583, 39, 94, NULL, NULL, NULL, '2014-03-06 02:46:09', NULL, NULL, NULL),
(24955, 315, 12, 33, NULL, NULL, NULL, '2014-03-06 02:46:07', NULL, NULL, NULL),
(24956, 275, 8, 20, NULL, NULL, NULL, '2014-03-06 02:46:06', NULL, NULL, NULL),
(24957, 225, 13, 34, NULL, NULL, NULL, '2014-03-06 02:46:06', NULL, NULL, NULL),
(24958, 688, 40, 97, NULL, NULL, NULL, '2014-03-06 02:46:09', NULL, NULL, NULL),
(24959, 275, 7, 40, NULL, NULL, NULL, '2014-03-06 02:46:06', NULL, NULL, NULL),
(24960, 238, 30, 82, NULL, NULL, NULL, '2014-03-06 02:46:08', NULL, NULL, NULL),
(24961, 511, 14, 44, NULL, NULL, NULL, '2014-03-06 02:46:08', NULL, NULL, NULL),
(24962, 341, 5, 9, NULL, NULL, NULL, '2014-03-06 02:46:05', NULL, NULL, NULL),
(24963, 298, 29, 78, NULL, NULL, NULL, '2014-03-06 02:46:08', NULL, NULL, NULL),
(24964, 345, 16, 54, NULL, NULL, NULL, '2014-03-06 02:46:07', NULL, NULL, NULL),
(24965, 221, 5, 10, NULL, NULL, NULL, '2014-03-06 02:46:05', NULL, NULL, NULL),
(24966, 511, 13, 35, NULL, NULL, NULL, '2014-03-06 02:46:08', NULL, NULL, NULL),
(24967, 554, 38, 91, NULL, NULL, NULL, '2014-03-06 02:46:09', NULL, NULL, NULL),
(24968, 695, 41, 102, NULL, NULL, NULL, '2014-03-06 02:46:09', NULL, NULL, NULL),
(24969, 223, 36, 105, NULL, NULL, NULL, '2014-03-06 02:46:05', NULL, NULL, NULL),
(24970, 268, 37, 80, NULL, NULL, NULL, '2014-03-06 02:46:08', NULL, NULL, NULL),
(24971, 315, 13, 35, NULL, NULL, NULL, '2014-03-06 02:46:07', NULL, NULL, NULL),
(24972, 261, 5, 10, NULL, NULL, NULL, '2014-03-06 02:46:05', NULL, NULL, NULL),
(24973, 255, 9, 28, NULL, NULL, NULL, '2014-03-06 02:46:06', NULL, NULL, NULL),
(24974, 215, 27, 68, NULL, 1, NULL, '2014-03-06 13:22:45', '2014-03-06 13:22:45', NULL, NULL),
(24975, 495, 4, 6, NULL, NULL, NULL, '2014-03-06 02:46:05', NULL, NULL, NULL),
(24976, 345, 13, 35, NULL, NULL, NULL, '2014-03-06 02:46:07', NULL, NULL, NULL),
(24977, 348, 28, 62, NULL, NULL, NULL, '2014-03-06 02:46:08', NULL, NULL, NULL),
(24978, 345, 14, 43, NULL, NULL, NULL, '2014-03-06 02:46:07', NULL, NULL, NULL),
(24979, 238, 29, 87, NULL, NULL, NULL, '2014-03-06 02:46:08', NULL, NULL, NULL),
(24980, 265, 33, 67, NULL, 1, NULL, '2014-03-08 09:42:21', '2014-03-08 09:42:21', NULL, NULL),
(24981, 694, 41, 101, NULL, NULL, NULL, '2014-03-06 02:46:09', NULL, NULL, NULL),
(24982, 235, 27, 60, NULL, 1, NULL, '2014-03-06 13:30:49', '2014-03-06 13:30:49', NULL, NULL),
(24983, 275, 13, 35, NULL, NULL, NULL, '2014-03-06 02:46:06', NULL, NULL, NULL),
(24984, 501, 7, 17, 2, 1, NULL, '2014-03-14 20:22:39', '2014-03-14 20:22:39', NULL, NULL),
(24985, 225, 8, 20, NULL, NULL, NULL, '2014-03-06 02:46:06', NULL, NULL, NULL),
(24986, 348, 30, 84, NULL, NULL, NULL, '2014-03-06 02:46:08', NULL, NULL, NULL),
(24987, 491, 33, 65, NULL, NULL, NULL, '2014-03-06 02:46:07', NULL, NULL, NULL),
(24988, 345, 27, 57, NULL, NULL, NULL, '2014-03-06 02:46:07', NULL, NULL, NULL),
(24989, 492, 29, 81, NULL, NULL, NULL, '2014-03-06 02:46:08', NULL, NULL, NULL),
(24990, 275, 33, 70, NULL, NULL, NULL, '2014-03-06 02:46:06', NULL, NULL, NULL),
(24991, 325, 13, 35, NULL, NULL, NULL, '2014-03-06 02:46:07', NULL, NULL, NULL),
(24992, 691, 40, 97, NULL, NULL, NULL, '2014-03-06 02:46:09', NULL, NULL, NULL),
(24993, 235, 7, 41, NULL, NULL, NULL, '2014-03-06 02:46:06', NULL, NULL, NULL),
(24994, 295, 14, 43, NULL, NULL, NULL, '2014-03-06 02:46:07', NULL, NULL, NULL),
(24995, 695, 41, 98, NULL, NULL, NULL, '2014-03-06 02:46:09', NULL, NULL, NULL),
(24996, 325, 33, 70, NULL, NULL, NULL, '2014-03-06 02:46:07', NULL, NULL, NULL),
(24997, 295, 16, 53, NULL, NULL, NULL, '2014-03-06 02:46:07', NULL, NULL, NULL),
(24998, 225, 7, 26, NULL, NULL, NULL, '2014-03-06 02:46:06', NULL, NULL, NULL),
(24999, 345, 9, 27, NULL, NULL, NULL, '2014-03-06 02:46:07', NULL, NULL, NULL),
(25000, 265, 7, 40, NULL, NULL, NULL, '2014-03-06 02:46:06', NULL, NULL, NULL),
(25001, 492, 30, 83, NULL, NULL, NULL, '2014-03-06 02:46:08', NULL, NULL, NULL),
(25002, 698, 41, 101, NULL, NULL, NULL, '2014-03-06 02:46:09', NULL, NULL, NULL),
(25003, 288, 37, 74, NULL, NULL, NULL, '2014-03-06 02:46:08', NULL, NULL, NULL),
(25004, 700, 41, 102, NULL, 1, NULL, '2014-03-08 11:41:55', '2014-03-08 11:41:55', NULL, NULL),
(25005, 691, 41, 98, NULL, NULL, NULL, '2014-03-06 02:46:09', NULL, NULL, NULL),
(25006, 215, 7, 18, NULL, NULL, NULL, '2014-03-06 02:46:06', NULL, NULL, NULL),
(25007, 221, 4, 6, NULL, NULL, NULL, '2014-03-06 02:46:05', NULL, NULL, NULL),
(25008, 295, 7, 12, NULL, NULL, NULL, '2014-03-06 02:46:07', NULL, NULL, NULL),
(25009, 315, 9, 27, NULL, NULL, NULL, '2014-03-06 02:46:07', NULL, NULL, NULL),
(25010, 325, 9, 36, NULL, NULL, NULL, '2014-03-06 02:46:07', NULL, NULL, NULL),
(25011, 569, 38, 90, NULL, NULL, NULL, '2014-03-06 02:46:09', NULL, NULL, NULL),
(25012, 205, 5, 10, NULL, NULL, NULL, '2014-03-06 02:46:05', NULL, NULL, NULL),
(25013, 690, 41, 98, NULL, NULL, NULL, '2014-03-06 02:46:09', NULL, NULL, NULL),
(25014, 238, 37, 76, NULL, NULL, NULL, '2014-03-06 02:46:08', NULL, NULL, NULL),
(25015, 225, 27, 56, NULL, 0, NULL, '2014-03-06 12:40:15', NULL, NULL, NULL),
(25016, 225, 9, 28, NULL, NULL, NULL, '2014-03-06 02:46:06', NULL, NULL, NULL),
(25017, 501, 9, 27, NULL, NULL, NULL, '2014-03-06 02:46:08', NULL, NULL, NULL),
(25018, 501, 16, 55, 2, 1, NULL, '2014-03-08 20:16:46', '2014-03-08 20:16:46', NULL, NULL),
(25019, 511, 7, 18, NULL, NULL, NULL, '2014-03-06 02:46:08', NULL, NULL, NULL),
(25020, 295, 7, 41, NULL, NULL, NULL, '2014-03-06 02:46:07', NULL, NULL, NULL),
(25021, 684, 41, 100, NULL, NULL, NULL, '2014-03-06 02:46:09', NULL, NULL, NULL),
(25022, 568, 38, 91, NULL, NULL, NULL, '2014-03-06 02:46:09', NULL, NULL, NULL),
(25023, 285, 13, 35, NULL, NULL, NULL, '2014-03-06 02:46:07', NULL, NULL, NULL),
(25024, 338, 37, 75, NULL, NULL, NULL, '2014-03-06 02:46:08', NULL, NULL, NULL),
(25025, 275, 27, 68, NULL, 1, NULL, '2014-03-08 11:17:50', '2014-03-08 11:17:50', NULL, NULL),
(25026, 501, 16, 52, 1, 1, NULL, '2014-03-08 20:16:59', '2014-03-08 20:16:59', NULL, NULL),
(25027, 328, 37, 73, NULL, NULL, NULL, '2014-03-06 02:46:08', NULL, NULL, NULL),
(25028, 512, 37, 72, NULL, NULL, NULL, '2014-03-06 02:46:08', NULL, NULL, NULL),
(25029, 255, 7, 41, NULL, NULL, NULL, '2014-03-06 02:46:06', NULL, NULL, NULL),
(25030, 308, 29, 87, NULL, NULL, NULL, '2014-03-06 02:46:08', NULL, NULL, NULL),
(25031, 318, 37, 80, NULL, NULL, NULL, '2014-03-06 02:46:08', NULL, NULL, NULL),
(25032, 275, 9, 28, NULL, NULL, NULL, '2014-03-06 02:46:06', NULL, NULL, NULL),
(25033, 263, 36, 103, NULL, NULL, NULL, '2014-03-06 02:46:05', NULL, NULL, NULL),
(25034, 338, 30, 82, NULL, NULL, NULL, '2014-03-06 02:46:08', NULL, NULL, NULL),
(25035, 268, 29, 78, NULL, NULL, NULL, '2014-03-06 02:46:08', NULL, NULL, NULL),
(25036, 248, 29, 79, NULL, NULL, NULL, '2014-03-06 02:46:08', NULL, NULL, NULL),
(25037, 696, 41, 99, NULL, NULL, NULL, '2014-03-06 02:46:09', NULL, NULL, NULL),
(25038, 215, 7, 22, NULL, NULL, NULL, '2014-03-06 02:46:06', NULL, NULL, NULL),
(25039, 248, 29, 88, NULL, NULL, NULL, '2014-03-06 02:46:08', NULL, NULL, NULL),
(25040, 315, 27, 57, NULL, NULL, NULL, '2014-03-06 02:46:07', NULL, NULL, NULL),
(25041, 557, 38, 90, NULL, NULL, NULL, '2014-03-06 02:46:09', NULL, NULL, NULL),
(25042, 515, 5, 8, NULL, NULL, NULL, '2014-03-06 02:46:05', NULL, NULL, NULL),
(25043, 580, 39, 92, NULL, NULL, NULL, '2014-03-06 02:46:09', NULL, NULL, NULL),
(25044, 562, 38, 91, NULL, NULL, NULL, '2014-03-06 02:46:09', NULL, NULL, NULL),
(25045, 348, 28, 63, NULL, NULL, NULL, '2014-03-06 02:46:08', NULL, NULL, NULL),
(25046, 201, 7, 21, NULL, NULL, NULL, '2014-03-06 02:46:06', NULL, NULL, NULL),
(25047, 225, 14, 43, NULL, NULL, NULL, '2014-03-06 02:46:06', NULL, NULL, NULL),
(25048, 501, 7, 22, 5, 1, NULL, '2014-03-14 21:17:36', '2014-03-14 21:17:36', NULL, NULL),
(25049, 258, 29, 81, NULL, NULL, NULL, '2014-03-06 02:46:08', NULL, NULL, NULL),
(25050, 215, 16, 50, NULL, NULL, NULL, '2014-03-06 02:46:06', NULL, NULL, NULL),
(25051, 285, 7, 26, NULL, NULL, NULL, '2014-03-06 02:46:07', NULL, NULL, NULL),
(25052, 335, 13, 35, NULL, NULL, NULL, '2014-03-06 02:46:07', NULL, NULL, NULL),
(25053, 258, 30, 83, NULL, NULL, NULL, '2014-03-06 02:46:08', NULL, NULL, NULL),
(25054, 288, 29, 87, NULL, NULL, NULL, '2014-03-06 02:46:08', NULL, NULL, NULL),
(25055, 318, 29, 79, NULL, NULL, NULL, '2014-03-06 02:46:08', NULL, NULL, NULL),
(25056, 696, 41, 102, NULL, NULL, NULL, '2014-03-06 02:46:09', NULL, NULL, NULL),
(25057, 511, 16, 54, NULL, NULL, NULL, '2014-03-06 02:46:08', NULL, NULL, NULL),
(25058, 205, 5, 8, NULL, NULL, NULL, '2014-03-06 02:46:05', NULL, NULL, NULL),
(25059, 511, 15, 46, NULL, NULL, NULL, '2014-03-06 02:46:08', NULL, NULL, NULL),
(25060, 686, 41, 100, NULL, NULL, NULL, '2014-03-06 02:46:09', NULL, NULL, NULL),
(25061, 700, 40, 96, 3, 1, NULL, '2014-03-08 11:41:16', '2014-03-08 11:41:16', NULL, NULL),
(25062, 225, 8, 23, NULL, NULL, NULL, '2014-03-06 02:46:06', NULL, NULL, NULL),
(25063, 275, 16, 55, NULL, NULL, NULL, '2014-03-06 02:46:06', NULL, NULL, NULL),
(25064, 245, 16, 50, NULL, NULL, NULL, '2014-03-06 02:46:06', NULL, NULL, NULL),
(25065, 315, 8, 20, NULL, NULL, NULL, '2014-03-06 02:46:07', NULL, NULL, NULL),
(25066, 225, 7, 21, NULL, NULL, NULL, '2014-03-06 02:46:06', NULL, NULL, NULL),
(25067, 238, 37, 77, NULL, NULL, NULL, '2014-03-06 02:46:08', NULL, NULL, NULL),
(25068, 325, 14, 44, NULL, NULL, NULL, '2014-03-06 02:46:07', NULL, NULL, NULL),
(25069, 318, 28, 64, NULL, NULL, NULL, '2014-03-06 02:46:08', NULL, NULL, NULL),
(25070, 690, 41, 102, NULL, NULL, NULL, '2014-03-06 02:46:09', NULL, NULL, NULL),
(25071, 507, 36, 104, 1, 1, NULL, '2014-03-08 14:17:30', '2014-03-08 14:17:30', NULL, NULL),
(25072, 225, 14, 45, NULL, NULL, NULL, '2014-03-06 02:46:06', NULL, NULL, NULL),
(25073, 566, 38, 90, NULL, NULL, NULL, '2014-03-06 02:46:09', NULL, NULL, NULL),
(25074, 345, 14, 45, NULL, NULL, NULL, '2014-03-06 02:46:07', NULL, NULL, NULL),
(25075, 567, 38, 91, NULL, NULL, NULL, '2014-03-06 02:46:09', NULL, NULL, NULL),
(25076, 502, 37, 76, 1, 1, NULL, '2014-03-08 13:47:09', '2014-03-08 13:47:09', NULL, NULL),
(25077, 215, 7, 26, NULL, NULL, NULL, '2014-03-06 02:46:06', NULL, NULL, NULL),
(25078, 243, 36, 105, NULL, NULL, NULL, '2014-03-06 02:46:05', NULL, NULL, NULL),
(25079, 225, 14, 44, NULL, NULL, NULL, '2014-03-06 02:46:06', NULL, NULL, NULL),
(25080, 265, 7, 17, NULL, NULL, NULL, '2014-03-06 02:46:06', NULL, NULL, NULL),
(25081, 245, 27, 57, NULL, 1, NULL, '2014-03-08 09:07:38', '2014-03-08 09:07:38', NULL, NULL),
(25082, 265, 16, 54, NULL, NULL, NULL, '2014-03-06 02:46:06', NULL, NULL, NULL),
(25083, 241, 5, 10, NULL, NULL, NULL, '2014-03-06 02:46:05', NULL, NULL, NULL),
(25084, 694, 41, 102, NULL, NULL, NULL, '2014-03-06 02:46:09', NULL, NULL, NULL),
(25085, 291, 5, 11, NULL, NULL, NULL, '2014-03-06 02:46:05', NULL, NULL, NULL),
(25086, 283, 36, 103, NULL, NULL, NULL, '2014-03-06 02:46:05', NULL, NULL, NULL),
(25087, 265, 27, 57, NULL, 1, NULL, '2014-03-08 09:41:58', '2014-03-08 09:41:58', NULL, NULL),
(25088, 689, 41, 101, NULL, NULL, NULL, '2014-03-06 02:46:09', NULL, NULL, NULL),
(25089, 583, 39, 92, NULL, NULL, NULL, '2014-03-06 02:46:09', NULL, NULL, NULL),
(25090, 315, 13, 34, NULL, NULL, NULL, '2014-03-06 02:46:07', NULL, NULL, NULL),
(25091, 215, 33, 65, NULL, 1, NULL, '2014-03-15 12:14:50', '2014-03-15 12:14:50', NULL, NULL),
(25092, 501, 12, 33, 1, 1, NULL, '2014-03-14 21:09:51', '2014-03-14 21:09:51', NULL, NULL),
(25093, 348, 28, 64, NULL, NULL, NULL, '2014-03-06 02:46:08', NULL, NULL, NULL),
(25094, 693, 41, 98, NULL, NULL, NULL, '2014-03-06 02:46:09', NULL, NULL, NULL),
(25095, 492, 28, 62, NULL, NULL, NULL, '2014-03-06 02:46:08', NULL, NULL, NULL),
(25096, 275, 33, 67, NULL, NULL, NULL, '2014-03-06 02:46:06', NULL, NULL, NULL),
(25097, 491, 13, 35, NULL, NULL, NULL, '2014-03-06 02:46:07', NULL, NULL, NULL),
(25098, 685, 41, 102, NULL, NULL, NULL, '2014-03-06 02:46:09', NULL, NULL, NULL),
(25099, 213, 36, 105, NULL, NULL, NULL, '2014-03-06 02:46:05', NULL, NULL, NULL),
(25100, 268, 29, 86, NULL, NULL, NULL, '2014-03-06 02:46:08', NULL, NULL, NULL),
(25101, 699, 40, 95, NULL, NULL, NULL, '2014-03-06 02:46:09', NULL, NULL, NULL),
(25102, 321, 5, 7, NULL, NULL, NULL, '2014-03-06 02:46:05', NULL, NULL, NULL),
(25103, 511, 9, 27, NULL, NULL, NULL, '2014-03-06 02:46:08', NULL, NULL, NULL),
(25104, 512, 37, 77, NULL, NULL, NULL, '2014-03-06 02:46:08', NULL, NULL, NULL),
(25105, 265, 27, 58, NULL, 1, NULL, '2014-03-08 09:42:09', '2014-03-08 09:42:09', NULL, NULL),
(25106, 285, 12, 32, NULL, NULL, NULL, '2014-03-06 02:46:07', NULL, NULL, NULL),
(25107, 211, 5, 10, NULL, NULL, NULL, '2014-03-06 02:46:05', NULL, NULL, NULL),
(25108, 348, 37, 72, NULL, NULL, NULL, '2014-03-06 02:46:08', NULL, NULL, NULL),
(25109, 345, 8, 20, NULL, NULL, NULL, '2014-03-06 02:46:07', NULL, NULL, NULL),
(25110, 238, 37, 73, NULL, NULL, NULL, '2014-03-06 02:46:08', NULL, NULL, NULL),
(25111, 502, 29, 81, 1, 1, NULL, '2014-03-06 19:43:37', '2014-03-06 19:43:37', NULL, NULL),
(25112, 501, 27, 57, 1, 1, NULL, '2014-03-17 16:41:10', '2014-03-17 16:41:10', NULL, NULL),
(25113, 505, 4, 6, NULL, NULL, NULL, '2014-03-06 02:46:05', NULL, NULL, NULL),
(25114, 258, 28, 63, NULL, NULL, NULL, '2014-03-06 02:46:08', NULL, NULL, NULL),
(25115, 558, 38, 90, NULL, NULL, NULL, '2014-03-06 02:46:09', NULL, NULL, NULL),
(25116, 555, 38, 90, NULL, NULL, NULL, '2014-03-06 02:46:09', NULL, NULL, NULL),
(25117, 581, 39, 94, NULL, NULL, NULL, '2014-03-06 02:46:09', NULL, NULL, NULL),
(25118, 511, 7, 22, NULL, NULL, NULL, '2014-03-06 02:46:08', NULL, NULL, NULL),
(25119, 285, 27, 68, NULL, NULL, NULL, '2014-03-06 02:46:06', NULL, NULL, NULL),
(25120, 511, 33, 66, NULL, NULL, NULL, '2014-03-06 02:46:08', NULL, NULL, NULL),
(25121, 241, 5, 9, NULL, NULL, NULL, '2014-03-06 02:46:05', NULL, NULL, NULL),
(25122, 502, 30, 84, 4, 1, NULL, '2014-03-06 20:25:23', '2014-03-06 20:25:23', NULL, NULL),
(25123, 694, 40, 97, NULL, NULL, NULL, '2014-03-06 02:46:09', NULL, NULL, NULL),
(25124, 501, 33, 71, 5, NULL, NULL, '2014-03-14 22:46:43', '2014-03-08 20:49:59', NULL, NULL),
(25125, 335, 7, 18, NULL, NULL, NULL, '2014-03-06 02:46:07', NULL, NULL, NULL),
(25126, 576, 39, 92, NULL, NULL, NULL, '2014-03-06 02:46:09', NULL, NULL, NULL),
(25127, 202, 29, 81, NULL, NULL, NULL, '2014-03-06 02:46:08', NULL, NULL, NULL),
(25128, 491, 8, 24, NULL, NULL, NULL, '2014-03-06 02:46:07', NULL, NULL, NULL),
(25129, 695, 40, 97, NULL, NULL, NULL, '2014-03-06 02:46:09', NULL, NULL, NULL),
(25130, 328, 30, 85, NULL, NULL, NULL, '2014-03-06 02:46:08', NULL, NULL, NULL),
(25131, 258, 37, 74, NULL, NULL, NULL, '2014-03-06 02:46:08', NULL, NULL, NULL),
(25132, 693, 41, 99, NULL, NULL, NULL, '2014-03-06 02:46:09', NULL, NULL, NULL),
(25133, 201, 27, 69, NULL, 1, NULL, '2014-03-06 11:59:44', '2014-03-06 11:59:44', NULL, NULL),
(25134, 265, 14, 43, NULL, NULL, NULL, '2014-03-06 02:46:06', NULL, NULL, NULL),
(25135, 258, 29, 86, NULL, NULL, NULL, '2014-03-06 02:46:08', NULL, NULL, NULL),
(25136, 701, 40, 95, NULL, NULL, NULL, '2014-03-06 02:46:09', NULL, NULL, NULL),
(25137, 584, 39, 92, NULL, NULL, NULL, '2014-03-06 02:46:09', NULL, NULL, NULL),
(25138, 511, 27, 69, NULL, 1, NULL, '2014-03-17 16:39:45', '2014-03-17 16:39:45', NULL, NULL),
(25139, 281, 5, 8, NULL, NULL, NULL, '2014-03-06 02:46:05', NULL, NULL, NULL),
(25140, 295, 8, 25, NULL, NULL, NULL, '2014-03-06 02:46:07', NULL, NULL, NULL),
(25141, 345, 7, 38, NULL, NULL, NULL, '2014-03-06 02:46:07', NULL, NULL, NULL),
(25142, 502, 37, 80, 2, 1, NULL, '2014-03-08 13:47:20', '2014-03-08 13:47:20', NULL, NULL),
(25143, 265, 9, 27, NULL, NULL, NULL, '2014-03-06 02:46:06', NULL, NULL, NULL),
(25144, 248, 28, 62, NULL, NULL, NULL, '2014-03-06 02:46:08', NULL, NULL, NULL),
(25145, 261, 5, 8, NULL, NULL, NULL, '2014-03-06 02:46:05', NULL, NULL, NULL),
(25146, 225, 33, 65, NULL, NULL, NULL, '2014-03-06 02:46:06', NULL, NULL, NULL),
(25147, 345, 14, 44, NULL, NULL, NULL, '2014-03-06 02:46:07', NULL, NULL, NULL),
(25148, 699, 41, 99, NULL, NULL, NULL, '2014-03-06 02:46:09', NULL, NULL, NULL),
(25149, 512, 37, 74, NULL, NULL, NULL, '2014-03-06 02:46:08', NULL, NULL, NULL),
(25150, 511, 27, 57, NULL, 1, NULL, '2014-03-17 16:40:17', '2014-03-17 16:40:17', NULL, NULL),
(25151, 231, 5, 7, NULL, NULL, NULL, '2014-03-06 02:46:05', NULL, NULL, NULL),
(25152, 305, 7, 18, NULL, NULL, NULL, '2014-03-06 02:46:07', NULL, NULL, NULL),
(25153, 325, 7, 12, NULL, NULL, NULL, '2014-03-06 02:46:07', NULL, NULL, NULL),
(25154, 315, 27, 60, NULL, NULL, NULL, '2014-03-06 02:46:07', NULL, NULL, NULL),
(25155, 345, 16, 51, NULL, NULL, NULL, '2014-03-06 02:46:07', NULL, NULL, NULL),
(25156, 215, 14, 45, NULL, NULL, NULL, '2014-03-06 02:46:06', NULL, NULL, NULL),
(25157, 285, 16, 51, NULL, NULL, NULL, '2014-03-06 02:46:07', NULL, NULL, NULL),
(25158, 285, 16, 54, NULL, NULL, NULL, '2014-03-06 02:46:07', NULL, NULL, NULL),
(25159, 325, 7, 18, NULL, NULL, NULL, '2014-03-06 02:46:07', NULL, NULL, NULL),
(25160, 305, 27, 60, NULL, 1, NULL, '2014-03-08 21:05:02', '2014-03-08 21:05:02', NULL, NULL),
(25161, 245, 16, 49, NULL, NULL, NULL, '2014-03-06 02:46:06', NULL, NULL, NULL),
(25162, 225, 14, 42, NULL, NULL, NULL, '2014-03-06 02:46:06', NULL, NULL, NULL),
(25163, 278, 28, 63, NULL, NULL, NULL, '2014-03-06 02:46:08', NULL, NULL, NULL),
(25164, 235, 14, 44, NULL, NULL, NULL, '2014-03-06 02:46:06', NULL, NULL, NULL),
(25165, 348, 29, 88, NULL, NULL, NULL, '2014-03-06 02:46:08', NULL, NULL, NULL),
(25166, 502, 28, 62, 1, 1, NULL, '2014-03-06 19:44:28', '2014-03-06 19:44:28', NULL, NULL),
(25167, 501, 7, 26, NULL, NULL, NULL, '2014-03-06 02:46:08', NULL, NULL, NULL),
(25168, 245, 8, 25, NULL, NULL, NULL, '2014-03-06 02:46:06', NULL, NULL, NULL),
(25169, 288, 29, 88, NULL, NULL, NULL, '2014-03-06 02:46:08', NULL, NULL, NULL),
(25170, 235, 7, 37, NULL, NULL, NULL, '2014-03-06 02:46:06', NULL, NULL, NULL),
(25171, 582, 39, 93, NULL, NULL, NULL, '2014-03-06 02:46:09', NULL, NULL, NULL),
(25172, 495, 5, 7, NULL, NULL, NULL, '2014-03-06 02:46:05', NULL, NULL, NULL),
(25173, 238, 29, 88, NULL, NULL, NULL, '2014-03-06 02:46:08', NULL, NULL, NULL),
(25174, 335, 15, 46, NULL, NULL, NULL, '2014-03-06 02:46:07', NULL, NULL, NULL),
(25175, 305, 16, 55, NULL, NULL, NULL, '2014-03-06 02:46:07', NULL, NULL, NULL),
(25176, 228, 37, 80, NULL, 1, NULL, '2014-03-08 09:27:26', '2014-03-08 09:27:26', NULL, NULL),
(25177, 295, 27, 57, NULL, NULL, NULL, '2014-03-06 02:46:07', NULL, NULL, NULL),
(25178, 228, 37, 75, NULL, NULL, NULL, '2014-03-06 02:46:08', NULL, NULL, NULL),
(25179, 589, 39, 94, NULL, NULL, NULL, '2014-03-06 02:46:09', NULL, NULL, NULL),
(25180, 345, 16, 55, NULL, NULL, NULL, '2014-03-06 02:46:07', NULL, NULL, NULL),
(25181, 305, 27, 68, NULL, 1, NULL, '2014-03-08 21:05:11', '2014-03-08 21:05:11', NULL, NULL),
(25182, 345, 27, 68, NULL, NULL, NULL, '2014-03-06 02:46:07', NULL, NULL, NULL),
(25183, 570, 38, 91, 2, 1, NULL, '2014-03-08 21:02:20', '2014-03-08 21:02:20', NULL, NULL),
(25184, 235, 7, 12, NULL, NULL, NULL, '2014-03-06 02:46:06', NULL, NULL, NULL),
(25185, 275, 13, 34, NULL, NULL, NULL, '2014-03-06 02:46:06', NULL, NULL, NULL),
(25186, 243, 36, 104, NULL, NULL, NULL, '2014-03-06 02:46:05', NULL, NULL, NULL),
(25187, 491, 9, 28, NULL, NULL, NULL, '2014-03-06 02:46:07', NULL, NULL, NULL),
(25188, 245, 9, 28, NULL, NULL, NULL, '2014-03-06 02:46:06', NULL, NULL, NULL),
(25189, 201, 12, 32, NULL, NULL, NULL, '2014-03-06 02:46:06', NULL, NULL, NULL),
(25190, 321, 5, 8, NULL, NULL, NULL, '2014-03-06 02:46:05', NULL, NULL, NULL),
(25191, 268, 37, 74, NULL, NULL, NULL, '2014-03-06 02:46:08', NULL, NULL, NULL),
(25192, 698, 40, 97, NULL, NULL, NULL, '2014-03-06 02:46:09', NULL, NULL, NULL),
(25193, 202, 28, 62, NULL, NULL, NULL, '2014-03-06 02:46:08', NULL, NULL, NULL),
(25194, 502, 28, 61, 3, 1, NULL, '2014-03-06 19:44:01', '2014-03-06 19:44:01', NULL, NULL),
(25195, 305, 12, 33, NULL, NULL, NULL, '2014-03-06 02:46:07', NULL, NULL, NULL),
(25196, 265, 16, 51, NULL, NULL, NULL, '2014-03-06 02:46:06', NULL, NULL, NULL),
(25197, 497, 36, 103, NULL, NULL, NULL, '2014-03-06 02:46:06', NULL, NULL, NULL),
(25198, 685, 40, 97, NULL, NULL, NULL, '2014-03-06 02:46:09', NULL, NULL, NULL),
(25199, 305, 8, 20, NULL, NULL, NULL, '2014-03-06 02:46:07', NULL, NULL, NULL),
(25200, 338, 29, 87, NULL, NULL, NULL, '2014-03-06 02:46:08', NULL, NULL, NULL),
(25201, 265, 16, 55, NULL, NULL, NULL, '2014-03-06 02:46:06', NULL, NULL, NULL),
(25202, 584, 39, 94, NULL, NULL, NULL, '2014-03-06 02:46:09', NULL, NULL, NULL),
(25203, 235, 16, 49, NULL, NULL, NULL, '2014-03-06 02:46:06', NULL, NULL, NULL),
(25204, 345, 27, 56, NULL, NULL, NULL, '2014-03-06 02:46:07', NULL, NULL, NULL),
(25205, 298, 37, 74, NULL, NULL, NULL, '2014-03-06 02:46:08', NULL, NULL, NULL),
(25206, 235, 13, 34, NULL, NULL, NULL, '2014-03-06 02:46:06', NULL, NULL, NULL),
(25207, 315, 16, 54, NULL, NULL, NULL, '2014-03-06 02:46:07', NULL, NULL, NULL),
(25208, 265, 33, 71, NULL, 1, NULL, '2014-03-08 09:42:31', '2014-03-08 09:42:31', NULL, NULL),
(25209, 218, 29, 79, NULL, 1, NULL, '2014-03-08 08:32:03', '2014-03-08 08:32:03', NULL, NULL),
(25210, 213, 36, 104, NULL, NULL, NULL, '2014-03-06 02:46:05', NULL, NULL, NULL),
(25211, 343, 36, 104, NULL, NULL, NULL, '2014-03-06 02:46:06', NULL, NULL, NULL),
(25212, 265, 33, 65, NULL, 1, NULL, '2014-03-08 09:42:38', '2014-03-08 09:42:38', NULL, NULL),
(25213, 258, 29, 79, NULL, NULL, NULL, '2014-03-06 02:46:08', NULL, NULL, NULL),
(25214, 318, 29, 81, NULL, NULL, NULL, '2014-03-06 02:46:08', NULL, NULL, NULL),
(25215, 285, 7, 17, NULL, NULL, NULL, '2014-03-06 02:46:07', NULL, NULL, NULL),
(25216, 225, 27, 68, NULL, 1, NULL, '2014-03-06 12:40:32', '2014-03-06 12:40:32', NULL, NULL),
(25217, 325, 9, 28, NULL, NULL, NULL, '2014-03-06 02:46:07', NULL, NULL, NULL),
(25218, 695, 41, 99, NULL, NULL, NULL, '2014-03-06 02:46:09', NULL, NULL, NULL),
(25219, 273, 36, 105, NULL, NULL, NULL, '2014-03-06 02:46:05', NULL, NULL, NULL),
(25220, 298, 28, 62, NULL, NULL, NULL, '2014-03-06 02:46:08', NULL, NULL, NULL),
(25221, 325, 27, 58, NULL, NULL, NULL, '2014-03-06 02:46:07', NULL, NULL, NULL),
(25222, 325, 16, 52, NULL, NULL, NULL, '2014-03-06 02:46:07', NULL, NULL, NULL),
(25223, 328, 29, 78, NULL, NULL, NULL, '2014-03-06 02:46:08', NULL, NULL, NULL),
(25224, 278, 37, 74, NULL, NULL, NULL, '2014-03-06 02:46:08', NULL, NULL, NULL),
(25225, 295, 33, 66, NULL, NULL, NULL, '2014-03-06 02:46:07', NULL, NULL, NULL),
(25226, 201, 16, 53, NULL, 1, NULL, '2014-03-06 12:05:37', '2014-03-06 12:05:37', NULL, NULL),
(25227, 228, 37, 72, NULL, NULL, NULL, '2014-03-06 02:46:08', NULL, NULL, NULL),
(25228, 275, 16, 54, NULL, NULL, NULL, '2014-03-06 02:46:06', NULL, NULL, NULL),
(25229, 517, 36, 104, NULL, NULL, NULL, '2014-03-06 02:46:06', NULL, NULL, NULL),
(25230, 255, 16, 49, NULL, NULL, NULL, '2014-03-06 02:46:06', NULL, NULL, NULL),
(25231, 288, 28, 63, NULL, NULL, NULL, '2014-03-06 02:46:08', NULL, NULL, NULL),
(25232, 305, 12, 32, NULL, NULL, NULL, '2014-03-06 02:46:07', NULL, NULL, NULL),
(25233, 255, 12, 30, NULL, NULL, NULL, '2014-03-06 02:46:06', NULL, NULL, NULL),
(25234, 295, 12, 30, NULL, NULL, NULL, '2014-03-06 02:46:07', NULL, NULL, NULL),
(25235, 253, 36, 104, NULL, NULL, NULL, '2014-03-06 02:46:05', NULL, NULL, NULL),
(25236, 245, 7, 18, NULL, NULL, NULL, '2014-03-06 02:46:06', NULL, NULL, NULL),
(25237, 512, 30, 84, NULL, NULL, NULL, '2014-03-06 02:46:08', NULL, NULL, NULL),
(25238, 265, 9, 28, NULL, NULL, NULL, '2014-03-06 02:46:06', NULL, NULL, NULL),
(25239, 315, 8, 23, NULL, NULL, NULL, '2014-03-06 02:46:07', NULL, NULL, NULL),
(25240, 511, 14, 45, NULL, NULL, NULL, '2014-03-06 02:46:08', NULL, NULL, NULL),
(25241, 305, 7, 40, NULL, NULL, NULL, '2014-03-06 02:46:07', NULL, NULL, NULL),
(25242, 231, 5, 8, NULL, NULL, NULL, '2014-03-06 02:46:05', NULL, NULL, NULL),
(25243, 559, 38, 91, NULL, NULL, NULL, '2014-03-06 02:46:09', NULL, NULL, NULL),
(25244, 501, 33, 66, 4, 1, NULL, '2014-03-08 20:50:08', '2014-03-08 20:50:08', NULL, NULL),
(25245, 265, 8, 25, NULL, NULL, NULL, '2014-03-06 02:46:06', NULL, NULL, NULL),
(25246, 688, 40, 95, NULL, NULL, NULL, '2014-03-06 02:46:09', NULL, NULL, NULL),
(25247, 328, 29, 81, NULL, NULL, NULL, '2014-03-06 02:46:08', NULL, NULL, NULL),
(25248, 248, 29, 78, NULL, NULL, NULL, '2014-03-06 02:46:08', NULL, NULL, NULL),
(25249, 315, 7, 40, NULL, NULL, NULL, '2014-03-06 02:46:07', NULL, NULL, NULL),
(25250, 691, 41, 100, NULL, NULL, NULL, '2014-03-06 02:46:09', NULL, NULL, NULL),
(25251, 343, 36, 103, NULL, NULL, NULL, '2014-03-06 02:46:06', NULL, NULL, NULL),
(25252, 228, 29, 88, NULL, NULL, NULL, '2014-03-06 02:46:08', NULL, NULL, NULL),
(25253, 305, 8, 25, NULL, NULL, NULL, '2014-03-06 02:46:07', NULL, NULL, NULL),
(25254, 305, 8, 23, NULL, NULL, NULL, '2014-03-06 02:46:07', NULL, NULL, NULL),
(25255, 511, 8, 20, NULL, NULL, NULL, '2014-03-06 02:46:08', NULL, NULL, NULL),
(25256, 501, 16, 53, 4, 1, NULL, '2014-03-08 20:17:09', '2014-03-08 20:17:09', NULL, NULL),
(25257, 687, 40, 96, NULL, NULL, NULL, '2014-03-06 02:46:09', NULL, NULL, NULL),
(25258, 251, 5, 10, NULL, NULL, NULL, '2014-03-06 02:46:05', NULL, NULL, NULL),
(25259, 308, 29, 78, NULL, NULL, NULL, '2014-03-06 02:46:08', NULL, NULL, NULL),
(25260, 325, 27, 59, NULL, NULL, NULL, '2014-03-06 02:46:07', NULL, NULL, NULL),
(25261, 211, 5, 8, NULL, NULL, NULL, '2014-03-06 02:46:05', NULL, NULL, NULL),
(25262, 345, 33, 71, NULL, NULL, NULL, '2014-03-06 02:46:07', NULL, NULL, NULL),
(25263, 218, 30, 85, NULL, NULL, NULL, '2014-03-06 02:46:08', NULL, NULL, NULL),
(25264, 225, 7, 22, NULL, NULL, NULL, '2014-03-06 02:46:06', NULL, NULL, NULL),
(25265, 512, 28, 61, NULL, NULL, NULL, '2014-03-06 02:46:08', NULL, NULL, NULL),
(25266, 511, 27, 68, NULL, NULL, NULL, '2014-03-06 02:46:08', NULL, NULL, NULL),
(25267, 245, 33, 65, NULL, NULL, NULL, '2014-03-06 02:46:06', NULL, NULL, NULL),
(25268, 491, 7, 26, NULL, NULL, NULL, '2014-03-06 02:46:07', NULL, NULL, NULL),
(25269, 298, 37, 80, NULL, NULL, NULL, '2014-03-06 02:46:08', NULL, NULL, NULL),
(25270, 295, 8, 20, NULL, NULL, NULL, '2014-03-06 02:46:07', NULL, NULL, NULL),
(25271, 315, 7, 21, NULL, NULL, NULL, '2014-03-06 02:46:07', NULL, NULL, NULL),
(25272, 345, 7, 40, NULL, NULL, NULL, '2014-03-06 02:46:07', NULL, NULL, NULL),
(25273, 693, 40, 97, NULL, NULL, NULL, '2014-03-06 02:46:09', NULL, NULL, NULL),
(25274, 585, 39, 94, NULL, NULL, NULL, '2014-03-06 02:46:09', NULL, NULL, NULL),
(25275, 215, 33, 71, NULL, 1, NULL, '2014-03-15 12:15:19', '2014-03-15 12:15:19', NULL, NULL),
(25276, 215, 27, 57, NULL, NULL, NULL, '2014-03-06 02:46:06', NULL, NULL, NULL),
(25277, 218, 37, 80, NULL, 1, NULL, '2014-03-08 07:56:53', '2014-03-08 07:56:53', NULL, NULL),
(25278, 245, 14, 45, NULL, NULL, NULL, '2014-03-06 02:46:06', NULL, NULL, NULL),
(25279, 345, 9, 28, NULL, NULL, NULL, '2014-03-06 02:46:07', NULL, NULL, NULL),
(25280, 255, 14, 44, NULL, NULL, NULL, '2014-03-06 02:46:06', NULL, NULL, NULL),
(25281, 275, 14, 42, NULL, NULL, NULL, '2014-03-06 02:46:06', NULL, NULL, NULL),
(25282, 215, 16, 51, NULL, NULL, NULL, '2014-03-06 02:46:06', NULL, NULL, NULL),
(25283, 582, 39, 92, NULL, NULL, NULL, '2014-03-06 02:46:09', NULL, NULL, NULL),
(25284, 201, 9, 36, NULL, NULL, NULL, '2014-03-06 02:46:06', NULL, NULL, NULL),
(25285, 235, 14, 43, NULL, NULL, NULL, '2014-03-06 02:46:06', NULL, NULL, NULL),
(25286, 335, 27, 56, NULL, NULL, NULL, '2014-03-06 02:46:07', NULL, NULL, NULL),
(25287, 253, 36, 105, NULL, NULL, NULL, '2014-03-06 02:46:05', NULL, NULL, NULL),
(25288, 697, 41, 102, NULL, NULL, NULL, '2014-03-06 02:46:09', NULL, NULL, NULL),
(25289, 341, 5, 7, NULL, NULL, NULL, '2014-03-06 02:46:05', NULL, NULL, NULL),
(25290, 328, 28, 62, NULL, NULL, NULL, '2014-03-06 02:46:08', NULL, NULL, NULL),
(25291, 584, 39, 93, NULL, NULL, NULL, '2014-03-06 02:46:09', NULL, NULL, NULL),
(25292, 225, 12, 33, NULL, NULL, NULL, '2014-03-06 02:46:06', NULL, NULL, NULL),
(25293, 228, 28, 64, NULL, NULL, NULL, '2014-03-06 02:46:08', NULL, NULL, NULL),
(25294, 278, 37, 73, NULL, NULL, NULL, '2014-03-06 02:46:08', NULL, NULL, NULL),
(25295, 295, 12, 32, NULL, NULL, NULL, '2014-03-06 02:46:07', NULL, NULL, NULL),
(25296, 587, 39, 92, NULL, NULL, NULL, '2014-03-06 02:46:09', NULL, NULL, NULL),
(25297, 321, 5, 11, NULL, NULL, NULL, '2014-03-06 02:46:05', NULL, NULL, NULL),
(25298, 511, 7, 41, NULL, NULL, NULL, '2014-03-06 02:46:08', NULL, NULL, NULL),
(25299, 515, 5, 10, NULL, NULL, NULL, '2014-03-06 02:46:05', NULL, NULL, NULL),
(25300, 248, 28, 89, NULL, NULL, NULL, '2014-03-06 02:46:08', NULL, NULL, NULL),
(25301, 345, 8, 25, NULL, NULL, NULL, '2014-03-06 02:46:07', NULL, NULL, NULL),
(25302, 693, 41, 102, NULL, NULL, NULL, '2014-03-06 02:46:09', NULL, NULL, NULL),
(25303, 201, 7, 40, NULL, NULL, NULL, '2014-03-06 02:46:06', NULL, NULL, NULL),
(25304, 345, 33, 70, NULL, NULL, NULL, '2014-03-06 02:46:07', NULL, NULL, NULL),
(25305, 215, 14, 43, NULL, NULL, NULL, '2014-03-06 02:46:06', NULL, NULL, NULL),
(25306, 325, 7, 38, NULL, NULL, NULL, '2014-03-06 02:46:07', NULL, NULL, NULL),
(25307, 684, 41, 102, NULL, NULL, NULL, '2014-03-06 02:46:09', NULL, NULL, NULL),
(25308, 218, 29, 86, NULL, 1, NULL, '2014-03-08 08:32:44', '2014-03-08 08:32:44', NULL, NULL),
(25309, 245, 9, 27, NULL, NULL, NULL, '2014-03-06 02:46:06', NULL, NULL, NULL),
(25310, 248, 29, 81, NULL, NULL, NULL, '2014-03-06 02:46:08', NULL, NULL, NULL),
(25311, 345, 13, 34, NULL, NULL, NULL, '2014-03-06 02:46:07', NULL, NULL, NULL),
(25312, 201, 7, 26, NULL, NULL, NULL, '2014-03-06 02:46:06', NULL, NULL, NULL),
(25313, 588, 39, 92, 1, 1, NULL, '2014-03-14 21:26:31', '2014-03-14 21:26:31', NULL, NULL),
(25314, 315, 16, 49, NULL, NULL, NULL, '2014-03-06 02:46:07', NULL, NULL, NULL),
(25315, 305, 14, 42, NULL, NULL, NULL, '2014-03-06 02:46:07', NULL, NULL, NULL),
(25316, 201, 14, 45, NULL, 1, NULL, '2014-03-06 11:50:10', '2014-03-06 11:50:10', NULL, NULL),
(25317, 318, 37, 74, NULL, NULL, NULL, '2014-03-06 02:46:08', NULL, NULL, NULL),
(25318, 512, 37, 76, NULL, NULL, NULL, '2014-03-06 02:46:08', NULL, NULL, NULL),
(25319, 338, 29, 86, NULL, NULL, NULL, '2014-03-06 02:46:08', NULL, NULL, NULL),
(25320, 248, 29, 86, NULL, NULL, NULL, '2014-03-06 02:46:08', NULL, NULL, NULL),
(25321, 245, 7, 21, NULL, NULL, NULL, '2014-03-06 02:46:06', NULL, NULL, NULL),
(25322, 305, 7, 19, NULL, NULL, NULL, '2014-03-06 02:46:07', NULL, NULL, NULL),
(25323, 491, 12, 32, NULL, NULL, NULL, '2014-03-06 02:46:07', NULL, NULL, NULL),
(25324, 691, 40, 95, NULL, NULL, NULL, '2014-03-06 02:46:09', NULL, NULL, NULL),
(25325, 345, 16, 53, NULL, NULL, NULL, '2014-03-06 02:46:07', NULL, NULL, NULL),
(25326, 318, 28, 61, NULL, NULL, NULL, '2014-03-06 02:46:08', NULL, NULL, NULL),
(25327, 338, 28, 61, NULL, NULL, NULL, '2014-03-06 02:46:08', NULL, NULL, NULL),
(25328, 285, 14, 45, NULL, NULL, NULL, '2014-03-06 02:46:07', NULL, NULL, NULL),
(25329, 235, 8, 24, NULL, NULL, NULL, '2014-03-06 02:46:06', NULL, NULL, NULL),
(25330, 308, 37, 75, NULL, NULL, NULL, '2014-03-06 02:46:08', NULL, NULL, NULL),
(25331, 305, 33, 70, NULL, NULL, NULL, '2014-03-06 02:46:07', NULL, NULL, NULL),
(25332, 335, 7, 26, NULL, NULL, NULL, '2014-03-06 02:46:07', NULL, NULL, NULL),
(25333, 265, 7, 19, NULL, NULL, NULL, '2014-03-06 02:46:06', NULL, NULL, NULL),
(25334, 348, 29, 79, NULL, NULL, NULL, '2014-03-06 02:46:08', NULL, NULL, NULL),
(25335, 253, 36, 103, NULL, NULL, NULL, '2014-03-06 02:46:05', NULL, NULL, NULL),
(25336, 295, 16, 50, NULL, NULL, NULL, '2014-03-06 02:46:07', NULL, NULL, NULL),
(25337, 298, 30, 84, NULL, NULL, NULL, '2014-03-06 02:46:08', NULL, NULL, NULL),
(25338, 348, 29, 78, NULL, NULL, NULL, '2014-03-06 02:46:08', NULL, NULL, NULL),
(25339, 502, 29, 86, 3, 1, NULL, '2014-03-06 20:03:46', '2014-03-06 20:03:46', NULL, NULL),
(25340, 315, 7, 37, NULL, NULL, NULL, '2014-03-06 02:46:07', NULL, NULL, NULL),
(25341, 338, 28, 64, NULL, NULL, NULL, '2014-03-06 02:46:08', NULL, NULL, NULL),
(25342, 318, 30, 84, NULL, NULL, NULL, '2014-03-06 02:46:08', NULL, NULL, NULL),
(25343, 308, 37, 73, NULL, NULL, NULL, '2014-03-06 02:46:08', NULL, NULL, NULL),
(25344, 285, 9, 36, NULL, NULL, NULL, '2014-03-06 02:46:07', NULL, NULL, NULL),
(25345, 579, 39, 93, NULL, NULL, NULL, '2014-03-06 02:46:09', NULL, NULL, NULL),
(25346, 275, 27, 60, NULL, NULL, NULL, '2014-03-06 02:46:06', NULL, NULL, NULL),
(25347, 283, 36, 105, NULL, NULL, NULL, '2014-03-06 02:46:05', NULL, NULL, NULL),
(25348, 281, 4, 6, NULL, NULL, NULL, '2014-03-06 02:46:05', NULL, NULL, NULL),
(25349, 579, 39, 92, NULL, NULL, NULL, '2014-03-06 02:46:09', NULL, NULL, NULL),
(25350, 201, 27, 57, NULL, 1, NULL, '2014-03-06 12:00:14', '2014-03-06 12:00:14', NULL, NULL),
(25351, 255, 33, 65, NULL, NULL, NULL, '2014-03-06 02:46:06', NULL, NULL, NULL),
(25352, 215, 7, 17, NULL, NULL, NULL, '2014-03-06 02:46:06', NULL, NULL, NULL),
(25353, 511, 16, 52, NULL, NULL, NULL, '2014-03-06 02:46:08', NULL, NULL, NULL),
(25354, 698, 41, 100, NULL, NULL, NULL, '2014-03-06 02:46:09', NULL, NULL, NULL),
(25355, 313, 36, 105, NULL, NULL, NULL, '2014-03-06 02:46:05', NULL, NULL, NULL),
(25356, 348, 29, 86, NULL, NULL, NULL, '2014-03-06 02:46:08', NULL, NULL, NULL),
(25357, 501, 33, 65, NULL, 1, NULL, '2014-03-06 13:50:25', '2014-03-06 13:50:25', NULL, NULL),
(25358, 323, 36, 105, NULL, NULL, NULL, '2014-03-06 02:46:05', NULL, NULL, NULL),
(25359, 501, 16, 50, NULL, NULL, NULL, '2014-03-06 02:46:07', NULL, NULL, NULL),
(25360, 235, 7, 40, NULL, NULL, NULL, '2014-03-06 02:46:06', NULL, NULL, NULL),
(25361, 295, 7, 21, NULL, NULL, NULL, '2014-03-06 02:46:07', NULL, NULL, NULL),
(25362, 265, 27, 60, NULL, NULL, NULL, '2014-03-06 02:46:06', NULL, NULL, NULL),
(25363, 255, 12, 33, NULL, NULL, NULL, '2014-03-06 02:46:06', NULL, NULL, NULL),
(25364, 235, 16, 55, NULL, NULL, NULL, '2014-03-06 02:46:06', NULL, NULL, NULL),
(25365, 492, 29, 88, NULL, NULL, NULL, '2014-03-06 02:46:08', NULL, NULL, NULL),
(25366, 501, 8, 23, NULL, NULL, NULL, '2014-03-06 02:46:08', NULL, NULL, NULL),
(25367, 495, 5, 10, NULL, NULL, NULL, '2014-03-06 02:46:05', NULL, NULL, NULL),
(25368, 696, 40, 95, NULL, NULL, NULL, '2014-03-06 02:46:09', NULL, NULL, NULL),
(25369, 331, 4, 6, NULL, NULL, NULL, '2014-03-06 02:46:05', NULL, NULL, NULL),
(25370, 201, 7, 19, NULL, NULL, NULL, '2014-03-06 02:46:06', NULL, NULL, NULL),
(25371, 305, 16, 53, NULL, NULL, NULL, '2014-03-06 02:46:07', NULL, NULL, NULL),
(25372, 501, 7, 12, NULL, NULL, NULL, '2014-03-06 02:46:08', NULL, NULL, NULL),
(25373, 235, 33, 66, NULL, NULL, NULL, '2014-03-06 02:46:06', NULL, NULL, NULL),
(25374, 491, 8, 23, NULL, NULL, NULL, '2014-03-06 02:46:07', NULL, NULL, NULL),
(25375, 285, 33, 65, NULL, NULL, NULL, '2014-03-06 02:46:07', NULL, NULL, NULL),
(25376, 501, 27, 56, 1, 1, NULL, '2014-03-07 09:51:22', '2014-03-07 09:51:22', NULL, NULL),
(25377, 228, 37, 76, NULL, NULL, NULL, '2014-03-06 02:46:08', NULL, NULL, NULL),
(25378, 328, 29, 87, NULL, NULL, NULL, '2014-03-06 02:46:08', NULL, NULL, NULL),
(25379, 255, 27, 59, NULL, 1, NULL, '2014-03-08 09:24:39', '2014-03-08 09:24:39', NULL, NULL),
(25380, 348, 37, 76, NULL, NULL, NULL, '2014-03-06 02:46:08', NULL, NULL, NULL),
(25381, 245, 7, 40, NULL, NULL, NULL, '2014-03-06 02:46:06', NULL, NULL, NULL),
(25382, 343, 36, 105, NULL, NULL, NULL, '2014-03-06 02:46:06', NULL, NULL, NULL),
(25383, 497, 36, 104, NULL, NULL, NULL, '2014-03-06 02:46:06', NULL, NULL, NULL),
(25384, 517, 36, 103, NULL, NULL, NULL, '2014-03-06 02:46:06', NULL, NULL, NULL),
(25385, 201, 13, 34, NULL, NULL, NULL, '2014-03-06 02:46:06', NULL, NULL, NULL),
(25386, 335, 7, 40, NULL, NULL, NULL, '2014-03-06 02:46:07', NULL, NULL, NULL),
(25387, 696, 41, 100, NULL, NULL, NULL, '2014-03-06 02:46:09', NULL, NULL, NULL),
(25388, 265, 7, 41, NULL, NULL, NULL, '2014-03-06 02:46:06', NULL, NULL, NULL),
(25389, 335, 27, 68, NULL, NULL, NULL, '2014-03-06 02:46:07', NULL, NULL, NULL),
(25390, 560, 38, 91, NULL, NULL, NULL, '2014-03-06 02:46:09', NULL, NULL, NULL),
(25391, 491, 7, 21, NULL, NULL, NULL, '2014-03-06 02:46:07', NULL, NULL, NULL),
(25392, 295, 27, 59, NULL, NULL, NULL, '2014-03-06 02:46:07', NULL, NULL, NULL),
(25393, 201, 27, 59, NULL, NULL, NULL, '2014-03-06 02:46:06', NULL, NULL, NULL),
(25394, 335, 16, 54, NULL, NULL, NULL, '2014-03-06 02:46:07', NULL, NULL, NULL),
(25395, 225, 7, 17, NULL, NULL, NULL, '2014-03-06 02:46:06', NULL, NULL, NULL),
(25396, 245, 12, 32, NULL, NULL, NULL, '2014-03-06 02:46:06', NULL, NULL, NULL),
(25397, 251, 5, 8, NULL, NULL, NULL, '2014-03-06 02:46:05', NULL, NULL, NULL),
(25398, 315, 7, 38, NULL, NULL, NULL, '2014-03-06 02:46:07', NULL, NULL, NULL),
(25399, 501, 12, 30, NULL, NULL, NULL, '2014-03-06 02:46:08', NULL, NULL, NULL),
(25400, 265, 12, 30, NULL, NULL, NULL, '2014-03-06 02:46:06', NULL, NULL, NULL),
(25401, 511, 7, 19, NULL, NULL, NULL, '2014-03-06 02:46:08', NULL, NULL, NULL),
(25402, 268, 28, 62, NULL, NULL, NULL, '2014-03-06 02:46:08', NULL, NULL, NULL),
(25403, 201, 33, 67, NULL, 1, NULL, '2014-03-06 12:04:04', '2014-03-06 12:04:04', NULL, NULL),
(25404, 255, 7, 21, NULL, NULL, NULL, '2014-03-06 02:46:06', NULL, NULL, NULL),
(25405, 580, 39, 93, NULL, NULL, NULL, '2014-03-06 02:46:09', NULL, NULL, NULL),
(25406, 258, 30, 82, NULL, NULL, NULL, '2014-03-06 02:46:08', NULL, NULL, NULL),
(25407, 308, 29, 88, NULL, NULL, NULL, '2014-03-06 02:46:08', NULL, NULL, NULL),
(25408, 305, 33, 66, NULL, NULL, NULL, '2014-03-06 02:46:07', NULL, NULL, NULL),
(25409, 258, 37, 76, NULL, NULL, NULL, '2014-03-06 02:46:08', NULL, NULL, NULL),
(25410, 265, 16, 49, NULL, NULL, NULL, '2014-03-06 02:46:06', NULL, NULL, NULL),
(25411, 691, 41, 99, NULL, NULL, NULL, '2014-03-06 02:46:09', NULL, NULL, NULL),
(25412, 315, 16, 55, NULL, NULL, NULL, '2014-03-06 02:46:07', NULL, NULL, NULL),
(25413, 285, 16, 55, NULL, NULL, NULL, '2014-03-06 02:46:07', NULL, NULL, NULL),
(25414, 255, 27, 58, NULL, 1, NULL, '2014-03-08 09:24:46', '2014-03-08 09:24:46', NULL, NULL),
(25415, 315, 27, 68, NULL, NULL, NULL, '2014-03-06 02:46:07', NULL, NULL, NULL),
(25416, 238, 28, 89, NULL, NULL, NULL, '2014-03-06 02:46:08', NULL, NULL, NULL),
(25417, 295, 15, 46, NULL, NULL, NULL, '2014-03-06 02:46:07', NULL, NULL, NULL),
(25418, 238, 30, 84, NULL, NULL, NULL, '2014-03-06 02:46:08', NULL, NULL, NULL),
(25419, 225, 9, 27, NULL, NULL, NULL, '2014-03-06 02:46:06', NULL, NULL, NULL),
(25420, 325, 33, 71, NULL, NULL, NULL, '2014-03-06 02:46:07', NULL, NULL, NULL),
(25421, 325, 16, 53, NULL, NULL, NULL, '2014-03-06 02:46:07', NULL, NULL, NULL),
(25422, 288, 30, 84, NULL, NULL, NULL, '2014-03-06 02:46:08', NULL, NULL, NULL),
(25423, 235, 12, 33, NULL, NULL, NULL, '2014-03-06 02:46:06', NULL, NULL, NULL),
(25424, 492, 28, 64, NULL, NULL, NULL, '2014-03-06 02:46:08', NULL, NULL, NULL),
(25425, 263, 36, 105, NULL, NULL, NULL, '2014-03-06 02:46:05', NULL, NULL, NULL),
(25426, 258, 37, 73, NULL, NULL, NULL, '2014-03-06 02:46:08', NULL, NULL, NULL),
(25427, 345, 27, 69, NULL, NULL, NULL, '2014-03-06 02:46:07', NULL, NULL, NULL),
(25428, 325, 16, 55, NULL, NULL, NULL, '2014-03-06 02:46:07', NULL, NULL, NULL),
(25429, 325, 7, 19, NULL, NULL, NULL, '2014-03-06 02:46:07', NULL, NULL, NULL),
(25430, 511, 13, 34, NULL, NULL, NULL, '2014-03-06 02:46:08', NULL, NULL, NULL),
(25431, 328, 30, 82, NULL, NULL, NULL, '2014-03-06 02:46:08', NULL, NULL, NULL),
(25432, 507, 36, 103, 1, 1, NULL, '2014-03-08 14:17:41', '2014-03-08 14:17:41', NULL, NULL),
(25433, 690, 41, 101, NULL, NULL, NULL, '2014-03-06 02:46:09', NULL, NULL, NULL),
(25434, 328, 37, 76, NULL, NULL, NULL, '2014-03-06 02:46:08', NULL, NULL, NULL),
(25435, 305, 16, 50, NULL, NULL, NULL, '2014-03-06 02:46:07', NULL, NULL, NULL),
(25436, 348, 37, 74, NULL, NULL, NULL, '2014-03-06 02:46:08', NULL, NULL, NULL),
(25437, 245, 33, 70, NULL, NULL, NULL, '2014-03-06 02:46:06', NULL, NULL, NULL),
(25438, 338, 37, 76, NULL, NULL, NULL, '2014-03-06 02:46:08', NULL, NULL, NULL),
(25439, 265, 14, 45, NULL, NULL, NULL, '2014-03-06 02:46:06', NULL, NULL, NULL),
(25440, 697, 41, 99, NULL, NULL, NULL, '2014-03-06 02:46:09', NULL, NULL, NULL),
(25441, 225, 7, 18, NULL, NULL, NULL, '2014-03-06 02:46:06', NULL, NULL, NULL),
(25442, 271, 4, 6, NULL, NULL, NULL, '2014-03-06 02:46:05', NULL, NULL, NULL),
(25443, 501, 27, 68, 1, 1, NULL, '2014-03-07 09:52:46', '2014-03-07 09:52:46', NULL, NULL),
(25444, 275, 7, 22, NULL, NULL, NULL, '2014-03-06 02:46:06', NULL, NULL, NULL),
(25445, 348, 30, 85, NULL, NULL, NULL, '2014-03-06 02:46:08', NULL, NULL, NULL);
INSERT INTO `courseTraineeActivity` (`courseTraineeActivityID`, `courseTraineeID`, `lessonID`, `activityID`, `ratingID`, `completedFlag`, `comment`, `dateUpdated`, `completionDate`, `refreshRequested`, `completionPercentage`) VALUES
(25446, 315, 33, 71, NULL, NULL, NULL, '2014-03-06 02:46:07', NULL, NULL, NULL),
(25447, 701, 40, 97, NULL, NULL, NULL, '2014-03-06 02:46:09', NULL, NULL, NULL),
(25448, 268, 37, 76, NULL, NULL, NULL, '2014-03-06 02:46:08', NULL, NULL, NULL),
(25449, 315, 12, 32, NULL, NULL, NULL, '2014-03-06 02:46:07', NULL, NULL, NULL),
(25450, 201, 15, 46, NULL, 1, NULL, '2014-03-06 12:06:33', '2014-03-06 12:06:33', NULL, NULL),
(25451, 305, 7, 21, NULL, NULL, NULL, '2014-03-06 02:46:07', NULL, NULL, NULL),
(25452, 505, 5, 11, NULL, NULL, NULL, '2014-03-06 02:46:05', NULL, NULL, NULL),
(25453, 248, 37, 80, NULL, NULL, NULL, '2014-03-06 02:46:08', NULL, NULL, NULL),
(25454, 295, 27, 58, NULL, NULL, NULL, '2014-03-06 02:46:07', NULL, NULL, NULL),
(25455, 248, 37, 74, NULL, NULL, NULL, '2014-03-06 02:46:08', NULL, NULL, NULL),
(25456, 285, 8, 20, NULL, NULL, NULL, '2014-03-06 02:46:07', NULL, NULL, NULL),
(25457, 225, 7, 12, NULL, NULL, NULL, '2014-03-06 02:46:06', NULL, NULL, NULL),
(25458, 687, 40, 97, NULL, NULL, NULL, '2014-03-06 02:46:09', NULL, NULL, NULL),
(25459, 308, 37, 74, NULL, NULL, NULL, '2014-03-06 02:46:08', NULL, NULL, NULL),
(25460, 561, 38, 91, NULL, NULL, NULL, '2014-03-06 02:46:09', NULL, NULL, NULL),
(25461, 699, 41, 101, NULL, NULL, NULL, '2014-03-06 02:46:09', NULL, NULL, NULL),
(25462, 218, 29, 88, NULL, NULL, NULL, '2014-03-06 02:46:08', NULL, NULL, NULL),
(25463, 512, 29, 86, NULL, NULL, NULL, '2014-03-06 02:46:08', NULL, NULL, NULL),
(25464, 241, 5, 8, NULL, NULL, NULL, '2014-03-06 02:46:05', NULL, NULL, NULL),
(25465, 245, 12, 33, NULL, NULL, NULL, '2014-03-06 02:46:06', NULL, NULL, NULL),
(25466, 285, 16, 49, NULL, NULL, NULL, '2014-03-06 02:46:07', NULL, NULL, NULL),
(25467, 255, 7, 37, NULL, NULL, NULL, '2014-03-06 02:46:06', NULL, NULL, NULL),
(25468, 225, 16, 54, NULL, NULL, NULL, '2014-03-06 02:46:06', NULL, NULL, NULL),
(25469, 512, 30, 82, NULL, NULL, NULL, '2014-03-06 02:46:08', NULL, NULL, NULL),
(25470, 245, 12, 30, NULL, NULL, NULL, '2014-03-06 02:46:06', NULL, NULL, NULL),
(25471, 318, 29, 86, NULL, NULL, NULL, '2014-03-06 02:46:08', NULL, NULL, NULL),
(25472, 268, 28, 63, NULL, NULL, NULL, '2014-03-06 02:46:08', NULL, NULL, NULL),
(25473, 345, 33, 65, NULL, NULL, NULL, '2014-03-06 02:46:07', NULL, NULL, NULL),
(25474, 268, 28, 89, NULL, NULL, NULL, '2014-03-06 02:46:08', NULL, NULL, NULL),
(25475, 228, 29, 81, NULL, NULL, NULL, '2014-03-06 02:46:08', NULL, NULL, NULL),
(25476, 303, 36, 103, NULL, NULL, NULL, '2014-03-06 02:46:05', NULL, NULL, NULL),
(25477, 574, 39, 94, NULL, NULL, NULL, '2014-03-06 02:46:09', NULL, NULL, NULL),
(25478, 258, 28, 89, NULL, NULL, NULL, '2014-03-06 02:46:08', NULL, NULL, NULL),
(25479, 291, 5, 9, NULL, NULL, NULL, '2014-03-06 02:46:05', NULL, NULL, NULL),
(25480, 335, 27, 69, NULL, NULL, NULL, '2014-03-06 02:46:07', NULL, NULL, NULL),
(25481, 586, 39, 92, NULL, NULL, NULL, '2014-03-06 02:46:09', NULL, NULL, NULL),
(25482, 688, 41, 98, NULL, NULL, NULL, '2014-03-06 02:46:09', NULL, NULL, NULL),
(25483, 202, 30, 82, NULL, NULL, NULL, '2014-03-06 02:46:08', NULL, NULL, NULL),
(25484, 491, 7, 19, NULL, NULL, NULL, '2014-03-06 02:46:07', NULL, NULL, NULL),
(25485, 202, 29, 86, NULL, NULL, NULL, '2014-03-06 02:46:08', NULL, NULL, NULL),
(25486, 308, 30, 83, NULL, NULL, NULL, '2014-03-06 02:46:08', NULL, NULL, NULL),
(25487, 228, 30, 83, NULL, NULL, NULL, '2014-03-06 02:46:08', NULL, NULL, NULL),
(25488, 335, 14, 43, NULL, NULL, NULL, '2014-03-06 02:46:07', NULL, NULL, NULL),
(25489, 348, 30, 82, NULL, NULL, NULL, '2014-03-06 02:46:08', NULL, NULL, NULL),
(25490, 201, 14, 44, NULL, NULL, NULL, '2014-03-06 02:46:06', NULL, NULL, NULL),
(25491, 268, 37, 73, NULL, NULL, NULL, '2014-03-06 02:46:08', NULL, NULL, NULL),
(25492, 585, 39, 92, NULL, NULL, NULL, '2014-03-06 02:46:09', NULL, NULL, NULL),
(25493, 338, 30, 84, NULL, NULL, NULL, '2014-03-06 02:46:08', NULL, NULL, NULL),
(25494, 288, 28, 64, NULL, NULL, NULL, '2014-03-06 02:46:08', NULL, NULL, NULL),
(25495, 268, 30, 85, NULL, NULL, NULL, '2014-03-06 02:46:08', NULL, NULL, NULL),
(25496, 278, 28, 62, NULL, NULL, NULL, '2014-03-06 02:46:08', NULL, NULL, NULL),
(25497, 245, 27, 56, NULL, 1, NULL, '2014-03-08 09:07:52', '2014-03-08 09:07:52', NULL, NULL),
(25498, 308, 29, 86, NULL, NULL, NULL, '2014-03-06 02:46:08', NULL, NULL, NULL),
(25499, 318, 28, 89, NULL, NULL, NULL, '2014-03-06 02:46:08', NULL, NULL, NULL),
(25500, 492, 30, 85, NULL, NULL, NULL, '2014-03-06 02:46:08', NULL, NULL, NULL),
(25501, 335, 27, 58, NULL, NULL, NULL, '2014-03-06 02:46:07', NULL, NULL, NULL),
(25502, 228, 28, 89, NULL, NULL, NULL, '2014-03-06 02:46:08', NULL, NULL, NULL),
(25503, 201, 14, 43, NULL, NULL, NULL, '2014-03-06 02:46:06', NULL, NULL, NULL),
(25504, 235, 7, 21, NULL, NULL, NULL, '2014-03-06 02:46:06', NULL, NULL, NULL),
(25505, 325, 8, 25, NULL, NULL, NULL, '2014-03-06 02:46:07', NULL, NULL, NULL),
(25506, 345, 27, 60, NULL, NULL, NULL, '2014-03-06 02:46:07', NULL, NULL, NULL),
(25507, 255, 27, 69, NULL, 1, NULL, '2014-03-08 09:25:11', '2014-03-08 09:25:11', NULL, NULL),
(25508, 265, 7, 12, NULL, NULL, NULL, '2014-03-06 02:46:06', NULL, NULL, NULL),
(25509, 201, 9, 27, NULL, NULL, NULL, '2014-03-06 02:46:06', NULL, NULL, NULL),
(25510, 285, 14, 43, NULL, NULL, NULL, '2014-03-06 02:46:07', NULL, NULL, NULL),
(25511, 275, 27, 69, NULL, NULL, NULL, '2014-03-06 02:46:06', NULL, NULL, NULL),
(25512, 345, 7, 37, NULL, NULL, NULL, '2014-03-06 02:46:07', NULL, NULL, NULL),
(25513, 511, 12, 30, NULL, NULL, NULL, '2014-03-06 02:46:08', NULL, NULL, NULL),
(25514, 245, 27, 58, NULL, NULL, NULL, '2014-03-06 02:46:06', NULL, NULL, NULL),
(25515, 491, 33, 70, NULL, NULL, NULL, '2014-03-06 02:46:07', NULL, NULL, NULL),
(25516, 501, 13, 34, 1, 1, NULL, '2014-03-14 21:09:24', '2014-03-14 21:09:24', NULL, NULL),
(25517, 295, 7, 22, NULL, NULL, NULL, '2014-03-06 02:46:07', NULL, NULL, NULL),
(25518, 255, 15, 46, NULL, NULL, NULL, '2014-03-06 02:46:06', NULL, NULL, NULL),
(25519, 331, 5, 11, NULL, NULL, NULL, '2014-03-06 02:46:05', NULL, NULL, NULL),
(25520, 273, 36, 103, NULL, NULL, NULL, '2014-03-06 02:46:05', NULL, NULL, NULL),
(25521, 291, 5, 8, NULL, NULL, NULL, '2014-03-06 02:46:05', NULL, NULL, NULL),
(25522, 315, 27, 69, NULL, NULL, NULL, '2014-03-06 02:46:07', NULL, NULL, NULL),
(25523, 491, 14, 42, NULL, NULL, NULL, '2014-03-06 02:46:07', NULL, NULL, NULL),
(25524, 492, 28, 63, NULL, NULL, NULL, '2014-03-06 02:46:08', NULL, NULL, NULL),
(25525, 335, 33, 65, NULL, NULL, NULL, '2014-03-06 02:46:07', NULL, NULL, NULL),
(25526, 348, 29, 81, NULL, NULL, NULL, '2014-03-06 02:46:08', NULL, NULL, NULL),
(25527, 335, 16, 49, NULL, NULL, NULL, '2014-03-06 02:46:07', NULL, NULL, NULL),
(25528, 502, 28, 64, 4, 1, NULL, '2014-03-06 20:03:16', '2014-03-06 20:03:16', NULL, NULL),
(25529, 512, 29, 78, NULL, NULL, NULL, '2014-03-06 02:46:08', NULL, NULL, NULL),
(25530, 201, 16, 49, NULL, NULL, NULL, '2014-03-06 02:46:06', NULL, NULL, NULL),
(25531, 225, 12, 32, NULL, NULL, NULL, '2014-03-06 02:46:06', NULL, NULL, NULL),
(25532, 258, 29, 78, NULL, NULL, NULL, '2014-03-06 02:46:08', NULL, NULL, NULL),
(25533, 511, 16, 50, NULL, NULL, NULL, '2014-03-06 02:46:08', NULL, NULL, NULL),
(25534, 295, 14, 42, NULL, NULL, NULL, '2014-03-06 02:46:07', NULL, NULL, NULL),
(25535, 258, 37, 77, NULL, NULL, NULL, '2014-03-06 02:46:08', NULL, NULL, NULL),
(25536, 335, 14, 44, NULL, NULL, NULL, '2014-03-06 02:46:07', NULL, NULL, NULL),
(25537, 215, 7, 41, NULL, NULL, NULL, '2014-03-06 02:46:06', NULL, NULL, NULL),
(25538, 700, 41, 98, 2, 1, NULL, '2014-03-08 11:42:07', '2014-03-08 11:42:07', NULL, NULL),
(25539, 255, 14, 42, NULL, NULL, NULL, '2014-03-06 02:46:06', NULL, NULL, NULL),
(25540, 255, 33, 66, NULL, NULL, NULL, '2014-03-06 02:46:06', NULL, NULL, NULL),
(25541, 700, 41, 99, 1, 1, NULL, '2014-03-08 11:42:16', '2014-03-08 11:42:16', NULL, NULL),
(25542, 565, 38, 91, NULL, NULL, NULL, '2014-03-06 02:46:09', NULL, NULL, NULL),
(25543, 315, 12, 30, NULL, NULL, NULL, '2014-03-06 02:46:07', NULL, NULL, NULL),
(25544, 245, 33, 71, NULL, NULL, NULL, '2014-03-06 02:46:06', NULL, NULL, NULL),
(25545, 211, 5, 11, NULL, NULL, NULL, '2014-03-06 02:46:05', NULL, NULL, NULL),
(25546, 238, 37, 72, NULL, NULL, NULL, '2014-03-06 02:46:08', NULL, NULL, NULL),
(25547, 502, 30, 83, 4, 1, NULL, '2014-03-06 20:25:51', '2014-03-06 20:25:51', NULL, NULL),
(25548, 268, 37, 77, NULL, NULL, NULL, '2014-03-06 02:46:08', NULL, NULL, NULL),
(25549, 215, 27, 56, NULL, NULL, NULL, '2014-03-06 02:46:06', NULL, NULL, NULL),
(25550, 699, 40, 97, NULL, NULL, NULL, '2014-03-06 02:46:09', NULL, NULL, NULL),
(25551, 492, 37, 80, NULL, NULL, NULL, '2014-03-06 02:46:08', NULL, NULL, NULL),
(25552, 582, 39, 94, NULL, NULL, NULL, '2014-03-06 02:46:09', NULL, NULL, NULL),
(25553, 285, 9, 27, NULL, NULL, NULL, '2014-03-06 02:46:07', NULL, NULL, NULL),
(25554, 285, 7, 18, NULL, NULL, NULL, '2014-03-06 02:46:07', NULL, NULL, NULL),
(25555, 278, 30, 85, NULL, NULL, NULL, '2014-03-06 02:46:08', NULL, NULL, NULL),
(25556, 255, 8, 25, NULL, NULL, NULL, '2014-03-06 02:46:06', NULL, NULL, NULL),
(25557, 579, 39, 94, NULL, NULL, NULL, '2014-03-06 02:46:09', NULL, NULL, NULL),
(25558, 265, 16, 50, NULL, NULL, NULL, '2014-03-06 02:46:06', NULL, NULL, NULL),
(25559, 501, 8, 25, NULL, NULL, NULL, '2014-03-06 02:46:08', NULL, NULL, NULL),
(25560, 692, 41, 101, NULL, NULL, NULL, '2014-03-06 02:46:09', NULL, NULL, NULL),
(25561, 311, 5, 11, NULL, NULL, NULL, '2014-03-06 02:46:05', NULL, NULL, NULL),
(25562, 201, 9, 28, NULL, NULL, NULL, '2014-03-06 02:46:06', NULL, NULL, NULL),
(25563, 308, 28, 61, NULL, NULL, NULL, '2014-03-06 02:46:08', NULL, NULL, NULL),
(25564, 338, 37, 73, NULL, NULL, NULL, '2014-03-06 02:46:08', NULL, NULL, NULL),
(25565, 251, 5, 9, NULL, NULL, NULL, '2014-03-06 02:46:05', NULL, NULL, NULL),
(25566, 278, 29, 79, NULL, NULL, NULL, '2014-03-06 02:46:08', NULL, NULL, NULL),
(25567, 345, 12, 32, NULL, NULL, NULL, '2014-03-06 02:46:07', NULL, NULL, NULL),
(25568, 265, 14, 42, NULL, NULL, NULL, '2014-03-06 02:46:06', NULL, NULL, NULL),
(25569, 578, 39, 93, NULL, NULL, NULL, '2014-03-06 02:46:09', NULL, NULL, NULL),
(25570, 235, 16, 52, NULL, NULL, NULL, '2014-03-06 02:46:06', NULL, NULL, NULL),
(25571, 271, 5, 10, NULL, NULL, NULL, '2014-03-06 02:46:05', NULL, NULL, NULL),
(25572, 685, 40, 96, NULL, NULL, NULL, '2014-03-06 02:46:09', NULL, NULL, NULL),
(25573, 693, 41, 100, NULL, NULL, NULL, '2014-03-06 02:46:09', NULL, NULL, NULL),
(25574, 587, 39, 94, NULL, NULL, NULL, '2014-03-06 02:46:09', NULL, NULL, NULL),
(25575, 501, 7, 18, NULL, NULL, NULL, '2014-03-06 02:46:08', NULL, NULL, NULL),
(25576, 345, 12, 30, NULL, NULL, NULL, '2014-03-06 02:46:07', NULL, NULL, NULL),
(25577, 511, 8, 24, NULL, NULL, NULL, '2014-03-06 02:46:08', NULL, NULL, NULL),
(25578, 687, 41, 98, NULL, NULL, NULL, '2014-03-06 02:46:09', NULL, NULL, NULL),
(25579, 492, 37, 75, NULL, NULL, NULL, '2014-03-06 02:46:08', NULL, NULL, NULL),
(25580, 275, 16, 50, NULL, NULL, NULL, '2014-03-06 02:46:06', NULL, NULL, NULL),
(25581, 201, 16, 52, NULL, NULL, NULL, '2014-03-06 02:46:06', NULL, NULL, NULL),
(25582, 560, 38, 90, NULL, NULL, NULL, '2014-03-06 02:46:09', NULL, NULL, NULL),
(25583, 285, 7, 40, NULL, NULL, NULL, '2014-03-06 02:46:07', NULL, NULL, NULL),
(25584, 275, 27, 58, NULL, NULL, NULL, '2014-03-06 02:46:06', NULL, NULL, NULL),
(25585, 335, 16, 53, NULL, NULL, NULL, '2014-03-06 02:46:07', NULL, NULL, NULL),
(25586, 215, 27, 58, NULL, NULL, NULL, '2014-03-06 02:46:06', NULL, NULL, NULL),
(25587, 228, 30, 84, NULL, NULL, NULL, '2014-03-06 02:46:08', NULL, NULL, NULL),
(25588, 215, 13, 35, NULL, NULL, NULL, '2014-03-06 02:46:06', NULL, NULL, NULL),
(25589, 511, 33, 65, NULL, NULL, NULL, '2014-03-06 02:46:08', NULL, NULL, NULL),
(25590, 698, 40, 95, NULL, NULL, NULL, '2014-03-06 02:46:09', NULL, NULL, NULL),
(25591, 338, 29, 88, NULL, NULL, NULL, '2014-03-06 02:46:08', NULL, NULL, NULL),
(25592, 288, 37, 72, NULL, NULL, NULL, '2014-03-06 02:46:08', NULL, NULL, NULL),
(25593, 335, 33, 67, NULL, NULL, NULL, '2014-03-06 02:46:07', NULL, NULL, NULL),
(25594, 564, 38, 90, NULL, NULL, NULL, '2014-03-06 02:46:09', NULL, NULL, NULL),
(25595, 218, 30, 83, NULL, NULL, NULL, '2014-03-06 02:46:08', NULL, NULL, NULL),
(25596, 285, 7, 38, NULL, NULL, NULL, '2014-03-06 02:46:07', NULL, NULL, NULL),
(25597, 555, 38, 91, NULL, NULL, NULL, '2014-03-06 02:46:09', NULL, NULL, NULL),
(25598, 238, 37, 74, NULL, NULL, NULL, '2014-03-06 02:46:08', NULL, NULL, NULL),
(25599, 275, 7, 19, NULL, NULL, NULL, '2014-03-06 02:46:06', NULL, NULL, NULL),
(25600, 231, 5, 9, NULL, NULL, NULL, '2014-03-06 02:46:05', NULL, NULL, NULL),
(25601, 255, 16, 50, NULL, NULL, NULL, '2014-03-06 02:46:06', NULL, NULL, NULL),
(25602, 491, 16, 49, NULL, NULL, NULL, '2014-03-06 02:46:07', NULL, NULL, NULL),
(25603, 201, 27, 68, NULL, NULL, NULL, '2014-03-06 02:46:06', NULL, NULL, NULL),
(25604, 235, 9, 36, NULL, NULL, NULL, '2014-03-06 02:46:06', NULL, NULL, NULL),
(25605, 298, 37, 75, NULL, NULL, NULL, '2014-03-06 02:46:08', NULL, NULL, NULL),
(25606, 345, 14, 42, NULL, NULL, NULL, '2014-03-06 02:46:07', NULL, NULL, NULL),
(25607, 295, 7, 38, NULL, NULL, NULL, '2014-03-06 02:46:07', NULL, NULL, NULL),
(25608, 497, 36, 105, NULL, NULL, NULL, '2014-03-06 02:46:06', NULL, NULL, NULL),
(25609, 228, 29, 86, NULL, NULL, NULL, '2014-03-06 02:46:08', NULL, NULL, NULL),
(25610, 295, 7, 37, NULL, NULL, NULL, '2014-03-06 02:46:07', NULL, NULL, NULL),
(25611, 265, 7, 18, NULL, NULL, NULL, '2014-03-06 02:46:06', NULL, NULL, NULL),
(25612, 338, 28, 62, NULL, NULL, NULL, '2014-03-06 02:46:08', NULL, NULL, NULL),
(25613, 328, 28, 89, NULL, NULL, NULL, '2014-03-06 02:46:08', NULL, NULL, NULL),
(25614, 690, 40, 96, NULL, NULL, NULL, '2014-03-06 02:46:09', NULL, NULL, NULL),
(25615, 225, 15, 46, NULL, NULL, NULL, '2014-03-06 02:46:06', NULL, NULL, NULL),
(25616, 235, 27, 57, NULL, NULL, NULL, '2014-03-06 02:46:06', NULL, NULL, NULL),
(25617, 338, 29, 78, NULL, NULL, NULL, '2014-03-06 02:46:08', NULL, NULL, NULL),
(25618, 295, 27, 60, NULL, NULL, NULL, '2014-03-06 02:46:07', NULL, NULL, NULL),
(25619, 275, 14, 45, NULL, NULL, NULL, '2014-03-06 02:46:06', NULL, NULL, NULL),
(25620, 288, 30, 82, NULL, NULL, NULL, '2014-03-06 02:46:08', NULL, NULL, NULL),
(25621, 215, 16, 54, NULL, NULL, NULL, '2014-03-06 02:46:06', NULL, NULL, NULL),
(25622, 335, 27, 59, NULL, NULL, NULL, '2014-03-06 02:46:07', NULL, NULL, NULL),
(25623, 689, 41, 102, NULL, NULL, NULL, '2014-03-06 02:46:09', NULL, NULL, NULL),
(25624, 288, 29, 78, NULL, NULL, NULL, '2014-03-06 02:46:08', NULL, NULL, NULL),
(25625, 268, 29, 87, NULL, NULL, NULL, '2014-03-06 02:46:08', NULL, NULL, NULL),
(25626, 271, 5, 7, NULL, NULL, NULL, '2014-03-06 02:46:05', NULL, NULL, NULL),
(25627, 225, 9, 36, NULL, NULL, NULL, '2014-03-06 02:46:06', NULL, NULL, NULL),
(25628, 238, 28, 64, NULL, NULL, NULL, '2014-03-06 02:46:08', NULL, NULL, NULL),
(25629, 228, 37, 73, NULL, NULL, NULL, '2014-03-06 02:46:08', NULL, NULL, NULL),
(25630, 491, 7, 22, NULL, NULL, NULL, '2014-03-06 02:46:07', NULL, NULL, NULL),
(25631, 228, 37, 74, NULL, NULL, NULL, '2014-03-06 02:46:08', NULL, NULL, NULL),
(25632, 323, 36, 103, NULL, NULL, NULL, '2014-03-06 02:46:05', NULL, NULL, NULL),
(25633, 501, 7, 19, NULL, NULL, NULL, '2014-03-06 02:46:08', NULL, NULL, NULL),
(25634, 315, 8, 25, NULL, NULL, NULL, '2014-03-06 02:46:07', NULL, NULL, NULL),
(25635, 308, 37, 72, NULL, NULL, NULL, '2014-03-06 02:46:08', NULL, NULL, NULL),
(25636, 335, 27, 60, NULL, NULL, NULL, '2014-03-06 02:46:07', NULL, NULL, NULL),
(25637, 325, 27, 56, NULL, NULL, NULL, '2014-03-06 02:46:07', NULL, NULL, NULL),
(25638, 275, 14, 44, NULL, NULL, NULL, '2014-03-06 02:46:06', NULL, NULL, NULL),
(25639, 325, 14, 42, NULL, NULL, NULL, '2014-03-06 02:46:07', NULL, NULL, NULL),
(25640, 202, 30, 83, NULL, NULL, NULL, '2014-03-06 02:46:08', NULL, NULL, NULL),
(25641, 265, 8, 23, NULL, NULL, NULL, '2014-03-06 02:46:06', NULL, NULL, NULL),
(25642, 572, 39, 93, NULL, NULL, NULL, '2014-03-06 02:46:09', NULL, NULL, NULL),
(25643, 238, 37, 75, NULL, NULL, NULL, '2014-03-06 02:46:08', NULL, NULL, NULL),
(25644, 338, 37, 77, NULL, NULL, NULL, '2014-03-06 02:46:08', NULL, NULL, NULL),
(25645, 318, 29, 88, NULL, NULL, NULL, '2014-03-06 02:46:08', NULL, NULL, NULL),
(25646, 245, 16, 54, NULL, NULL, NULL, '2014-03-06 02:46:06', NULL, NULL, NULL),
(25647, 275, 8, 25, NULL, NULL, NULL, '2014-03-06 02:46:06', NULL, NULL, NULL),
(25648, 225, 33, 70, NULL, NULL, NULL, '2014-03-06 02:46:06', NULL, NULL, NULL),
(25649, 699, 41, 102, NULL, NULL, NULL, '2014-03-06 02:46:09', NULL, NULL, NULL),
(25650, 251, 5, 11, NULL, NULL, NULL, '2014-03-06 02:46:05', NULL, NULL, NULL),
(25651, 308, 30, 84, NULL, NULL, NULL, '2014-03-06 02:46:08', NULL, NULL, NULL),
(25652, 685, 41, 101, NULL, NULL, NULL, '2014-03-06 02:46:09', NULL, NULL, NULL),
(25653, 205, 5, 7, NULL, NULL, NULL, '2014-03-06 02:46:05', NULL, NULL, NULL),
(25654, 689, 40, 97, NULL, NULL, NULL, '2014-03-06 02:46:09', NULL, NULL, NULL),
(25655, 511, 14, 43, NULL, NULL, NULL, '2014-03-06 02:46:08', NULL, NULL, NULL),
(25656, 295, 7, 18, NULL, NULL, NULL, '2014-03-06 02:46:07', NULL, NULL, NULL),
(25657, 491, 14, 43, NULL, NULL, NULL, '2014-03-06 02:46:07', NULL, NULL, NULL),
(25658, 328, 28, 61, NULL, NULL, NULL, '2014-03-06 02:46:08', NULL, NULL, NULL),
(25659, 686, 41, 98, NULL, NULL, NULL, '2014-03-06 02:46:09', NULL, NULL, NULL),
(25660, 235, 7, 19, NULL, NULL, NULL, '2014-03-06 02:46:06', NULL, NULL, NULL),
(25661, 325, 7, 41, NULL, NULL, NULL, '2014-03-06 02:46:07', NULL, NULL, NULL),
(25662, 202, 28, 61, NULL, NULL, NULL, '2014-03-06 02:46:08', NULL, NULL, NULL),
(25663, 517, 36, 105, NULL, NULL, NULL, '2014-03-06 02:46:06', NULL, NULL, NULL),
(25664, 265, 7, 37, NULL, NULL, NULL, '2014-03-06 02:46:06', NULL, NULL, NULL),
(25665, 491, 8, 20, NULL, NULL, NULL, '2014-03-06 02:46:07', NULL, NULL, NULL),
(25666, 515, 5, 7, NULL, NULL, NULL, '2014-03-06 02:46:05', NULL, NULL, NULL),
(25667, 502, 30, 85, 1, 1, NULL, '2014-03-06 20:27:07', '2014-03-06 20:27:07', NULL, NULL),
(25668, 245, 33, 66, NULL, NULL, NULL, '2014-03-06 02:46:06', NULL, NULL, NULL),
(25669, 255, 27, 68, NULL, NULL, NULL, '2014-03-06 02:46:06', NULL, NULL, NULL),
(25670, 201, 27, 56, NULL, NULL, NULL, '2014-03-06 02:46:06', NULL, NULL, NULL),
(25671, 695, 41, 101, NULL, NULL, NULL, '2014-03-06 02:46:09', NULL, NULL, NULL),
(25672, 318, 37, 72, NULL, NULL, NULL, '2014-03-06 02:46:08', NULL, NULL, NULL),
(25673, 275, 12, 33, NULL, NULL, NULL, '2014-03-06 02:46:06', NULL, NULL, NULL),
(25674, 345, 16, 49, NULL, NULL, NULL, '2014-03-06 02:46:07', NULL, NULL, NULL),
(25675, 501, 33, 70, 1, 1, NULL, '2014-03-08 20:50:20', '2014-03-08 20:50:20', NULL, NULL),
(25676, 265, 8, 20, NULL, NULL, NULL, '2014-03-06 02:46:06', NULL, NULL, NULL),
(25677, 245, 13, 35, NULL, NULL, NULL, '2014-03-06 02:46:06', NULL, NULL, NULL),
(25678, 325, 15, 46, NULL, NULL, NULL, '2014-03-06 02:46:07', NULL, NULL, NULL),
(25679, 268, 28, 64, NULL, NULL, NULL, '2014-03-06 02:46:08', NULL, NULL, NULL),
(25680, 305, 12, 30, NULL, NULL, NULL, '2014-03-06 02:46:07', NULL, NULL, NULL),
(25681, 255, 16, 55, NULL, NULL, NULL, '2014-03-06 02:46:06', NULL, NULL, NULL),
(25682, 305, 7, 17, NULL, NULL, NULL, '2014-03-06 02:46:07', NULL, NULL, NULL),
(25683, 492, 37, 77, NULL, NULL, NULL, '2014-03-06 02:46:08', NULL, NULL, NULL),
(25684, 491, 7, 17, NULL, NULL, NULL, '2014-03-06 02:46:07', NULL, NULL, NULL),
(25685, 686, 40, 96, NULL, NULL, NULL, '2014-03-06 02:46:09', NULL, NULL, NULL),
(25686, 511, 12, 32, NULL, NULL, NULL, '2014-03-06 02:46:08', NULL, NULL, NULL),
(25687, 335, 13, 34, NULL, NULL, NULL, '2014-03-06 02:46:07', NULL, NULL, NULL),
(25688, 338, 30, 85, NULL, NULL, NULL, '2014-03-06 02:46:08', NULL, NULL, NULL),
(25689, 502, 29, 78, 4, 1, NULL, '2014-03-06 19:42:52', '2014-03-06 19:42:52', NULL, NULL),
(25690, 345, 27, 59, NULL, NULL, NULL, '2014-03-06 02:46:07', NULL, NULL, NULL),
(25691, 315, 16, 52, NULL, NULL, NULL, '2014-03-06 02:46:07', NULL, NULL, NULL),
(25692, 285, 9, 28, NULL, NULL, NULL, '2014-03-06 02:46:07', NULL, NULL, NULL),
(25693, 501, 27, 58, 4, 1, NULL, '2014-03-06 20:11:19', '2014-03-06 20:11:19', NULL, NULL),
(25694, 345, 33, 66, NULL, NULL, NULL, '2014-03-06 02:46:07', NULL, NULL, NULL),
(25695, 218, 37, 74, NULL, 1, NULL, '2014-03-08 07:57:09', '2014-03-08 07:57:09', NULL, NULL),
(25696, 687, 41, 99, NULL, NULL, NULL, '2014-03-06 02:46:09', NULL, NULL, NULL),
(25697, 338, 28, 89, NULL, NULL, NULL, '2014-03-06 02:46:08', NULL, NULL, NULL),
(25698, 255, 8, 20, NULL, NULL, NULL, '2014-03-06 02:46:06', NULL, NULL, NULL),
(25699, 278, 37, 80, NULL, NULL, NULL, '2014-03-06 02:46:08', NULL, NULL, NULL),
(25700, 221, 5, 7, NULL, NULL, NULL, '2014-03-06 02:46:05', NULL, NULL, NULL),
(25701, 278, 29, 88, NULL, NULL, NULL, '2014-03-06 02:46:08', NULL, NULL, NULL),
(25702, 321, 5, 9, NULL, NULL, NULL, '2014-03-06 02:46:05', NULL, NULL, NULL),
(25703, 492, 30, 82, NULL, NULL, NULL, '2014-03-06 02:46:08', NULL, NULL, NULL),
(25704, 315, 9, 36, NULL, NULL, NULL, '2014-03-06 02:46:07', NULL, NULL, NULL),
(25705, 588, 39, 94, NULL, NULL, NULL, '2014-03-06 02:46:09', NULL, NULL, NULL),
(25706, 235, 14, 45, NULL, NULL, NULL, '2014-03-06 02:46:06', NULL, NULL, NULL),
(25707, 201, 27, 58, NULL, NULL, NULL, '2014-03-06 02:46:06', NULL, NULL, NULL),
(25708, 328, 37, 80, NULL, NULL, NULL, '2014-03-06 02:46:08', NULL, NULL, NULL),
(25709, 202, 37, 75, NULL, NULL, NULL, '2014-03-06 02:46:08', NULL, NULL, NULL),
(25710, 335, 16, 51, NULL, NULL, NULL, '2014-03-06 02:46:07', NULL, NULL, NULL),
(25711, 235, 33, 70, NULL, NULL, NULL, '2014-03-06 02:46:06', NULL, NULL, NULL),
(25712, 245, 14, 43, NULL, NULL, NULL, '2014-03-06 02:46:06', NULL, NULL, NULL),
(25713, 573, 39, 93, NULL, NULL, NULL, '2014-03-06 02:46:09', NULL, NULL, NULL),
(25714, 505, 5, 9, NULL, NULL, NULL, '2014-03-06 02:46:05', NULL, NULL, NULL),
(25715, 235, 8, 25, NULL, NULL, NULL, '2014-03-06 02:46:06', NULL, NULL, NULL),
(25716, 491, 33, 66, NULL, NULL, NULL, '2014-03-06 02:46:07', NULL, NULL, NULL),
(25717, 245, 27, 69, NULL, NULL, NULL, '2014-03-06 02:46:06', NULL, NULL, NULL),
(25718, 692, 41, 100, NULL, NULL, NULL, '2014-03-06 02:46:09', NULL, NULL, NULL),
(25719, 265, 8, 24, NULL, NULL, NULL, '2014-03-06 02:46:06', NULL, NULL, NULL),
(25720, 268, 28, 61, NULL, NULL, NULL, '2014-03-06 02:46:08', NULL, NULL, NULL),
(25721, 255, 7, 12, NULL, NULL, NULL, '2014-03-06 02:46:06', NULL, NULL, NULL),
(25722, 288, 37, 76, NULL, NULL, NULL, '2014-03-06 02:46:08', NULL, NULL, NULL),
(25723, 248, 37, 72, NULL, NULL, NULL, '2014-03-06 02:46:08', NULL, NULL, NULL),
(25724, 278, 29, 78, NULL, NULL, NULL, '2014-03-06 02:46:08', NULL, NULL, NULL),
(25725, 325, 13, 34, NULL, NULL, NULL, '2014-03-06 02:46:07', NULL, NULL, NULL),
(25726, 315, 27, 56, NULL, NULL, NULL, '2014-03-06 02:46:07', NULL, NULL, NULL),
(25727, 512, 28, 63, NULL, NULL, NULL, '2014-03-06 02:46:08', NULL, NULL, NULL),
(25728, 325, 33, 65, NULL, NULL, NULL, '2014-03-06 02:46:07', NULL, NULL, NULL),
(25729, 512, 28, 62, NULL, NULL, NULL, '2014-03-06 02:46:08', NULL, NULL, NULL),
(25730, 491, 33, 67, NULL, NULL, NULL, '2014-03-06 02:46:07', NULL, NULL, NULL),
(25731, 692, 41, 99, NULL, NULL, NULL, '2014-03-06 02:46:09', NULL, NULL, NULL),
(25732, 255, 33, 67, NULL, NULL, NULL, '2014-03-06 02:46:06', NULL, NULL, NULL),
(25733, 581, 39, 93, NULL, NULL, NULL, '2014-03-06 02:46:09', NULL, NULL, NULL),
(25734, 698, 40, 96, NULL, NULL, NULL, '2014-03-06 02:46:09', NULL, NULL, NULL),
(25735, 295, 33, 65, NULL, NULL, NULL, '2014-03-06 02:46:07', NULL, NULL, NULL),
(25736, 278, 29, 81, NULL, NULL, NULL, '2014-03-06 02:46:08', NULL, NULL, NULL),
(25737, 686, 40, 95, NULL, NULL, NULL, '2014-03-06 02:46:09', NULL, NULL, NULL),
(25738, 684, 40, 95, NULL, 1, NULL, '2014-03-08 08:26:14', '2014-03-08 08:26:14', NULL, NULL),
(25739, 331, 5, 10, NULL, NULL, NULL, '2014-03-06 02:46:05', NULL, NULL, NULL),
(25740, 491, 16, 54, NULL, NULL, NULL, '2014-03-06 02:46:07', NULL, NULL, NULL),
(25741, 694, 41, 99, NULL, NULL, NULL, '2014-03-06 02:46:09', NULL, NULL, NULL),
(25742, 345, 7, 19, NULL, NULL, NULL, '2014-03-06 02:46:07', NULL, NULL, NULL),
(25743, 285, 7, 21, NULL, NULL, NULL, '2014-03-06 02:46:07', NULL, NULL, NULL),
(25744, 207, 36, 105, NULL, NULL, NULL, '2014-03-06 02:46:05', NULL, NULL, NULL),
(25745, 228, 28, 62, NULL, NULL, NULL, '2014-03-06 02:46:08', NULL, NULL, NULL),
(25746, 335, 16, 52, NULL, NULL, NULL, '2014-03-06 02:46:07', NULL, NULL, NULL),
(25747, 265, 15, 46, NULL, NULL, NULL, '2014-03-06 02:46:06', NULL, NULL, NULL),
(25748, 275, 8, 24, NULL, NULL, NULL, '2014-03-06 02:46:06', NULL, NULL, NULL),
(25749, 574, 39, 92, NULL, NULL, NULL, '2014-03-06 02:46:09', NULL, NULL, NULL),
(25750, 233, 36, 103, NULL, NULL, NULL, '2014-03-06 02:46:05', NULL, NULL, NULL),
(25751, 501, 7, 21, NULL, NULL, NULL, '2014-03-06 02:46:08', NULL, NULL, NULL),
(25752, 201, 7, 38, NULL, NULL, NULL, '2014-03-06 02:46:06', NULL, NULL, NULL),
(25753, 215, 12, 32, NULL, NULL, NULL, '2014-03-06 02:46:06', NULL, NULL, NULL),
(25754, 225, 33, 67, NULL, NULL, NULL, '2014-03-06 02:46:06', NULL, NULL, NULL),
(25755, 241, 5, 7, NULL, NULL, NULL, '2014-03-06 02:46:05', NULL, NULL, NULL),
(25756, 491, 16, 52, NULL, NULL, NULL, '2014-03-06 02:46:07', NULL, NULL, NULL),
(25757, 565, 38, 90, NULL, NULL, NULL, '2014-03-06 02:46:09', NULL, NULL, NULL),
(25758, 201, 16, 55, NULL, NULL, NULL, '2014-03-06 02:46:06', NULL, NULL, NULL),
(25759, 305, 16, 51, NULL, NULL, NULL, '2014-03-06 02:46:07', NULL, NULL, NULL),
(25760, 491, 27, 57, NULL, NULL, NULL, '2014-03-06 02:46:07', NULL, NULL, NULL),
(25761, 265, 33, 70, NULL, NULL, NULL, '2014-03-06 02:46:06', NULL, NULL, NULL),
(25762, 213, 36, 103, NULL, NULL, NULL, '2014-03-06 02:46:05', NULL, NULL, NULL),
(25763, 202, 28, 64, NULL, NULL, NULL, '2014-03-06 02:46:08', NULL, NULL, NULL),
(25764, 265, 7, 22, NULL, NULL, NULL, '2014-03-06 02:46:06', NULL, NULL, NULL),
(25765, 215, 7, 12, NULL, NULL, NULL, '2014-03-06 02:46:06', NULL, NULL, NULL),
(25766, 325, 8, 20, NULL, NULL, NULL, '2014-03-06 02:46:07', NULL, NULL, NULL),
(25767, 325, 8, 24, NULL, NULL, NULL, '2014-03-06 02:46:07', NULL, NULL, NULL),
(25768, 265, 27, 68, NULL, NULL, NULL, '2014-03-06 02:46:06', NULL, NULL, NULL),
(25769, 215, 33, 66, NULL, NULL, NULL, '2014-03-06 02:46:06', NULL, NULL, NULL),
(25770, 261, 5, 11, NULL, NULL, NULL, '2014-03-06 02:46:05', NULL, NULL, NULL),
(25771, 690, 40, 95, NULL, NULL, NULL, '2014-03-06 02:46:09', NULL, NULL, NULL),
(25772, 495, 5, 11, NULL, NULL, NULL, '2014-03-06 02:46:05', NULL, NULL, NULL),
(25773, 684, 41, 98, NULL, NULL, NULL, '2014-03-06 02:46:09', NULL, NULL, NULL),
(25774, 245, 7, 12, NULL, NULL, NULL, '2014-03-06 02:46:06', NULL, NULL, NULL),
(25775, 335, 7, 12, NULL, NULL, NULL, '2014-03-06 02:46:07', NULL, NULL, NULL),
(25776, 335, 12, 33, NULL, NULL, NULL, '2014-03-06 02:46:07', NULL, NULL, NULL),
(25777, 201, 7, 37, NULL, NULL, NULL, '2014-03-06 02:46:06', NULL, NULL, NULL),
(25778, 235, 33, 71, NULL, NULL, NULL, '2014-03-06 02:46:06', NULL, NULL, NULL),
(25779, 235, 7, 26, NULL, NULL, NULL, '2014-03-06 02:46:06', NULL, NULL, NULL),
(25780, 491, 12, 33, NULL, NULL, NULL, '2014-03-06 02:46:07', NULL, NULL, NULL),
(25781, 258, 37, 72, NULL, NULL, NULL, '2014-03-06 02:46:08', NULL, NULL, NULL),
(25782, 225, 7, 40, NULL, NULL, NULL, '2014-03-06 02:46:06', NULL, NULL, NULL),
(25783, 231, 5, 11, NULL, NULL, NULL, '2014-03-06 02:46:05', NULL, NULL, NULL),
(25784, 285, 12, 30, NULL, NULL, NULL, '2014-03-06 02:46:07', NULL, NULL, NULL),
(25785, 701, 41, 101, NULL, NULL, NULL, '2014-03-06 02:46:09', NULL, NULL, NULL),
(25786, 255, 7, 40, NULL, NULL, NULL, '2014-03-06 02:46:06', NULL, NULL, NULL),
(25787, 694, 41, 100, NULL, NULL, NULL, '2014-03-06 02:46:09', NULL, NULL, NULL),
(25788, 491, 15, 46, NULL, NULL, NULL, '2014-03-06 02:46:07', NULL, NULL, NULL),
(25789, 562, 38, 90, NULL, NULL, NULL, '2014-03-06 02:46:09', NULL, NULL, NULL),
(25790, 245, 7, 41, NULL, NULL, NULL, '2014-03-06 02:46:06', NULL, NULL, NULL),
(25791, 285, 33, 67, NULL, NULL, NULL, '2014-03-06 02:46:07', NULL, NULL, NULL),
(25792, 265, 7, 21, NULL, NULL, NULL, '2014-03-06 02:46:06', NULL, NULL, NULL),
(25793, 291, 5, 10, NULL, NULL, NULL, '2014-03-06 02:46:05', NULL, NULL, NULL),
(25794, 295, 14, 44, NULL, NULL, NULL, '2014-03-06 02:46:07', NULL, NULL, NULL),
(25795, 308, 28, 62, NULL, NULL, NULL, '2014-03-06 02:46:08', NULL, NULL, NULL),
(25796, 278, 28, 64, NULL, NULL, NULL, '2014-03-06 02:46:08', NULL, NULL, NULL),
(25797, 689, 40, 95, NULL, NULL, NULL, '2014-03-06 02:46:09', NULL, NULL, NULL),
(25798, 202, 29, 87, NULL, NULL, NULL, '2014-03-06 02:46:08', NULL, NULL, NULL),
(25799, 215, 8, 23, NULL, NULL, NULL, '2014-03-06 02:46:06', NULL, NULL, NULL),
(25800, 512, 37, 80, NULL, NULL, NULL, '2014-03-06 02:46:08', NULL, NULL, NULL),
(25801, 688, 41, 102, NULL, NULL, NULL, '2014-03-06 02:46:09', NULL, NULL, NULL),
(25802, 338, 29, 79, NULL, NULL, NULL, '2014-03-06 02:46:08', NULL, NULL, NULL),
(25803, 335, 7, 37, NULL, NULL, NULL, '2014-03-06 02:46:07', NULL, NULL, NULL),
(25804, 218, 28, 64, NULL, 1, NULL, '2014-03-08 08:34:53', '2014-03-08 08:34:53', NULL, NULL),
(25805, 335, 33, 70, NULL, NULL, NULL, '2014-03-06 02:46:07', NULL, NULL, NULL),
(25806, 245, 7, 22, NULL, NULL, NULL, '2014-03-06 02:46:06', NULL, NULL, NULL),
(25807, 201, 12, 30, NULL, NULL, NULL, '2014-03-06 02:46:06', NULL, NULL, NULL),
(25808, 268, 30, 84, NULL, NULL, NULL, '2014-03-06 02:46:08', NULL, NULL, NULL),
(25809, 258, 28, 62, NULL, NULL, NULL, '2014-03-06 02:46:08', NULL, NULL, NULL),
(25810, 238, 29, 81, NULL, NULL, NULL, '2014-03-06 02:46:08', NULL, NULL, NULL),
(25811, 305, 9, 36, NULL, NULL, NULL, '2014-03-06 02:46:07', NULL, NULL, NULL),
(25812, 695, 40, 96, NULL, NULL, NULL, '2014-03-06 02:46:09', NULL, NULL, NULL),
(25813, 225, 7, 19, NULL, NULL, NULL, '2014-03-06 02:46:06', NULL, NULL, NULL),
(25814, 325, 16, 54, NULL, NULL, NULL, '2014-03-06 02:46:07', NULL, NULL, NULL),
(25815, 305, 15, 46, NULL, NULL, NULL, '2014-03-06 02:46:07', NULL, NULL, NULL),
(25816, 201, 14, 42, NULL, NULL, NULL, '2014-03-06 02:46:06', NULL, NULL, NULL),
(25817, 205, 4, 6, NULL, NULL, NULL, '2014-03-06 02:46:05', NULL, NULL, NULL),
(25818, 255, 13, 34, NULL, NULL, NULL, '2014-03-06 02:46:06', NULL, NULL, NULL),
(25819, 245, 7, 17, NULL, NULL, NULL, '2014-03-06 02:46:06', NULL, NULL, NULL),
(25820, 491, 16, 50, NULL, NULL, NULL, '2014-03-06 02:46:07', NULL, NULL, NULL),
(25821, 335, 16, 55, NULL, NULL, NULL, '2014-03-06 02:46:07', NULL, NULL, NULL),
(25822, 345, 7, 26, NULL, NULL, NULL, '2014-03-06 02:46:07', NULL, NULL, NULL),
(25823, 235, 27, 68, NULL, NULL, NULL, '2014-03-06 02:46:06', NULL, NULL, NULL),
(25824, 345, 7, 22, NULL, NULL, NULL, '2014-03-06 02:46:07', NULL, NULL, NULL),
(25825, 255, 33, 71, NULL, NULL, NULL, '2014-03-06 02:46:06', NULL, NULL, NULL),
(25826, 225, 27, 69, NULL, 1, NULL, '2014-03-08 11:52:03', '2014-03-08 11:52:03', NULL, NULL),
(25827, 688, 40, 96, NULL, NULL, NULL, '2014-03-06 02:46:09', NULL, NULL, NULL),
(25828, 507, 36, 105, 1, 1, NULL, '2014-03-08 14:17:54', '2014-03-08 14:17:54', NULL, NULL),
(25829, 201, 7, 41, NULL, NULL, NULL, '2014-03-06 02:46:06', NULL, NULL, NULL),
(25830, 335, 33, 66, NULL, NULL, NULL, '2014-03-06 02:46:07', NULL, NULL, NULL),
(25831, 218, 28, 62, NULL, 1, NULL, '2014-03-08 08:35:17', '2014-03-08 08:35:17', NULL, NULL),
(25832, 298, 28, 63, NULL, NULL, NULL, '2014-03-06 02:46:08', NULL, NULL, NULL),
(25833, 281, 5, 9, NULL, NULL, NULL, '2014-03-06 02:46:05', NULL, NULL, NULL),
(25834, 235, 27, 56, NULL, NULL, NULL, '2014-03-06 02:46:06', NULL, NULL, NULL),
(25835, 202, 37, 80, NULL, NULL, NULL, '2014-03-06 02:46:08', NULL, NULL, NULL),
(25836, 693, 40, 96, NULL, NULL, NULL, '2014-03-06 02:46:09', NULL, NULL, NULL),
(25837, 298, 30, 82, NULL, NULL, NULL, '2014-03-06 02:46:08', NULL, NULL, NULL),
(25838, 285, 33, 66, NULL, NULL, NULL, '2014-03-06 02:46:07', NULL, NULL, NULL),
(25839, 201, 16, 54, NULL, NULL, NULL, '2014-03-06 02:46:06', NULL, NULL, NULL),
(25840, 325, 33, 66, NULL, NULL, NULL, '2014-03-06 02:46:07', NULL, NULL, NULL),
(25841, 502, 37, 74, 2, 1, NULL, '2014-03-08 13:47:40', '2014-03-08 13:47:40', NULL, NULL),
(25842, 288, 37, 80, NULL, NULL, NULL, '2014-03-06 02:46:08', NULL, NULL, NULL),
(25843, 255, 27, 56, NULL, 1, NULL, '2014-03-08 09:24:57', '2014-03-08 09:24:57', NULL, NULL),
(25844, 325, 16, 51, NULL, NULL, NULL, '2014-03-06 02:46:07', NULL, NULL, NULL),
(25845, 275, 16, 51, NULL, NULL, NULL, '2014-03-06 02:46:06', NULL, NULL, NULL),
(25846, 215, 16, 55, NULL, NULL, NULL, '2014-03-06 02:46:06', NULL, NULL, NULL),
(25847, 275, 16, 52, NULL, NULL, NULL, '2014-03-06 02:46:06', NULL, NULL, NULL),
(25848, 202, 37, 76, NULL, NULL, NULL, '2014-03-06 02:46:08', NULL, NULL, NULL),
(25849, 335, 8, 23, NULL, NULL, NULL, '2014-03-06 02:46:07', NULL, NULL, NULL),
(25850, 285, 8, 24, NULL, NULL, NULL, '2014-03-06 02:46:07', NULL, NULL, NULL),
(25851, 335, 7, 17, NULL, NULL, NULL, '2014-03-06 02:46:07', NULL, NULL, NULL),
(25852, 223, 36, 103, NULL, NULL, NULL, '2014-03-06 02:46:05', NULL, NULL, NULL),
(25853, 335, 14, 45, NULL, NULL, NULL, '2014-03-06 02:46:07', NULL, NULL, NULL),
(25854, 218, 37, 73, NULL, 1, NULL, '2014-03-08 07:57:23', '2014-03-08 07:57:23', NULL, NULL),
(25855, 700, 41, 100, NULL, 1, NULL, '2014-03-08 11:42:44', '2014-03-08 11:42:44', NULL, NULL),
(25856, 278, 30, 83, NULL, NULL, NULL, '2014-03-06 02:46:08', NULL, NULL, NULL),
(25857, 501, 7, 40, 4, 1, NULL, '2014-03-14 21:18:06', '2014-03-14 21:18:06', NULL, NULL),
(25858, 301, 5, 10, NULL, NULL, NULL, '2014-03-06 02:46:05', NULL, NULL, NULL),
(25859, 248, 37, 75, NULL, NULL, NULL, '2014-03-06 02:46:08', NULL, NULL, NULL),
(25860, 345, 7, 12, NULL, NULL, NULL, '2014-03-06 02:46:07', NULL, NULL, NULL),
(25861, 298, 28, 64, NULL, NULL, NULL, '2014-03-06 02:46:08', NULL, NULL, NULL),
(25862, 335, 9, 27, NULL, NULL, NULL, '2014-03-06 02:46:07', NULL, NULL, NULL),
(25863, 700, 40, 95, 1, 1, NULL, '2014-03-08 11:41:26', '2014-03-08 11:41:26', NULL, NULL),
(25864, 225, 16, 52, NULL, NULL, NULL, '2014-03-06 02:46:06', NULL, NULL, NULL),
(25865, 225, 27, 57, NULL, 1, NULL, '2014-03-08 11:53:29', '2014-03-08 11:53:29', NULL, NULL),
(25866, 338, 37, 72, NULL, NULL, NULL, '2014-03-06 02:46:08', NULL, NULL, NULL),
(25867, 248, 28, 63, NULL, NULL, NULL, '2014-03-06 02:46:08', NULL, NULL, NULL),
(25868, 295, 14, 45, NULL, NULL, NULL, '2014-03-06 02:46:07', NULL, NULL, NULL),
(25869, 315, 16, 53, NULL, NULL, NULL, '2014-03-06 02:46:07', NULL, NULL, NULL),
(25870, 311, 5, 8, NULL, NULL, NULL, '2014-03-06 02:46:05', NULL, NULL, NULL),
(25871, 491, 13, 34, NULL, NULL, NULL, '2014-03-06 02:46:07', NULL, NULL, NULL),
(25872, 571, 38, 90, NULL, NULL, NULL, '2014-03-06 02:46:09', NULL, NULL, NULL),
(25873, 338, 30, 83, NULL, NULL, NULL, '2014-03-06 02:46:08', NULL, NULL, NULL),
(25874, 235, 27, 58, NULL, NULL, NULL, '2014-03-06 02:46:06', NULL, NULL, NULL),
(25875, 501, 15, 46, NULL, 1, NULL, '2014-03-08 09:56:17', '2014-03-08 09:56:17', NULL, NULL),
(25876, 215, 33, 67, NULL, NULL, NULL, '2014-03-06 02:46:06', NULL, NULL, NULL),
(25877, 501, 27, 60, 2, 1, NULL, '2014-03-07 09:52:04', '2014-03-07 09:52:04', NULL, NULL),
(25878, 215, 15, 46, NULL, NULL, NULL, '2014-03-06 02:46:06', NULL, NULL, NULL),
(25879, 245, 9, 36, NULL, NULL, NULL, '2014-03-06 02:46:06', NULL, NULL, NULL),
(25880, 275, 33, 65, NULL, NULL, NULL, '2014-03-06 02:46:06', NULL, NULL, NULL),
(25881, 225, 33, 66, NULL, NULL, NULL, '2014-03-06 02:46:06', NULL, NULL, NULL),
(25882, 305, 27, 58, NULL, 1, NULL, '2014-03-08 21:05:23', '2014-03-08 21:05:23', NULL, NULL),
(25883, 501, 14, 42, NULL, 1, NULL, '2014-03-08 09:55:30', '2014-03-08 09:55:30', NULL, NULL),
(25884, 699, 40, 96, NULL, NULL, NULL, '2014-03-06 02:46:09', NULL, NULL, NULL),
(25885, 298, 29, 88, NULL, NULL, NULL, '2014-03-06 02:46:08', NULL, NULL, NULL),
(25886, 564, 38, 91, NULL, NULL, NULL, '2014-03-06 02:46:09', NULL, NULL, NULL),
(25887, 345, 7, 41, NULL, NULL, NULL, '2014-03-06 02:46:07', NULL, NULL, NULL),
(25888, 285, 8, 23, NULL, NULL, NULL, '2014-03-06 02:46:07', NULL, NULL, NULL),
(25889, 694, 41, 98, NULL, NULL, NULL, '2014-03-06 02:46:09', NULL, NULL, NULL),
(25890, 502, 28, 63, 4, 1, NULL, '2014-03-06 20:03:00', '2014-03-06 20:03:00', NULL, NULL),
(25891, 325, 12, 30, NULL, NULL, NULL, '2014-03-06 02:46:07', NULL, NULL, NULL),
(25892, 315, 15, 46, NULL, NULL, NULL, '2014-03-06 02:46:07', NULL, NULL, NULL),
(25893, 218, 30, 82, NULL, NULL, NULL, '2014-03-06 02:46:08', NULL, NULL, NULL),
(25894, 225, 16, 50, NULL, NULL, NULL, '2014-03-06 02:46:06', NULL, NULL, NULL),
(25895, 348, 30, 83, NULL, NULL, NULL, '2014-03-06 02:46:08', NULL, NULL, NULL),
(25896, 578, 39, 92, NULL, NULL, NULL, '2014-03-06 02:46:09', NULL, NULL, NULL),
(25897, 687, 41, 100, NULL, NULL, NULL, '2014-03-06 02:46:09', NULL, NULL, NULL),
(25898, 556, 38, 91, NULL, NULL, NULL, '2014-03-06 02:46:09', NULL, NULL, NULL),
(25899, 235, 16, 51, NULL, NULL, NULL, '2014-03-06 02:46:06', NULL, NULL, NULL),
(25900, 701, 41, 98, NULL, NULL, NULL, '2014-03-06 02:46:09', NULL, NULL, NULL),
(25901, 245, 16, 53, NULL, NULL, NULL, '2014-03-06 02:46:06', NULL, NULL, NULL),
(25902, 335, 33, 71, NULL, NULL, NULL, '2014-03-06 02:46:07', NULL, NULL, NULL),
(25903, 285, 8, 25, NULL, NULL, NULL, '2014-03-06 02:46:07', NULL, NULL, NULL),
(25904, 580, 39, 94, NULL, NULL, NULL, '2014-03-06 02:46:09', NULL, NULL, NULL),
(25905, 278, 37, 77, NULL, NULL, NULL, '2014-03-06 02:46:08', NULL, NULL, NULL),
(25906, 511, 14, 42, NULL, NULL, NULL, '2014-03-06 02:46:08', NULL, NULL, NULL),
(25907, 318, 29, 87, NULL, NULL, NULL, '2014-03-06 02:46:08', NULL, NULL, NULL),
(25908, 228, 30, 82, NULL, NULL, NULL, '2014-03-06 02:46:08', NULL, NULL, NULL),
(25909, 275, 16, 49, NULL, NULL, NULL, '2014-03-06 02:46:06', NULL, NULL, NULL),
(25910, 235, 15, 46, NULL, NULL, NULL, '2014-03-06 02:46:06', NULL, NULL, NULL),
(25911, 308, 37, 80, NULL, NULL, NULL, '2014-03-06 02:46:08', NULL, NULL, NULL),
(25912, 215, 8, 20, NULL, NULL, NULL, '2014-03-06 02:46:06', NULL, NULL, NULL),
(25913, 511, 7, 40, NULL, NULL, NULL, '2014-03-06 02:46:08', NULL, NULL, NULL),
(25914, 255, 16, 52, NULL, NULL, NULL, '2014-03-06 02:46:06', NULL, NULL, NULL),
(25915, 201, 7, 12, NULL, NULL, NULL, '2014-03-06 02:46:06', NULL, NULL, NULL),
(25916, 238, 29, 86, NULL, NULL, NULL, '2014-03-06 02:46:08', NULL, NULL, NULL),
(25917, 275, 7, 37, NULL, NULL, NULL, '2014-03-06 02:46:06', NULL, NULL, NULL),
(25918, 563, 38, 91, NULL, NULL, NULL, '2014-03-06 02:46:09', NULL, NULL, NULL),
(25919, 492, 37, 74, NULL, NULL, NULL, '2014-03-06 02:46:08', NULL, NULL, NULL),
(25920, 313, 36, 103, NULL, NULL, NULL, '2014-03-06 02:46:05', NULL, NULL, NULL),
(25921, 318, 30, 83, NULL, NULL, NULL, '2014-03-06 02:46:08', NULL, NULL, NULL),
(25922, 201, 8, 23, NULL, NULL, NULL, '2014-03-06 02:46:06', NULL, NULL, NULL),
(25923, 268, 30, 83, NULL, NULL, NULL, '2014-03-06 02:46:08', NULL, NULL, NULL),
(25924, 245, 33, 67, NULL, NULL, NULL, '2014-03-06 02:46:06', NULL, NULL, NULL),
(25925, 278, 29, 86, NULL, NULL, NULL, '2014-03-06 02:46:08', NULL, NULL, NULL),
(25926, 491, 16, 53, NULL, NULL, NULL, '2014-03-06 02:46:07', NULL, NULL, NULL),
(25927, 215, 12, 30, NULL, NULL, NULL, '2014-03-06 02:46:06', NULL, NULL, NULL),
(25928, 328, 28, 64, NULL, NULL, NULL, '2014-03-06 02:46:08', NULL, NULL, NULL),
(25929, 248, 30, 84, NULL, NULL, NULL, '2014-03-06 02:46:08', NULL, NULL, NULL),
(25930, 695, 40, 95, NULL, NULL, NULL, '2014-03-06 02:46:09', NULL, NULL, NULL),
(25931, 311, 5, 9, NULL, NULL, NULL, '2014-03-06 02:46:05', NULL, NULL, NULL),
(25932, 491, 7, 40, NULL, NULL, NULL, '2014-03-06 02:46:07', NULL, NULL, NULL),
(25933, 491, 14, 44, NULL, NULL, NULL, '2014-03-06 02:46:07', NULL, NULL, NULL),
(25934, 328, 30, 83, NULL, NULL, NULL, '2014-03-06 02:46:08', NULL, NULL, NULL),
(25935, 325, 27, 57, NULL, NULL, NULL, '2014-03-06 02:46:07', NULL, NULL, NULL),
(25936, 325, 16, 50, NULL, NULL, NULL, '2014-03-06 02:46:07', NULL, NULL, NULL),
(25937, 265, 7, 38, NULL, NULL, NULL, '2014-03-06 02:46:06', NULL, NULL, NULL),
(25938, 578, 39, 94, NULL, NULL, NULL, '2014-03-06 02:46:09', NULL, NULL, NULL),
(25939, 225, 16, 53, NULL, NULL, NULL, '2014-03-06 02:46:06', NULL, NULL, NULL),
(25940, 700, 40, 97, 1, 1, NULL, '2014-03-08 11:41:42', '2014-03-08 11:41:42', NULL, NULL),
(25941, 295, 16, 54, NULL, NULL, NULL, '2014-03-06 02:46:07', NULL, NULL, NULL),
(25942, 275, 7, 38, NULL, NULL, NULL, '2014-03-06 02:46:06', NULL, NULL, NULL),
(25943, 285, 27, 60, NULL, NULL, NULL, '2014-03-06 02:46:07', NULL, NULL, NULL),
(25944, 268, 37, 75, NULL, NULL, NULL, '2014-03-06 02:46:08', NULL, NULL, NULL),
(25945, 288, 28, 62, NULL, NULL, NULL, '2014-03-06 02:46:08', NULL, NULL, NULL),
(25946, 291, 5, 7, NULL, NULL, NULL, '2014-03-06 02:46:05', NULL, NULL, NULL),
(25947, 285, 16, 50, NULL, NULL, NULL, '2014-03-06 02:46:07', NULL, NULL, NULL),
(25948, 245, 27, 68, NULL, NULL, NULL, '2014-03-06 02:46:06', NULL, NULL, NULL),
(25949, 338, 29, 81, NULL, NULL, NULL, '2014-03-06 02:46:08', NULL, NULL, NULL),
(25950, 686, 40, 97, NULL, NULL, NULL, '2014-03-06 02:46:09', NULL, NULL, NULL),
(25951, 238, 37, 80, NULL, NULL, NULL, '2014-03-06 02:46:08', NULL, NULL, NULL),
(25952, 202, 37, 73, NULL, NULL, NULL, '2014-03-06 02:46:08', NULL, NULL, NULL),
(25953, 258, 28, 64, NULL, NULL, NULL, '2014-03-06 02:46:08', NULL, NULL, NULL),
(25954, 298, 30, 85, NULL, NULL, NULL, '2014-03-06 02:46:08', NULL, NULL, NULL),
(25955, 278, 37, 75, NULL, NULL, NULL, '2014-03-06 02:46:08', NULL, NULL, NULL),
(25956, 202, 37, 74, NULL, NULL, NULL, '2014-03-06 02:46:08', NULL, NULL, NULL),
(25957, 295, 7, 26, NULL, NULL, NULL, '2014-03-06 02:46:07', NULL, NULL, NULL),
(25958, 325, 7, 17, NULL, NULL, NULL, '2014-03-06 02:46:07', NULL, NULL, NULL),
(25959, 325, 14, 45, NULL, NULL, NULL, '2014-03-06 02:46:07', NULL, NULL, NULL),
(25960, 335, 12, 32, NULL, NULL, NULL, '2014-03-06 02:46:07', NULL, NULL, NULL),
(25961, 221, 5, 8, NULL, NULL, NULL, '2014-03-06 02:46:05', NULL, NULL, NULL),
(25962, 697, 41, 101, NULL, NULL, NULL, '2014-03-06 02:46:09', NULL, NULL, NULL),
(25963, 305, 13, 35, NULL, NULL, NULL, '2014-03-06 02:46:07', NULL, NULL, NULL),
(25964, 285, 7, 41, NULL, NULL, NULL, '2014-03-06 02:46:07', NULL, NULL, NULL),
(25965, 268, 37, 72, NULL, NULL, NULL, '2014-03-06 02:46:08', NULL, NULL, NULL),
(25966, 684, 40, 97, NULL, 1, NULL, '2014-03-08 08:26:54', '2014-03-08 08:26:54', NULL, NULL),
(25967, 694, 40, 96, NULL, NULL, NULL, '2014-03-06 02:46:09', NULL, NULL, NULL),
(25968, 511, 7, 12, NULL, NULL, NULL, '2014-03-06 02:46:08', NULL, NULL, NULL),
(25969, 689, 40, 96, NULL, NULL, NULL, '2014-03-06 02:46:09', NULL, NULL, NULL),
(25970, 491, 8, 25, NULL, NULL, NULL, '2014-03-06 02:46:07', NULL, NULL, NULL),
(25971, 283, 36, 104, NULL, NULL, NULL, '2014-03-06 02:46:05', NULL, NULL, NULL),
(25972, 305, 9, 27, NULL, NULL, NULL, '2014-03-06 02:46:07', NULL, NULL, NULL),
(25973, 512, 28, 89, NULL, NULL, NULL, '2014-03-06 02:46:08', NULL, NULL, NULL),
(25974, 295, 16, 51, NULL, NULL, NULL, '2014-03-06 02:46:07', NULL, NULL, NULL),
(25975, 305, 7, 12, NULL, NULL, NULL, '2014-03-06 02:46:07', NULL, NULL, NULL),
(25976, 589, 39, 93, NULL, NULL, NULL, '2014-03-06 02:46:09', NULL, NULL, NULL),
(25977, 263, 36, 104, NULL, NULL, NULL, '2014-03-06 02:46:05', NULL, NULL, NULL),
(25978, 511, 8, 25, NULL, NULL, NULL, '2014-03-06 02:46:08', NULL, NULL, NULL),
(25979, 583, 39, 93, NULL, NULL, NULL, '2014-03-06 02:46:09', NULL, NULL, NULL),
(25980, 491, 16, 51, NULL, NULL, NULL, '2014-03-06 02:46:07', NULL, NULL, NULL),
(25981, 325, 7, 37, NULL, NULL, NULL, '2014-03-06 02:46:07', NULL, NULL, NULL),
(25982, 501, 27, 59, 1, 1, NULL, '2014-03-07 09:49:15', '2014-03-07 09:49:15', NULL, NULL),
(25983, 215, 12, 33, NULL, NULL, NULL, '2014-03-06 02:46:06', NULL, NULL, NULL),
(25984, 235, 7, 18, NULL, NULL, NULL, '2014-03-06 02:46:06', NULL, NULL, NULL),
(25985, 345, 15, 46, NULL, NULL, NULL, '2014-03-06 02:46:07', NULL, NULL, NULL),
(25986, 265, 33, 66, NULL, NULL, NULL, '2014-03-06 02:46:06', NULL, NULL, NULL),
(25987, 248, 29, 87, NULL, NULL, NULL, '2014-03-06 02:46:08', NULL, NULL, NULL),
(25988, 218, 37, 76, NULL, 1, NULL, '2014-03-08 07:57:54', '2014-03-08 07:57:54', NULL, NULL),
(25989, 238, 29, 78, NULL, NULL, NULL, '2014-03-06 02:46:08', NULL, NULL, NULL),
(25990, 698, 41, 102, NULL, NULL, NULL, '2014-03-06 02:46:09', NULL, NULL, NULL),
(25991, 511, 12, 33, NULL, NULL, NULL, '2014-03-06 02:46:08', NULL, NULL, NULL),
(25992, 288, 29, 79, NULL, NULL, NULL, '2014-03-06 02:46:08', NULL, NULL, NULL),
(25993, 554, 38, 90, NULL, NULL, NULL, '2014-03-06 02:46:09', NULL, NULL, NULL),
(25994, 699, 41, 100, NULL, NULL, NULL, '2014-03-06 02:46:09', NULL, NULL, NULL),
(25995, 315, 33, 70, NULL, NULL, NULL, '2014-03-06 02:46:07', NULL, NULL, NULL),
(25996, 248, 30, 85, NULL, NULL, NULL, '2014-03-06 02:46:08', NULL, NULL, NULL),
(25997, 285, 7, 22, NULL, NULL, NULL, '2014-03-06 02:46:07', NULL, NULL, NULL),
(25998, 501, 8, 24, NULL, NULL, NULL, '2014-03-06 02:46:08', NULL, NULL, NULL),
(25999, 318, 37, 75, NULL, NULL, NULL, '2014-03-06 02:46:08', NULL, NULL, NULL),
(26000, 335, 12, 30, NULL, NULL, NULL, '2014-03-06 02:46:07', NULL, NULL, NULL),
(26001, 221, 5, 9, NULL, NULL, NULL, '2014-03-06 02:46:05', NULL, NULL, NULL),
(26002, 235, 14, 42, NULL, NULL, NULL, '2014-03-06 02:46:06', NULL, NULL, NULL),
(26003, 275, 9, 27, NULL, NULL, NULL, '2014-03-06 02:46:06', NULL, NULL, NULL),
(26004, 568, 38, 90, NULL, NULL, NULL, '2014-03-06 02:46:09', NULL, NULL, NULL),
(26005, 245, 16, 51, NULL, NULL, NULL, '2014-03-06 02:46:06', NULL, NULL, NULL),
(26006, 235, 33, 65, NULL, NULL, NULL, '2014-03-06 02:46:06', NULL, NULL, NULL),
(26007, 515, 5, 9, NULL, NULL, NULL, '2014-03-06 02:46:05', NULL, NULL, NULL),
(26008, 275, 7, 12, NULL, NULL, NULL, '2014-03-06 02:46:06', NULL, NULL, NULL),
(26009, 275, 12, 30, NULL, NULL, NULL, '2014-03-06 02:46:06', NULL, NULL, NULL),
(26010, 245, 16, 55, NULL, NULL, NULL, '2014-03-06 02:46:06', NULL, NULL, NULL),
(26011, 275, 7, 17, NULL, NULL, NULL, '2014-03-06 02:46:06', NULL, NULL, NULL),
(26012, 325, 33, 67, NULL, NULL, NULL, '2014-03-06 02:46:07', NULL, NULL, NULL),
(26013, 235, 13, 35, NULL, NULL, NULL, '2014-03-06 02:46:06', NULL, NULL, NULL),
(26014, 511, 7, 26, NULL, NULL, NULL, '2014-03-06 02:46:08', NULL, NULL, NULL),
(26015, 335, 8, 25, NULL, NULL, NULL, '2014-03-06 02:46:07', NULL, NULL, NULL),
(26016, 576, 39, 93, NULL, NULL, NULL, '2014-03-06 02:46:09', NULL, NULL, NULL),
(26017, 491, 27, 56, NULL, NULL, NULL, '2014-03-06 02:46:07', NULL, NULL, NULL),
(26018, 511, 9, 36, NULL, NULL, NULL, '2014-03-06 02:46:08', NULL, NULL, NULL),
(26019, 215, 7, 38, NULL, NULL, NULL, '2014-03-06 02:46:06', NULL, NULL, NULL),
(26020, 501, 7, 38, 7, 1, NULL, '2014-03-14 21:16:47', '2014-03-14 21:16:47', NULL, NULL),
(26021, 315, 7, 26, NULL, NULL, NULL, '2014-03-06 02:46:07', NULL, NULL, NULL),
(26022, 685, 41, 100, NULL, NULL, NULL, '2014-03-06 02:46:09', NULL, NULL, NULL),
(26023, 293, 36, 104, NULL, NULL, NULL, '2014-03-06 02:46:05', NULL, NULL, NULL),
(26024, 305, 33, 67, NULL, NULL, NULL, '2014-03-06 02:46:07', NULL, NULL, NULL),
(26025, 258, 37, 75, NULL, NULL, NULL, '2014-03-06 02:46:08', NULL, NULL, NULL),
(26026, 265, 7, 26, NULL, NULL, NULL, '2014-03-06 02:46:06', NULL, NULL, NULL),
(26027, 258, 28, 61, NULL, NULL, NULL, '2014-03-06 02:46:08', NULL, NULL, NULL),
(26028, 255, 8, 24, NULL, NULL, NULL, '2014-03-06 02:46:06', NULL, NULL, NULL),
(26029, 686, 41, 99, NULL, NULL, NULL, '2014-03-06 02:46:09', NULL, NULL, NULL),
(26030, 690, 41, 99, NULL, NULL, NULL, '2014-03-06 02:46:09', NULL, NULL, NULL),
(26031, 325, 12, 32, NULL, NULL, NULL, '2014-03-06 02:46:07', NULL, NULL, NULL),
(26032, 301, 4, 6, NULL, NULL, NULL, '2014-03-06 02:46:05', NULL, NULL, NULL),
(26033, 295, 7, 17, NULL, NULL, NULL, '2014-03-06 02:46:07', NULL, NULL, NULL),
(26034, 328, 37, 77, NULL, NULL, NULL, '2014-03-06 02:46:08', NULL, NULL, NULL),
(26035, 202, 29, 79, NULL, NULL, NULL, '2014-03-06 02:46:08', NULL, NULL, NULL),
(26036, 301, 5, 11, NULL, NULL, NULL, '2014-03-06 02:46:05', NULL, NULL, NULL),
(26037, 348, 37, 77, NULL, NULL, NULL, '2014-03-06 02:46:08', NULL, NULL, NULL),
(26038, 345, 9, 36, NULL, NULL, NULL, '2014-03-06 02:46:07', NULL, NULL, NULL),
(26039, 511, 16, 55, NULL, NULL, NULL, '2014-03-06 02:46:08', NULL, NULL, NULL),
(26040, 298, 37, 73, NULL, NULL, NULL, '2014-03-06 02:46:08', NULL, NULL, NULL),
(26041, 215, 27, 60, NULL, NULL, NULL, '2014-03-06 02:46:06', NULL, NULL, NULL),
(26042, 295, 27, 56, NULL, NULL, NULL, '2014-03-06 02:46:07', NULL, NULL, NULL),
(26043, 295, 33, 70, NULL, NULL, NULL, '2014-03-06 02:46:07', NULL, NULL, NULL),
(26044, 265, 12, 33, NULL, NULL, NULL, '2014-03-06 02:46:06', NULL, NULL, NULL),
(26045, 315, 27, 58, NULL, NULL, NULL, '2014-03-06 02:46:07', NULL, NULL, NULL),
(26046, 238, 29, 79, NULL, NULL, NULL, '2014-03-06 02:46:08', NULL, NULL, NULL),
(26047, 201, 8, 24, NULL, NULL, NULL, '2014-03-06 02:46:06', NULL, NULL, NULL),
(26048, 225, 27, 58, NULL, NULL, NULL, '2014-03-06 02:46:06', NULL, NULL, NULL),
(26049, 298, 29, 81, NULL, NULL, NULL, '2014-03-06 02:46:08', NULL, NULL, NULL),
(26050, 689, 41, 100, NULL, NULL, NULL, '2014-03-06 02:46:09', NULL, NULL, NULL),
(26051, 298, 29, 79, NULL, NULL, NULL, '2014-03-06 02:46:08', NULL, NULL, NULL),
(26052, 315, 7, 41, NULL, NULL, NULL, '2014-03-06 02:46:07', NULL, NULL, NULL),
(26053, 491, 7, 38, NULL, NULL, NULL, '2014-03-06 02:46:07', NULL, NULL, NULL),
(26054, 301, 5, 8, NULL, NULL, NULL, '2014-03-06 02:46:05', NULL, NULL, NULL),
(26055, 323, 36, 104, NULL, NULL, NULL, '2014-03-06 02:46:05', NULL, NULL, NULL),
(26056, 492, 28, 61, NULL, NULL, NULL, '2014-03-06 02:46:08', NULL, NULL, NULL),
(26057, 572, 39, 92, NULL, NULL, NULL, '2014-03-06 02:46:09', NULL, NULL, NULL),
(26058, 571, 38, 91, NULL, NULL, NULL, '2014-03-06 02:46:09', NULL, NULL, NULL),
(26059, 275, 7, 18, NULL, NULL, NULL, '2014-03-06 02:46:06', NULL, NULL, NULL),
(26060, 265, 14, 44, NULL, NULL, NULL, '2014-03-06 02:46:06', NULL, NULL, NULL),
(26061, 685, 41, 99, NULL, NULL, NULL, '2014-03-06 02:46:09', NULL, NULL, NULL),
(26062, 265, 27, 56, NULL, NULL, NULL, '2014-03-06 02:46:06', NULL, NULL, NULL),
(26063, 345, 33, 67, NULL, NULL, NULL, '2014-03-06 02:46:07', NULL, NULL, NULL),
(26064, 218, 28, 61, NULL, 1, NULL, '2014-03-08 08:35:49', '2014-03-08 08:35:49', NULL, NULL),
(26065, 328, 30, 84, NULL, NULL, NULL, '2014-03-06 02:46:08', NULL, NULL, NULL),
(26066, 345, 8, 24, NULL, NULL, NULL, '2014-03-06 02:46:07', NULL, NULL, NULL),
(26067, 574, 39, 93, NULL, NULL, NULL, '2014-03-06 02:46:09', NULL, NULL, NULL),
(26068, 492, 29, 79, NULL, NULL, NULL, '2014-03-06 02:46:08', NULL, NULL, NULL),
(26069, 245, 14, 44, NULL, NULL, NULL, '2014-03-06 02:46:06', NULL, NULL, NULL),
(26070, 245, 27, 59, NULL, NULL, NULL, '2014-03-06 02:46:06', NULL, NULL, NULL),
(26071, 215, 14, 42, NULL, NULL, NULL, '2014-03-06 02:46:06', NULL, NULL, NULL);
INSERT INTO `courseTraineeActivity` (`courseTraineeActivityID`, `courseTraineeID`, `lessonID`, `activityID`, `ratingID`, `completedFlag`, `comment`, `dateUpdated`, `completionDate`, `refreshRequested`, `completionPercentage`) VALUES
(26072, 201, 13, 35, NULL, NULL, NULL, '2014-03-06 02:46:06', NULL, NULL, NULL),
(26073, 295, 16, 52, NULL, NULL, NULL, '2014-03-06 02:46:07', NULL, NULL, NULL),
(26074, 501, 14, 45, NULL, 1, NULL, '2014-03-08 09:55:40', '2014-03-08 09:55:40', NULL, NULL),
(26075, 512, 29, 88, NULL, NULL, NULL, '2014-03-06 02:46:08', NULL, NULL, NULL),
(26076, 492, 29, 78, NULL, NULL, NULL, '2014-03-06 02:46:08', NULL, NULL, NULL),
(26077, 501, 27, 69, 2, 1, NULL, '2014-03-07 09:53:11', '2014-03-07 09:53:11', NULL, NULL),
(26078, 315, 7, 19, NULL, NULL, NULL, '2014-03-06 02:46:07', NULL, NULL, NULL),
(26079, 225, 7, 38, NULL, NULL, NULL, '2014-03-06 02:46:06', NULL, NULL, NULL),
(26080, 207, 36, 103, NULL, NULL, NULL, '2014-03-06 02:46:05', NULL, NULL, NULL),
(26081, 701, 41, 102, NULL, NULL, NULL, '2014-03-06 02:46:09', NULL, NULL, NULL),
(26082, 241, 5, 11, NULL, NULL, NULL, '2014-03-06 02:46:05', NULL, NULL, NULL),
(26083, 308, 28, 63, NULL, NULL, NULL, '2014-03-06 02:46:08', NULL, NULL, NULL),
(26084, 215, 16, 52, NULL, NULL, NULL, '2014-03-06 02:46:06', NULL, NULL, NULL),
(26085, 202, 28, 89, NULL, NULL, NULL, '2014-03-06 02:46:08', NULL, NULL, NULL),
(26086, 688, 41, 99, NULL, NULL, NULL, '2014-03-06 02:46:09', NULL, NULL, NULL),
(26087, 215, 27, 59, NULL, NULL, NULL, '2014-03-06 02:46:06', NULL, NULL, NULL),
(26088, 245, 7, 38, NULL, NULL, NULL, '2014-03-06 02:46:06', NULL, NULL, NULL),
(26089, 328, 37, 75, NULL, NULL, NULL, '2014-03-06 02:46:08', NULL, NULL, NULL),
(26090, 268, 29, 88, NULL, NULL, NULL, '2014-03-06 02:46:08', NULL, NULL, NULL),
(26091, 491, 27, 60, NULL, NULL, NULL, '2014-03-06 02:46:07', NULL, NULL, NULL),
(26092, 255, 14, 45, NULL, NULL, NULL, '2014-03-06 02:46:06', NULL, NULL, NULL),
(26093, 491, 33, 71, NULL, NULL, NULL, '2014-03-06 02:46:07', NULL, NULL, NULL),
(26094, 567, 38, 90, NULL, NULL, NULL, '2014-03-06 02:46:09', NULL, NULL, NULL),
(26095, 335, 7, 22, NULL, NULL, NULL, '2014-03-06 02:46:07', NULL, NULL, NULL),
(26096, 275, 16, 53, NULL, NULL, NULL, '2014-03-06 02:46:06', NULL, NULL, NULL),
(26097, 701, 41, 99, NULL, NULL, NULL, '2014-03-06 02:46:09', NULL, NULL, NULL),
(26098, 492, 37, 76, NULL, NULL, NULL, '2014-03-06 02:46:08', NULL, NULL, NULL),
(26099, 348, 37, 75, NULL, NULL, NULL, '2014-03-06 02:46:08', NULL, NULL, NULL),
(26100, 295, 12, 33, NULL, NULL, NULL, '2014-03-06 02:46:07', NULL, NULL, NULL),
(26101, 512, 37, 73, NULL, NULL, NULL, '2014-03-06 02:46:08', NULL, NULL, NULL),
(26102, 331, 5, 8, NULL, NULL, NULL, '2014-03-06 02:46:05', NULL, NULL, NULL),
(26103, 341, 4, 6, NULL, NULL, NULL, '2014-03-06 02:46:05', NULL, NULL, NULL),
(26104, 588, 39, 93, NULL, NULL, NULL, '2014-03-06 02:46:09', NULL, NULL, NULL),
(26105, 696, 40, 96, NULL, NULL, NULL, '2014-03-06 02:46:09', NULL, NULL, NULL),
(26106, 501, 16, 49, NULL, NULL, NULL, '2014-03-06 02:46:07', NULL, NULL, NULL),
(26107, 325, 27, 68, NULL, NULL, NULL, '2014-03-06 02:46:07', NULL, NULL, NULL),
(26108, 278, 28, 61, NULL, NULL, NULL, '2014-03-06 02:46:08', NULL, NULL, NULL),
(26109, 328, 37, 74, NULL, NULL, NULL, '2014-03-06 02:46:08', NULL, NULL, NULL),
(26110, 235, 12, 30, NULL, NULL, NULL, '2014-03-06 02:46:06', NULL, NULL, NULL),
(26111, 325, 9, 27, NULL, NULL, NULL, '2014-03-06 02:46:07', NULL, NULL, NULL),
(26112, 315, 16, 50, NULL, NULL, NULL, '2014-03-06 02:46:07', NULL, NULL, NULL),
(26113, 228, 28, 61, NULL, NULL, NULL, '2014-03-06 02:46:08', NULL, NULL, NULL),
(26114, 693, 41, 101, NULL, NULL, NULL, '2014-03-06 02:46:09', NULL, NULL, NULL),
(26115, 248, 28, 61, NULL, NULL, NULL, '2014-03-06 02:46:08', NULL, NULL, NULL),
(26116, 333, 36, 104, NULL, NULL, NULL, '2014-03-06 02:46:05', NULL, NULL, NULL),
(26117, 245, 15, 46, NULL, NULL, NULL, '2014-03-06 02:46:06', NULL, NULL, NULL),
(26118, 491, 7, 18, NULL, NULL, NULL, '2014-03-06 02:46:07', NULL, NULL, NULL),
(26119, 275, 8, 23, NULL, NULL, NULL, '2014-03-06 02:46:06', NULL, NULL, NULL),
(26120, 573, 39, 92, NULL, NULL, NULL, '2014-03-06 02:46:09', NULL, NULL, NULL),
(26121, 303, 36, 105, NULL, NULL, NULL, '2014-03-06 02:46:05', NULL, NULL, NULL),
(26122, 278, 37, 72, NULL, NULL, NULL, '2014-03-06 02:46:08', NULL, NULL, NULL),
(26123, 348, 28, 61, NULL, NULL, NULL, '2014-03-06 02:46:08', NULL, NULL, NULL),
(26124, 288, 29, 81, NULL, NULL, NULL, '2014-03-06 02:46:08', NULL, NULL, NULL),
(26125, 305, 27, 69, NULL, 1, NULL, '2014-03-08 21:05:34', '2014-03-08 21:05:34', NULL, NULL),
(26126, 501, 9, 36, 4, 1, NULL, '2014-03-14 20:23:01', '2014-03-14 20:23:01', NULL, NULL),
(26127, 285, 33, 70, NULL, NULL, NULL, '2014-03-06 02:46:07', NULL, NULL, NULL),
(26128, 491, 27, 59, NULL, NULL, NULL, '2014-03-06 02:46:07', NULL, NULL, NULL),
(26129, 218, 29, 78, NULL, NULL, NULL, '2014-03-06 02:46:08', NULL, NULL, NULL),
(26130, 335, 7, 19, NULL, NULL, NULL, '2014-03-06 02:46:07', NULL, NULL, NULL),
(26131, 315, 7, 18, NULL, NULL, NULL, '2014-03-06 02:46:07', NULL, NULL, NULL),
(26132, 201, 16, 51, NULL, NULL, NULL, '2014-03-06 02:46:06', NULL, NULL, NULL),
(26133, 502, 37, 73, 3, 1, NULL, '2014-03-08 11:43:32', '2014-03-08 11:43:32', NULL, NULL),
(26134, 235, 27, 69, NULL, NULL, NULL, '2014-03-06 02:46:06', NULL, NULL, NULL),
(26135, 511, 8, 23, NULL, NULL, NULL, '2014-03-06 02:46:08', NULL, NULL, NULL),
(26136, 225, 16, 55, NULL, NULL, NULL, '2014-03-06 02:46:06', NULL, NULL, NULL),
(26137, 686, 41, 101, NULL, NULL, NULL, '2014-03-06 02:46:09', NULL, NULL, NULL),
(26138, 325, 27, 60, NULL, NULL, NULL, '2014-03-06 02:46:07', NULL, NULL, NULL),
(26139, 201, 33, 71, NULL, NULL, NULL, '2014-03-06 02:46:06', NULL, NULL, NULL),
(26140, 295, 27, 69, NULL, NULL, NULL, '2014-03-06 02:46:07', NULL, NULL, NULL),
(26141, 202, 30, 84, NULL, NULL, NULL, '2014-03-06 02:46:08', NULL, NULL, NULL),
(26142, 305, 7, 22, NULL, NULL, NULL, '2014-03-06 02:46:07', NULL, NULL, NULL),
(26143, 202, 29, 78, NULL, NULL, NULL, '2014-03-06 02:46:08', NULL, NULL, NULL),
(26144, 321, 4, 6, NULL, NULL, NULL, '2014-03-06 02:46:05', NULL, NULL, NULL),
(26145, 228, 29, 79, NULL, NULL, NULL, '2014-03-06 02:46:08', NULL, NULL, NULL),
(26146, 492, 28, 89, NULL, NULL, NULL, '2014-03-06 02:46:08', NULL, NULL, NULL),
(26147, 201, 8, 25, NULL, NULL, NULL, '2014-03-06 02:46:06', NULL, NULL, NULL),
(26148, 692, 41, 98, NULL, NULL, NULL, '2014-03-06 02:46:09', NULL, NULL, NULL),
(26149, 515, 5, 11, NULL, NULL, NULL, '2014-03-06 02:46:05', NULL, NULL, NULL),
(26150, 684, 40, 96, NULL, NULL, NULL, '2014-03-06 02:46:09', NULL, NULL, NULL),
(26151, 345, 16, 50, NULL, NULL, NULL, '2014-03-06 02:46:07', NULL, NULL, NULL),
(26152, 275, 14, 43, NULL, NULL, NULL, '2014-03-06 02:46:06', NULL, NULL, NULL),
(26153, 215, 14, 44, NULL, NULL, NULL, '2014-03-06 02:46:06', NULL, NULL, NULL),
(26154, 305, 8, 24, NULL, NULL, NULL, '2014-03-06 02:46:07', NULL, NULL, NULL),
(26155, 692, 40, 97, NULL, NULL, NULL, '2014-03-06 02:46:09', NULL, NULL, NULL),
(26156, 288, 37, 75, NULL, NULL, NULL, '2014-03-06 02:46:08', NULL, NULL, NULL),
(26157, 288, 29, 86, NULL, NULL, NULL, '2014-03-06 02:46:08', NULL, NULL, NULL),
(26158, 301, 5, 7, NULL, NULL, NULL, '2014-03-06 02:46:05', NULL, NULL, NULL),
(26159, 278, 30, 82, NULL, NULL, NULL, '2014-03-06 02:46:08', NULL, NULL, NULL),
(26160, 502, 37, 77, NULL, 1, NULL, '2014-03-08 11:58:27', '2014-03-08 11:58:27', NULL, NULL),
(26161, 684, 41, 99, NULL, NULL, NULL, '2014-03-06 02:46:09', NULL, NULL, NULL),
(26162, 585, 39, 93, NULL, NULL, NULL, '2014-03-06 02:46:09', NULL, NULL, NULL),
(26163, 235, 12, 32, NULL, NULL, NULL, '2014-03-06 02:46:06', NULL, NULL, NULL),
(26164, 207, 36, 104, NULL, NULL, NULL, '2014-03-06 02:46:05', NULL, NULL, NULL),
(26165, 201, 27, 60, NULL, NULL, NULL, '2014-03-06 02:46:06', NULL, NULL, NULL),
(26166, 501, 12, 32, 4, 1, NULL, '2014-03-14 21:10:05', '2014-03-14 21:10:05', NULL, NULL),
(26167, 271, 5, 8, NULL, NULL, NULL, '2014-03-06 02:46:05', NULL, NULL, NULL),
(26168, 285, 14, 44, NULL, NULL, NULL, '2014-03-06 02:46:07', NULL, NULL, NULL),
(26169, 308, 28, 64, NULL, NULL, NULL, '2014-03-06 02:46:08', NULL, NULL, NULL),
(26170, 285, 12, 33, NULL, NULL, NULL, '2014-03-06 02:46:07', NULL, NULL, NULL),
(26171, 325, 14, 43, NULL, NULL, NULL, '2014-03-06 02:46:07', NULL, NULL, NULL),
(26172, 687, 41, 102, NULL, NULL, NULL, '2014-03-06 02:46:09', NULL, NULL, NULL),
(26173, 308, 28, 89, NULL, NULL, NULL, '2014-03-06 02:46:08', NULL, NULL, NULL),
(26174, 235, 16, 53, NULL, NULL, NULL, '2014-03-06 02:46:06', NULL, NULL, NULL),
(26175, 243, 36, 103, NULL, NULL, NULL, '2014-03-06 02:46:05', NULL, NULL, NULL),
(26176, 335, 8, 24, NULL, NULL, NULL, '2014-03-06 02:46:07', NULL, NULL, NULL),
(26177, 492, 29, 87, NULL, NULL, NULL, '2014-03-06 02:46:08', NULL, NULL, NULL),
(26178, 576, 39, 94, NULL, NULL, NULL, '2014-03-06 02:46:09', NULL, NULL, NULL),
(26179, 298, 37, 77, NULL, NULL, NULL, '2014-03-06 02:46:08', NULL, NULL, NULL),
(26180, 245, 14, 42, NULL, NULL, NULL, '2014-03-06 02:46:06', NULL, NULL, NULL),
(26181, 501, 14, 43, NULL, 1, NULL, '2014-03-08 09:55:52', '2014-03-08 09:55:52', NULL, NULL),
(26182, 285, 27, 56, NULL, NULL, NULL, '2014-03-06 02:46:06', NULL, NULL, NULL),
(26183, 305, 16, 49, NULL, NULL, NULL, '2014-03-06 02:46:07', NULL, NULL, NULL),
(26184, 333, 36, 105, NULL, NULL, NULL, '2014-03-06 02:46:06', NULL, NULL, NULL),
(26185, 255, 7, 26, NULL, NULL, NULL, '2014-03-06 02:46:06', NULL, NULL, NULL),
(26186, 692, 40, 96, NULL, NULL, NULL, '2014-03-06 02:46:09', NULL, NULL, NULL),
(26187, 569, 38, 91, NULL, NULL, NULL, '2014-03-06 02:46:09', NULL, NULL, NULL),
(26188, 692, 41, 102, NULL, NULL, NULL, '2014-03-06 02:46:09', NULL, NULL, NULL),
(26189, 295, 8, 24, NULL, NULL, NULL, '2014-03-06 02:46:07', NULL, NULL, NULL),
(26190, 305, 14, 45, NULL, NULL, NULL, '2014-03-06 02:46:07', NULL, NULL, NULL),
(26191, 335, 27, 57, NULL, NULL, NULL, '2014-03-06 02:46:07', NULL, NULL, NULL),
(26192, 255, 7, 17, NULL, NULL, NULL, '2014-03-06 02:46:06', NULL, NULL, NULL),
(26193, 690, 41, 100, NULL, NULL, NULL, '2014-03-06 02:46:09', NULL, NULL, NULL),
(26194, 512, 30, 83, NULL, NULL, NULL, '2014-03-06 02:46:08', NULL, NULL, NULL),
(26195, 288, 30, 85, NULL, NULL, NULL, '2014-03-06 02:46:08', NULL, NULL, NULL),
(26196, 295, 33, 67, NULL, NULL, NULL, '2014-03-06 02:46:07', NULL, NULL, NULL),
(26197, 698, 41, 99, NULL, NULL, NULL, '2014-03-06 02:46:09', NULL, NULL, NULL),
(26198, 318, 37, 77, NULL, NULL, NULL, '2014-03-06 02:46:08', NULL, NULL, NULL),
(26199, 298, 37, 76, NULL, NULL, NULL, '2014-03-06 02:46:08', NULL, NULL, NULL),
(26200, 275, 7, 21, NULL, NULL, NULL, '2014-03-06 02:46:06', NULL, NULL, NULL),
(26201, 265, 13, 34, NULL, NULL, NULL, '2014-03-06 02:46:06', NULL, NULL, NULL),
(26202, 238, 30, 85, NULL, NULL, NULL, '2014-03-06 02:46:08', NULL, NULL, NULL),
(26203, 694, 40, 95, NULL, NULL, NULL, '2014-03-06 02:46:09', NULL, NULL, NULL),
(26204, 248, 28, 64, NULL, NULL, NULL, '2014-03-06 02:46:08', NULL, NULL, NULL),
(26205, 502, 29, 88, 1, 1, NULL, '2014-03-06 19:43:07', '2014-03-06 19:43:07', NULL, NULL),
(26206, 318, 28, 63, NULL, NULL, NULL, '2014-03-06 02:46:08', NULL, NULL, NULL),
(26207, 245, 8, 23, NULL, NULL, NULL, '2014-03-06 02:46:06', NULL, NULL, NULL),
(26208, 255, 14, 43, NULL, NULL, NULL, '2014-03-06 02:46:06', NULL, NULL, NULL),
(26209, 695, 41, 100, NULL, NULL, NULL, '2014-03-06 02:46:09', NULL, NULL, NULL),
(26210, 305, 16, 52, NULL, NULL, NULL, '2014-03-06 02:46:07', NULL, NULL, NULL),
(26211, 245, 13, 34, NULL, NULL, NULL, '2014-03-06 02:46:06', NULL, NULL, NULL),
(26212, 325, 7, 22, NULL, NULL, NULL, '2014-03-06 02:46:07', NULL, NULL, NULL),
(26213, 558, 38, 91, NULL, NULL, NULL, '2014-03-06 02:46:09', NULL, NULL, NULL),
(26214, 278, 30, 84, NULL, NULL, NULL, '2014-03-06 02:46:08', NULL, NULL, NULL),
(26215, 288, 28, 61, NULL, NULL, NULL, '2014-03-06 02:46:08', NULL, NULL, NULL),
(26216, 225, 8, 25, NULL, NULL, NULL, '2014-03-06 02:46:06', NULL, NULL, NULL),
(26217, 697, 41, 98, NULL, NULL, NULL, '2014-03-06 02:46:09', NULL, NULL, NULL),
(26218, 505, 5, 10, NULL, NULL, NULL, '2014-03-06 02:46:05', NULL, NULL, NULL),
(26219, 686, 41, 102, NULL, NULL, NULL, '2014-03-06 02:46:09', NULL, NULL, NULL),
(26220, 278, 37, 76, NULL, NULL, NULL, '2014-03-06 02:46:08', NULL, NULL, NULL),
(26221, 331, 5, 7, NULL, NULL, NULL, '2014-03-06 02:46:05', NULL, NULL, NULL),
(26222, 341, 5, 11, NULL, NULL, NULL, '2014-03-06 02:46:05', NULL, NULL, NULL),
(26223, 305, 33, 65, NULL, NULL, NULL, '2014-03-06 02:46:07', NULL, NULL, NULL),
(26224, 235, 8, 23, NULL, NULL, NULL, '2014-03-06 02:46:06', NULL, NULL, NULL),
(26225, 559, 38, 90, NULL, NULL, NULL, '2014-03-06 02:46:09', NULL, NULL, NULL),
(26226, 258, 29, 88, NULL, NULL, NULL, '2014-03-06 02:46:08', NULL, NULL, NULL),
(26227, 228, 28, 63, NULL, NULL, NULL, '2014-03-06 02:46:08', NULL, NULL, NULL),
(26228, 285, 15, 46, NULL, NULL, NULL, '2014-03-06 02:46:07', NULL, NULL, NULL),
(26229, 311, 5, 10, NULL, NULL, NULL, '2014-03-06 02:46:05', NULL, NULL, NULL),
(26230, 492, 30, 84, NULL, NULL, NULL, '2014-03-06 02:46:08', NULL, NULL, NULL),
(26231, 295, 13, 35, NULL, NULL, NULL, '2014-03-06 02:46:07', NULL, NULL, NULL),
(26232, 502, 29, 87, NULL, NULL, NULL, '2014-03-06 02:46:08', NULL, NULL, NULL),
(26233, 275, 27, 56, NULL, NULL, NULL, '2014-03-06 02:46:06', NULL, NULL, NULL),
(26234, 231, 4, 6, NULL, NULL, NULL, '2014-03-06 02:46:05', NULL, NULL, NULL),
(26235, 335, 7, 38, NULL, NULL, NULL, '2014-03-06 02:46:07', NULL, NULL, NULL),
(26236, 245, 7, 26, NULL, NULL, NULL, '2014-03-06 02:46:06', NULL, NULL, NULL),
(26237, 228, 29, 78, NULL, NULL, NULL, '2014-03-06 02:46:08', NULL, NULL, NULL),
(26238, 255, 9, 36, NULL, NULL, NULL, '2014-03-06 02:46:06', NULL, NULL, NULL),
(26239, 201, 33, 65, NULL, NULL, NULL, '2014-03-06 02:46:06', NULL, NULL, NULL),
(26240, 215, 7, 21, NULL, NULL, NULL, '2014-03-06 02:46:06', NULL, NULL, NULL),
(26241, 288, 37, 73, NULL, NULL, NULL, '2014-03-06 02:46:08', NULL, NULL, NULL),
(26242, 215, 33, 70, NULL, NULL, NULL, '2014-03-06 02:46:06', NULL, NULL, NULL),
(26243, 265, 13, 35, NULL, NULL, NULL, '2014-03-06 02:46:06', NULL, NULL, NULL),
(26244, 697, 40, 96, NULL, NULL, NULL, '2014-03-06 02:46:09', NULL, NULL, NULL),
(26245, 696, 40, 97, NULL, NULL, NULL, '2014-03-06 02:46:09', NULL, NULL, NULL),
(26246, 697, 41, 100, NULL, NULL, NULL, '2014-03-06 02:46:09', NULL, NULL, NULL),
(26247, 325, 7, 40, NULL, NULL, NULL, '2014-03-06 02:46:07', NULL, NULL, NULL),
(26248, 255, 27, 60, NULL, NULL, NULL, '2014-03-06 02:46:06', NULL, NULL, NULL),
(26249, 315, 14, 42, NULL, NULL, NULL, '2014-03-06 02:46:07', NULL, NULL, NULL),
(26250, 295, 8, 23, NULL, NULL, NULL, '2014-03-06 02:46:07', NULL, NULL, NULL),
(26251, 505, 5, 7, NULL, NULL, NULL, '2014-03-06 02:46:05', NULL, NULL, NULL),
(26252, 501, 7, 41, 1, 1, NULL, '2014-03-14 21:19:33', '2014-03-14 21:19:33', NULL, NULL),
(26253, 577, 39, 93, NULL, NULL, NULL, '2014-03-06 02:46:09', NULL, NULL, NULL),
(26254, 701, 40, 96, NULL, NULL, NULL, '2014-03-06 02:46:09', NULL, NULL, NULL),
(26255, 331, 5, 9, NULL, NULL, NULL, '2014-03-06 02:46:05', NULL, NULL, NULL),
(26256, 218, 37, 77, NULL, 1, NULL, '2014-03-08 08:00:41', '2014-03-08 08:00:41', NULL, NULL),
(26257, 265, 27, 59, NULL, NULL, NULL, '2014-03-06 02:46:06', NULL, NULL, NULL),
(26258, 700, 41, 101, 2, 1, NULL, '2014-03-08 11:42:57', '2014-03-08 11:42:57', NULL, NULL),
(26259, 218, 37, 72, NULL, NULL, NULL, '2014-03-06 02:46:08', NULL, NULL, NULL),
(26260, 202, 37, 72, NULL, NULL, NULL, '2014-03-06 02:46:08', NULL, NULL, NULL),
(26261, 698, 41, 98, NULL, NULL, NULL, '2014-03-06 02:46:09', NULL, NULL, NULL),
(26262, 491, 12, 30, NULL, NULL, NULL, '2014-03-06 02:46:07', NULL, NULL, NULL),
(26263, 295, 16, 49, NULL, NULL, NULL, '2014-03-06 02:46:07', NULL, NULL, NULL),
(26264, 512, 29, 81, NULL, NULL, NULL, '2014-03-06 02:46:08', NULL, NULL, NULL),
(26265, 285, 27, 59, NULL, NULL, NULL, '2014-03-06 02:46:07', NULL, NULL, NULL),
(26266, 205, 5, 9, NULL, NULL, NULL, '2014-03-06 02:46:05', NULL, NULL, NULL),
(26267, 345, 16, 52, NULL, NULL, NULL, '2014-03-06 02:46:07', NULL, NULL, NULL),
(26268, 211, 5, 9, NULL, NULL, NULL, '2014-03-06 02:46:05', NULL, NULL, NULL),
(26269, 315, 14, 43, NULL, NULL, NULL, '2014-03-06 02:46:07', NULL, NULL, NULL),
(26270, 491, 9, 36, NULL, NULL, NULL, '2014-03-06 02:46:07', NULL, NULL, NULL),
(26271, 305, 7, 26, NULL, NULL, NULL, '2014-03-06 02:46:07', NULL, NULL, NULL),
(26272, 501, 16, 51, NULL, 1, NULL, '2014-03-08 11:59:41', '2014-03-08 11:59:41', NULL, NULL),
(26273, 225, 27, 59, NULL, NULL, NULL, '2014-03-06 02:46:06', NULL, NULL, NULL),
(26274, 315, 7, 17, NULL, NULL, NULL, '2014-03-06 02:46:07', NULL, NULL, NULL),
(26275, 275, 33, 66, NULL, NULL, NULL, '2014-03-06 02:46:06', NULL, NULL, NULL),
(26276, 315, 14, 44, NULL, NULL, NULL, '2014-03-06 02:46:07', NULL, NULL, NULL),
(26277, 512, 29, 87, NULL, NULL, NULL, '2014-03-06 02:46:08', NULL, NULL, NULL),
(26278, 511, 27, 60, NULL, NULL, NULL, '2014-03-06 02:46:08', NULL, NULL, NULL),
(26279, 225, 16, 51, NULL, NULL, NULL, '2014-03-06 02:46:06', NULL, NULL, NULL),
(26280, 225, 33, 71, NULL, NULL, NULL, '2014-03-06 02:46:06', NULL, NULL, NULL),
(26281, 298, 29, 87, NULL, NULL, NULL, '2014-03-06 02:46:08', NULL, NULL, NULL),
(26282, 255, 13, 35, NULL, NULL, NULL, '2014-03-06 02:46:06', NULL, NULL, NULL),
(26283, 258, 30, 85, NULL, NULL, NULL, '2014-03-06 02:46:08', NULL, NULL, NULL),
(26284, 233, 36, 105, NULL, NULL, NULL, '2014-03-06 02:46:05', NULL, NULL, NULL),
(26285, 511, 33, 71, NULL, NULL, NULL, '2014-03-06 02:46:08', NULL, NULL, NULL),
(26286, 589, 39, 92, NULL, NULL, NULL, '2014-03-06 02:46:09', NULL, NULL, NULL),
(26287, 341, 5, 10, NULL, NULL, NULL, '2014-03-06 02:46:05', NULL, NULL, NULL),
(26288, 293, 36, 103, NULL, NULL, NULL, '2014-03-06 02:46:05', NULL, NULL, NULL),
(26289, 570, 38, 90, 1, 1, NULL, '2014-03-08 21:02:29', '2014-03-08 21:02:29', NULL, NULL),
(26290, 338, 37, 80, NULL, NULL, NULL, '2014-03-06 02:46:08', NULL, NULL, NULL),
(26291, 201, 8, 20, NULL, NULL, NULL, '2014-03-06 02:46:06', NULL, NULL, NULL),
(26292, 335, 16, 50, NULL, NULL, NULL, '2014-03-06 02:46:07', NULL, NULL, NULL),
(26293, 255, 27, 57, NULL, NULL, NULL, '2014-03-06 02:46:06', NULL, NULL, NULL),
(26294, 235, 7, 22, NULL, NULL, NULL, '2014-03-06 02:46:06', NULL, NULL, NULL),
(26295, 248, 30, 82, NULL, NULL, NULL, '2014-03-06 02:46:08', NULL, NULL, NULL),
(26296, 586, 39, 94, NULL, NULL, NULL, '2014-03-06 02:46:09', NULL, NULL, NULL),
(26297, 235, 7, 17, NULL, NULL, NULL, '2014-03-06 02:46:06', NULL, NULL, NULL),
(26298, 315, 33, 67, NULL, NULL, NULL, '2014-03-06 02:46:07', NULL, NULL, NULL),
(26299, 501, 33, 67, 2, 1, NULL, '2014-03-06 20:11:53', '2014-03-06 20:11:53', NULL, NULL),
(26300, 238, 30, 83, NULL, NULL, NULL, '2014-03-06 02:46:08', NULL, NULL, NULL),
(26301, 235, 27, 59, NULL, NULL, NULL, '2014-03-06 02:46:06', NULL, NULL, NULL),
(26302, 231, 5, 10, NULL, NULL, NULL, '2014-03-06 02:46:05', NULL, NULL, NULL),
(26303, 218, 29, 87, NULL, NULL, NULL, '2014-03-06 02:46:08', NULL, NULL, NULL),
(26304, 577, 39, 94, NULL, NULL, NULL, '2014-03-06 02:46:09', NULL, NULL, NULL),
(26305, 235, 9, 27, NULL, NULL, NULL, '2014-03-06 02:46:06', NULL, NULL, NULL),
(26306, 225, 7, 37, NULL, NULL, NULL, '2014-03-06 02:46:06', NULL, NULL, NULL),
(26307, 235, 16, 54, NULL, NULL, NULL, '2014-03-06 02:46:06', NULL, NULL, NULL),
(26308, 491, 7, 41, NULL, NULL, NULL, '2014-03-06 02:46:07', NULL, NULL, NULL),
(26309, 255, 33, 70, NULL, NULL, NULL, '2014-03-06 02:46:06', NULL, NULL, NULL),
(26310, 315, 7, 12, NULL, NULL, NULL, '2014-03-06 02:46:07', NULL, NULL, NULL),
(26311, 298, 29, 86, NULL, NULL, NULL, '2014-03-06 02:46:08', NULL, NULL, NULL),
(26312, 301, 5, 9, NULL, NULL, NULL, '2014-03-06 02:46:05', NULL, NULL, NULL),
(26313, 572, 39, 94, NULL, NULL, NULL, '2014-03-06 02:46:09', NULL, NULL, NULL),
(26314, 581, 39, 92, NULL, NULL, NULL, '2014-03-06 02:46:09', NULL, NULL, NULL),
(26315, 285, 16, 53, NULL, NULL, NULL, '2014-03-06 02:46:07', NULL, NULL, NULL),
(26316, 215, 16, 53, NULL, NULL, NULL, '2014-03-06 02:46:06', NULL, NULL, NULL),
(26317, 275, 27, 57, NULL, NULL, NULL, '2014-03-06 02:46:06', NULL, NULL, NULL),
(26318, 348, 37, 80, NULL, NULL, NULL, '2014-03-06 02:46:08', NULL, NULL, NULL),
(26319, 295, 9, 28, NULL, NULL, NULL, '2014-03-06 02:46:07', NULL, NULL, NULL),
(26320, 258, 30, 84, NULL, NULL, NULL, '2014-03-06 02:46:08', NULL, NULL, NULL),
(26321, 235, 33, 67, NULL, NULL, NULL, '2014-03-06 02:46:06', NULL, NULL, NULL),
(26322, 295, 9, 36, NULL, NULL, NULL, '2014-03-06 02:46:07', NULL, NULL, NULL),
(26323, 318, 30, 82, NULL, NULL, NULL, '2014-03-06 02:46:08', NULL, NULL, NULL),
(26324, 697, 40, 95, NULL, NULL, NULL, '2014-03-06 02:46:09', NULL, NULL, NULL),
(26325, 285, 7, 19, NULL, NULL, NULL, '2014-03-06 02:46:07', NULL, NULL, NULL),
(26326, 285, 27, 69, NULL, NULL, NULL, '2014-03-06 02:46:06', NULL, NULL, NULL),
(26327, 218, 28, 63, NULL, NULL, NULL, '2014-03-06 02:46:08', NULL, NULL, NULL),
(26328, 245, 16, 52, NULL, NULL, NULL, '2014-03-06 02:46:06', NULL, NULL, NULL),
(26329, 248, 30, 83, NULL, NULL, NULL, '2014-03-06 02:46:08', NULL, NULL, NULL),
(26330, 275, 27, 59, NULL, NULL, NULL, '2014-03-06 02:46:06', NULL, NULL, NULL),
(26331, 345, 7, 21, NULL, NULL, NULL, '2014-03-06 02:46:07', NULL, NULL, NULL),
(26332, 691, 41, 102, NULL, NULL, NULL, '2014-03-06 02:46:09', NULL, NULL, NULL),
(26333, 495, 5, 8, NULL, NULL, NULL, '2014-03-06 02:46:05', NULL, NULL, NULL),
(26334, 295, 7, 19, NULL, NULL, NULL, '2014-03-06 02:46:07', NULL, NULL, NULL),
(26335, 338, 37, 74, NULL, NULL, NULL, '2014-03-06 02:46:08', NULL, NULL, NULL),
(26336, 298, 37, 72, NULL, NULL, NULL, '2014-03-06 02:46:08', NULL, NULL, NULL),
(26337, 298, 28, 61, NULL, NULL, NULL, '2014-03-06 02:46:08', NULL, NULL, NULL),
(26338, 492, 29, 86, NULL, NULL, NULL, '2014-03-06 02:46:08', NULL, NULL, NULL),
(26339, 245, 7, 37, NULL, NULL, NULL, '2014-03-06 02:46:06', NULL, NULL, NULL),
(26340, 298, 30, 83, NULL, NULL, NULL, '2014-03-06 02:46:08', NULL, NULL, NULL),
(26341, 215, 9, 28, NULL, NULL, NULL, '2014-03-06 02:46:06', NULL, NULL, NULL),
(26342, 245, 27, 60, NULL, NULL, NULL, '2014-03-06 02:46:06', NULL, NULL, NULL),
(26343, 268, 30, 82, NULL, NULL, NULL, '2014-03-06 02:46:08', NULL, NULL, NULL),
(26344, 512, 37, 75, NULL, NULL, NULL, '2014-03-06 02:46:08', NULL, NULL, NULL),
(26345, 201, 33, 66, NULL, NULL, NULL, '2014-03-06 02:46:06', NULL, NULL, NULL),
(26346, 575, 39, 93, NULL, NULL, NULL, '2014-03-06 02:46:09', NULL, NULL, NULL),
(26347, 689, 41, 98, NULL, NULL, NULL, '2014-03-06 02:46:09', NULL, NULL, NULL),
(26348, 215, 16, 49, NULL, NULL, NULL, '2014-03-06 02:46:06', NULL, NULL, NULL),
(26349, 308, 37, 76, NULL, NULL, NULL, '2014-03-06 02:46:08', NULL, NULL, NULL),
(26350, 692, 40, 95, NULL, NULL, NULL, '2014-03-06 02:46:09', NULL, NULL, NULL),
(26351, 248, 37, 77, NULL, NULL, NULL, '2014-03-06 02:46:08', NULL, NULL, NULL),
(26352, 305, 27, 59, NULL, 1, NULL, '2014-03-08 21:05:48', '2014-03-08 21:05:48', NULL, NULL),
(26353, 495, 5, 9, NULL, NULL, NULL, '2014-03-06 02:46:05', NULL, NULL, NULL),
(26354, 315, 33, 65, NULL, NULL, NULL, '2014-03-06 02:46:07', NULL, NULL, NULL),
(26355, 255, 7, 19, NULL, NULL, NULL, '2014-03-06 02:46:06', NULL, NULL, NULL),
(26356, 328, 29, 86, NULL, NULL, NULL, '2014-03-06 02:46:08', NULL, NULL, NULL),
(26357, 335, 9, 28, NULL, NULL, NULL, '2014-03-06 02:46:07', NULL, NULL, NULL),
(26358, 345, 12, 33, NULL, NULL, NULL, '2014-03-06 02:46:07', NULL, NULL, NULL),
(26359, 305, 27, 56, NULL, 1, NULL, '2014-03-08 21:06:01', '2014-03-08 21:06:01', NULL, NULL),
(26360, 491, 27, 68, NULL, NULL, NULL, '2014-03-06 02:46:07', NULL, NULL, NULL),
(26361, 201, 33, 70, NULL, NULL, NULL, '2014-03-06 02:46:06', NULL, NULL, NULL),
(26362, 305, 14, 43, NULL, NULL, NULL, '2014-03-06 02:46:07', NULL, NULL, NULL),
(26363, 218, 37, 75, NULL, NULL, NULL, '2014-03-06 02:46:08', NULL, NULL, NULL),
(26364, 293, 36, 105, NULL, NULL, NULL, '2014-03-06 02:46:05', NULL, NULL, NULL),
(26365, 235, 7, 38, NULL, NULL, NULL, '2014-03-06 02:46:06', NULL, NULL, NULL),
(26366, 315, 27, 59, NULL, NULL, NULL, '2014-03-06 02:46:07', NULL, NULL, NULL),
(26367, 315, 7, 22, NULL, NULL, NULL, '2014-03-06 02:46:07', NULL, NULL, NULL),
(26368, 218, 29, 81, NULL, NULL, NULL, '2014-03-06 02:46:08', NULL, NULL, NULL),
(26369, 502, 29, 79, 4, 1, NULL, '2014-03-06 19:43:17', '2014-03-06 19:43:17', NULL, NULL),
(26370, 684, 41, 101, NULL, NULL, NULL, '2014-03-06 02:46:09', NULL, NULL, NULL),
(26371, 502, 28, 89, NULL, NULL, NULL, '2014-03-06 02:46:08', NULL, NULL, NULL),
(26372, 201, 12, 33, NULL, NULL, NULL, '2014-03-06 02:46:06', NULL, NULL, NULL),
(26373, 221, 5, 11, NULL, NULL, NULL, '2014-03-06 02:46:05', NULL, NULL, NULL),
(26374, 345, 7, 18, NULL, NULL, NULL, '2014-03-06 02:46:07', NULL, NULL, NULL),
(26375, 690, 40, 97, NULL, NULL, NULL, '2014-03-06 02:46:09', NULL, NULL, NULL),
(26376, 511, 27, 56, NULL, NULL, NULL, '2014-03-06 02:46:08', NULL, NULL, NULL),
(26377, 261, 4, 6, NULL, NULL, NULL, '2014-03-06 02:46:05', NULL, NULL, NULL),
(26378, 501, 13, 35, NULL, 1, NULL, '2014-03-20 14:12:52', '2014-03-20 14:12:52', NULL, NULL),
(26379, 512, 28, 64, NULL, NULL, NULL, '2014-03-06 02:46:08', NULL, NULL, NULL),
(26380, 233, 36, 104, NULL, NULL, NULL, '2014-03-06 02:46:05', NULL, NULL, NULL),
(26381, 285, 33, 71, NULL, NULL, NULL, '2014-03-06 02:46:07', NULL, NULL, NULL),
(26382, 511, 27, 58, NULL, NULL, NULL, '2014-03-06 02:46:08', NULL, NULL, NULL),
(26383, 298, 28, 89, NULL, NULL, NULL, '2014-03-06 02:46:08', NULL, NULL, NULL),
(26384, 211, 5, 7, NULL, NULL, NULL, '2014-03-06 02:46:05', NULL, NULL, NULL),
(26385, 492, 37, 73, NULL, NULL, NULL, '2014-03-06 02:46:08', NULL, NULL, NULL),
(26386, 511, 9, 28, NULL, NULL, NULL, '2014-03-06 02:46:08', NULL, NULL, NULL),
(26387, 335, 14, 42, NULL, NULL, NULL, '2014-03-06 02:46:07', NULL, NULL, NULL),
(26388, 577, 39, 92, NULL, NULL, NULL, '2014-03-06 02:46:09', NULL, NULL, NULL),
(26389, 328, 37, 72, NULL, NULL, NULL, '2014-03-06 02:46:08', NULL, NULL, NULL),
(26390, 305, 14, 44, NULL, NULL, NULL, '2014-03-06 02:46:07', NULL, NULL, NULL),
(26391, 556, 38, 90, NULL, NULL, NULL, '2014-03-06 02:46:09', NULL, NULL, NULL),
(26392, 305, 7, 38, NULL, NULL, NULL, '2014-03-06 02:46:07', NULL, NULL, NULL),
(26393, 305, 33, 71, NULL, NULL, NULL, '2014-03-06 02:46:07', NULL, NULL, NULL),
(26394, 328, 29, 79, NULL, NULL, NULL, '2014-03-06 02:46:08', NULL, NULL, NULL),
(26395, 285, 7, 37, NULL, NULL, NULL, '2014-03-06 02:46:07', NULL, NULL, NULL),
(26396, 697, 40, 97, NULL, NULL, NULL, '2014-03-06 02:46:09', NULL, NULL, NULL),
(26397, 218, 30, 84, NULL, NULL, NULL, '2014-03-06 02:46:08', NULL, NULL, NULL),
(26398, 235, 16, 50, NULL, NULL, NULL, '2014-03-06 02:46:06', NULL, NULL, NULL),
(26399, 315, 16, 51, NULL, NULL, NULL, '2014-03-06 02:46:07', NULL, NULL, NULL),
(26400, 215, 13, 34, NULL, NULL, NULL, '2014-03-06 02:46:06', NULL, NULL, NULL),
(26401, 202, 37, 77, NULL, NULL, NULL, '2014-03-06 02:46:08', NULL, NULL, NULL),
(26402, 295, 7, 40, NULL, NULL, NULL, '2014-03-06 02:46:07', NULL, NULL, NULL),
(26403, 258, 29, 87, NULL, NULL, NULL, '2014-03-06 02:46:08', NULL, NULL, NULL),
(26404, 345, 7, 17, NULL, NULL, NULL, '2014-03-06 02:46:07', NULL, NULL, NULL),
(26405, 512, 30, 85, NULL, NULL, NULL, '2014-03-06 02:46:08', NULL, NULL, NULL),
(26406, 202, 30, 85, NULL, NULL, NULL, '2014-03-06 02:46:08', NULL, NULL, NULL),
(26407, 288, 28, 89, NULL, NULL, NULL, '2014-03-06 02:46:08', NULL, NULL, NULL),
(26408, 328, 29, 88, NULL, NULL, NULL, '2014-03-06 02:46:08', NULL, NULL, NULL),
(26409, 261, 5, 9, NULL, NULL, NULL, '2014-03-06 02:46:05', NULL, NULL, NULL),
(26410, 261, 5, 7, NULL, NULL, NULL, '2014-03-06 02:46:05', NULL, NULL, NULL),
(26411, 325, 7, 26, NULL, NULL, NULL, '2014-03-06 02:46:07', NULL, NULL, NULL),
(26412, 511, 33, 70, NULL, NULL, NULL, '2014-03-06 02:46:08', NULL, NULL, NULL),
(26413, 218, 28, 89, NULL, NULL, NULL, '2014-03-06 02:46:08', NULL, NULL, NULL),
(26414, 255, 7, 38, NULL, NULL, NULL, '2014-03-06 02:46:06', NULL, NULL, NULL),
(26415, 201, 7, 18, NULL, NULL, NULL, '2014-03-06 02:46:06', NULL, NULL, NULL),
(26416, 295, 33, 71, NULL, NULL, NULL, '2014-03-06 02:46:07', NULL, NULL, NULL),
(26417, 335, 8, 20, NULL, NULL, NULL, '2014-03-06 02:46:07', NULL, NULL, NULL),
(26418, 511, 7, 37, NULL, NULL, NULL, '2014-03-06 02:46:08', NULL, NULL, NULL),
(26419, 255, 16, 51, NULL, NULL, NULL, '2014-03-06 02:46:06', NULL, NULL, NULL),
(26420, 241, 4, 6, NULL, NULL, NULL, '2014-03-06 02:46:05', NULL, NULL, NULL),
(26421, 225, 12, 30, NULL, NULL, NULL, '2014-03-06 02:46:06', NULL, NULL, NULL),
(26422, 215, 9, 27, NULL, NULL, NULL, '2014-03-06 02:46:06', NULL, NULL, NULL),
(26423, 511, 27, 59, NULL, NULL, NULL, '2014-03-06 02:46:08', NULL, NULL, NULL),
(26424, 305, 27, 57, NULL, 1, NULL, '2014-03-08 21:06:11', '2014-03-08 21:06:11', NULL, NULL),
(26425, 281, 5, 11, NULL, NULL, NULL, '2014-03-06 02:46:05', NULL, NULL, NULL),
(26426, 311, 5, 7, NULL, NULL, NULL, '2014-03-06 02:46:05', NULL, NULL, NULL),
(26427, 573, 39, 94, NULL, NULL, NULL, '2014-03-06 02:46:09', NULL, NULL, NULL),
(26428, 255, 7, 22, NULL, NULL, NULL, '2014-03-06 02:46:06', NULL, NULL, NULL),
(26429, 285, 7, 12, NULL, NULL, NULL, '2014-03-06 02:46:07', NULL, NULL, NULL),
(26430, 295, 13, 34, NULL, NULL, NULL, '2014-03-06 02:46:07', NULL, NULL, NULL),
(26431, 268, 29, 81, NULL, NULL, NULL, '2014-03-06 02:46:08', NULL, NULL, NULL),
(26432, 228, 29, 87, NULL, NULL, NULL, '2014-03-06 02:46:08', NULL, NULL, NULL),
(26433, 515, 4, 6, NULL, NULL, NULL, '2014-03-06 02:46:05', NULL, NULL, NULL),
(26434, 348, 37, 73, NULL, NULL, NULL, '2014-03-06 02:46:08', NULL, NULL, NULL),
(26435, 238, 28, 63, NULL, NULL, NULL, '2014-03-06 02:46:08', NULL, NULL, NULL),
(26436, 285, 27, 57, NULL, NULL, NULL, '2014-03-06 02:46:07', NULL, NULL, NULL),
(26437, 511, 7, 38, NULL, NULL, NULL, '2014-03-06 02:46:08', NULL, NULL, NULL),
(26438, 248, 37, 76, NULL, NULL, NULL, '2014-03-06 02:46:08', NULL, NULL, NULL),
(26439, 501, 14, 44, NULL, 1, NULL, '2014-03-08 09:56:03', '2014-03-08 09:56:03', NULL, NULL),
(26440, 318, 37, 73, NULL, NULL, NULL, '2014-03-06 02:46:08', NULL, NULL, NULL),
(26441, 265, 12, 32, NULL, NULL, NULL, '2014-03-06 02:46:06', NULL, NULL, NULL),
(26442, 265, 16, 52, NULL, NULL, NULL, '2014-03-06 02:46:06', NULL, NULL, NULL),
(26443, 491, 7, 37, NULL, NULL, NULL, '2014-03-06 02:46:07', NULL, NULL, NULL),
(26444, 491, 16, 55, NULL, NULL, NULL, '2014-03-06 02:46:07', NULL, NULL, NULL),
(26445, 502, 37, 72, 1, 1, NULL, '2014-03-08 11:58:51', '2014-03-08 11:58:51', NULL, NULL),
(26446, 215, 7, 37, NULL, NULL, NULL, '2014-03-06 02:46:06', NULL, NULL, NULL),
(26447, 275, 15, 46, NULL, NULL, NULL, '2014-03-06 02:46:06', NULL, NULL, NULL),
(26448, 225, 7, 41, NULL, NULL, NULL, '2014-03-06 02:46:06', NULL, NULL, NULL),
(26449, 281, 5, 7, NULL, NULL, NULL, '2014-03-06 02:46:05', NULL, NULL, NULL),
(26450, 325, 27, 69, NULL, NULL, NULL, '2014-03-06 02:46:07', NULL, NULL, NULL),
(26451, 511, 7, 21, NULL, NULL, NULL, '2014-03-06 02:46:08', NULL, NULL, NULL),
(26452, 348, 28, 89, NULL, NULL, NULL, '2014-03-06 02:46:08', NULL, NULL, NULL),
(26453, 699, 41, 98, NULL, NULL, NULL, '2014-03-06 02:46:09', NULL, NULL, NULL),
(26454, 315, 14, 45, NULL, NULL, NULL, '2014-03-06 02:46:07', NULL, NULL, NULL),
(26455, 318, 28, 62, NULL, NULL, NULL, '2014-03-06 02:46:08', NULL, NULL, NULL),
(26456, 308, 29, 81, NULL, NULL, NULL, '2014-03-06 02:46:08', NULL, NULL, NULL),
(26457, 303, 36, 104, NULL, NULL, NULL, '2014-03-06 02:46:05', NULL, NULL, NULL),
(26458, 575, 39, 92, NULL, NULL, NULL, '2014-03-06 02:46:09', NULL, NULL, NULL),
(26459, 305, 9, 28, NULL, NULL, NULL, '2014-03-06 02:46:07', NULL, NULL, NULL),
(26460, 268, 29, 79, NULL, NULL, NULL, '2014-03-06 02:46:08', NULL, NULL, NULL),
(26461, 318, 37, 76, NULL, NULL, NULL, '2014-03-06 02:46:08', NULL, NULL, NULL),
(26462, 308, 29, 79, NULL, NULL, NULL, '2014-03-06 02:46:08', NULL, NULL, NULL),
(26463, 335, 9, 36, NULL, NULL, NULL, '2014-03-06 02:46:07', NULL, NULL, NULL),
(26464, 608, 39, 94, NULL, NULL, NULL, '2014-03-06 21:14:21', NULL, NULL, NULL),
(26465, 445, 27, 68, NULL, NULL, NULL, '2014-03-06 21:14:19', NULL, NULL, NULL),
(26466, 605, 39, 92, NULL, NULL, NULL, '2014-03-06 21:14:21', NULL, NULL, NULL),
(26467, 468, 29, 79, NULL, NULL, NULL, '2014-03-06 21:14:20', NULL, NULL, NULL),
(26468, 385, 27, 57, NULL, NULL, NULL, '2014-03-06 21:14:19', NULL, NULL, NULL),
(26469, 465, 16, 51, NULL, NULL, NULL, '2014-03-06 21:14:19', NULL, NULL, NULL),
(26470, 405, 13, 34, NULL, NULL, NULL, '2014-03-06 21:14:19', NULL, NULL, NULL),
(26471, 425, 7, 12, NULL, NULL, NULL, '2014-03-06 21:14:19', NULL, NULL, NULL),
(26472, 415, 16, 51, NULL, NULL, NULL, '2014-03-06 21:14:19', NULL, NULL, NULL),
(26473, 597, 38, 91, NULL, NULL, NULL, '2014-03-06 21:14:21', NULL, NULL, NULL),
(26474, 465, 33, 70, NULL, 1, NULL, '2014-03-26 23:34:05', '2014-03-26 23:34:05', NULL, NULL),
(26475, 355, 12, 30, NULL, NULL, NULL, '2014-03-06 21:14:18', NULL, NULL, NULL),
(26476, 707, 41, 100, NULL, NULL, NULL, '2014-03-06 21:14:21', NULL, NULL, NULL),
(26477, 475, 13, 34, NULL, NULL, NULL, '2014-03-06 21:14:20', NULL, NULL, NULL),
(26478, 378, 30, 84, NULL, NULL, NULL, '2014-03-06 21:14:20', NULL, NULL, NULL),
(26479, 478, 37, 80, NULL, NULL, NULL, '2014-03-06 21:14:20', NULL, NULL, NULL),
(26480, 704, 41, 100, NULL, NULL, NULL, '2014-03-06 21:14:21', NULL, NULL, NULL),
(26481, 385, 33, 67, NULL, NULL, NULL, '2014-03-06 21:14:19', NULL, NULL, NULL),
(26482, 393, 36, 105, NULL, NULL, NULL, '2014-03-06 21:14:18', NULL, NULL, NULL),
(26483, 445, 8, 24, NULL, NULL, NULL, '2014-03-06 21:14:19', NULL, NULL, NULL),
(26484, 478, 37, 74, NULL, NULL, NULL, '2014-03-06 21:14:20', NULL, NULL, NULL),
(26485, 373, 36, 105, NULL, NULL, NULL, '2014-03-06 21:14:18', NULL, NULL, NULL),
(26486, 398, 28, 61, NULL, NULL, NULL, '2014-03-06 21:14:20', NULL, NULL, NULL),
(26487, 455, 7, 21, NULL, NULL, NULL, '2014-03-06 21:14:19', NULL, NULL, NULL),
(26488, 445, 12, 30, NULL, NULL, NULL, '2014-03-06 21:14:19', NULL, NULL, NULL),
(26489, 465, 7, 19, NULL, NULL, NULL, '2014-03-06 21:14:19', NULL, NULL, NULL),
(26490, 488, 28, 61, NULL, NULL, NULL, '2014-03-06 21:14:20', NULL, NULL, NULL),
(26491, 428, 28, 63, NULL, NULL, NULL, '2014-03-06 21:14:20', NULL, NULL, NULL),
(26492, 478, 28, 61, NULL, NULL, NULL, '2014-03-06 21:14:20', NULL, NULL, NULL),
(26493, 405, 7, 22, NULL, NULL, NULL, '2014-03-06 21:14:19', NULL, NULL, NULL),
(26494, 617, 39, 92, NULL, NULL, NULL, '2014-03-06 21:14:21', NULL, NULL, NULL),
(26495, 428, 28, 62, NULL, NULL, NULL, '2014-03-06 21:14:20', NULL, NULL, NULL),
(26496, 613, 39, 92, NULL, NULL, NULL, '2014-03-06 21:14:21', NULL, NULL, NULL),
(26497, 405, 33, 67, NULL, NULL, NULL, '2014-03-06 21:14:19', NULL, NULL, NULL),
(26498, 361, 5, 10, NULL, NULL, NULL, '2014-03-06 21:14:18', NULL, NULL, NULL),
(26499, 711, 40, 95, NULL, NULL, NULL, '2014-03-06 21:14:21', NULL, NULL, NULL),
(26500, 385, 7, 40, NULL, NULL, NULL, '2014-03-06 21:14:19', NULL, NULL, NULL),
(26501, 418, 28, 61, NULL, NULL, NULL, '2014-03-06 21:14:20', NULL, NULL, NULL),
(26502, 445, 7, 40, NULL, NULL, NULL, '2014-03-06 21:14:19', NULL, NULL, NULL),
(26503, 702, 41, 99, NULL, NULL, NULL, '2014-03-06 21:14:21', NULL, NULL, NULL),
(26504, 355, 27, 58, NULL, 1, NULL, '2014-03-06 21:23:45', '2014-03-06 21:23:45', NULL, NULL),
(26505, 405, 12, 32, NULL, NULL, NULL, '2014-03-06 21:14:19', NULL, NULL, NULL),
(26506, 388, 28, 89, NULL, NULL, NULL, '2014-03-06 21:14:20', NULL, NULL, NULL),
(26507, 455, 16, 49, NULL, NULL, NULL, '2014-03-06 21:14:19', NULL, NULL, NULL),
(26508, 385, 7, 18, NULL, NULL, NULL, '2014-03-06 21:14:19', NULL, NULL, NULL),
(26509, 590, 38, 91, NULL, NULL, NULL, '2014-03-06 21:14:21', NULL, NULL, NULL),
(26510, 455, 15, 46, NULL, NULL, NULL, '2014-03-06 21:14:19', NULL, NULL, NULL),
(26511, 475, 7, 12, NULL, NULL, NULL, '2014-03-06 21:14:20', NULL, NULL, NULL),
(26512, 415, 7, 18, NULL, NULL, NULL, '2014-03-06 21:14:19', NULL, NULL, NULL),
(26513, 355, 12, 32, NULL, NULL, NULL, '2014-03-06 21:14:18', NULL, NULL, NULL),
(26514, 488, 37, 74, NULL, NULL, NULL, '2014-03-06 21:14:20', NULL, NULL, NULL),
(26515, 395, 7, 40, NULL, NULL, NULL, '2014-03-06 21:14:19', NULL, NULL, NULL),
(26516, 598, 38, 90, NULL, NULL, NULL, '2014-03-06 21:14:21', NULL, NULL, NULL),
(26517, 418, 30, 82, NULL, NULL, NULL, '2014-03-06 21:14:20', NULL, NULL, NULL),
(26518, 455, 7, 12, NULL, NULL, NULL, '2014-03-06 21:14:19', NULL, NULL, NULL),
(26519, 365, 7, 18, NULL, NULL, NULL, '2014-03-06 21:14:19', NULL, NULL, NULL),
(26520, 441, 5, 10, NULL, NULL, NULL, '2014-03-06 21:14:18', NULL, NULL, NULL),
(26521, 428, 30, 83, NULL, NULL, NULL, '2014-03-06 21:14:20', NULL, NULL, NULL),
(26522, 485, 9, 28, NULL, NULL, NULL, '2014-03-06 21:14:20', NULL, NULL, NULL),
(26523, 375, 33, 71, NULL, NULL, NULL, '2014-03-06 21:14:19', NULL, NULL, NULL),
(26524, 488, 37, 72, NULL, NULL, NULL, '2014-03-06 21:14:20', NULL, NULL, NULL),
(26525, 465, 27, 57, NULL, 1, NULL, '2014-03-26 23:33:46', '2014-03-26 23:33:46', NULL, NULL),
(26526, 408, 28, 61, NULL, NULL, NULL, '2014-03-06 21:14:20', NULL, NULL, NULL),
(26527, 475, 27, 59, NULL, NULL, NULL, '2014-03-06 21:14:20', NULL, NULL, NULL),
(26528, 458, 29, 81, NULL, NULL, NULL, '2014-03-06 21:14:20', NULL, NULL, NULL),
(26529, 441, 5, 8, NULL, NULL, NULL, '2014-03-06 21:14:18', NULL, NULL, NULL),
(26530, 421, 5, 11, NULL, NULL, NULL, '2014-03-06 21:14:18', NULL, NULL, NULL),
(26531, 465, 7, 18, NULL, NULL, NULL, '2014-03-06 21:14:19', NULL, NULL, NULL),
(26532, 395, 9, 28, NULL, NULL, NULL, '2014-03-06 21:14:19', NULL, NULL, NULL),
(26533, 355, 27, 69, NULL, 1, NULL, '2014-03-06 21:23:58', '2014-03-06 21:23:58', NULL, NULL),
(26534, 368, 37, 77, NULL, 1, NULL, '2014-03-08 08:45:08', '2014-03-08 08:45:08', NULL, NULL),
(26535, 375, 33, 65, NULL, NULL, NULL, '2014-03-06 21:14:19', NULL, NULL, NULL),
(26536, 478, 29, 78, NULL, NULL, NULL, '2014-03-06 21:14:20', NULL, NULL, NULL),
(26537, 355, 27, 59, NULL, NULL, NULL, '2014-03-06 21:14:18', NULL, NULL, NULL),
(26538, 395, 16, 55, NULL, NULL, NULL, '2014-03-06 21:14:19', NULL, NULL, NULL),
(26539, 425, 7, 38, NULL, NULL, NULL, '2014-03-06 21:14:19', NULL, NULL, NULL),
(26540, 388, 29, 79, NULL, NULL, NULL, '2014-03-06 21:14:20', NULL, NULL, NULL),
(26541, 702, 41, 98, NULL, NULL, NULL, '2014-03-06 21:14:21', NULL, NULL, NULL),
(26542, 415, 7, 40, NULL, NULL, NULL, '2014-03-06 21:14:19', NULL, NULL, NULL),
(26543, 375, 33, 70, NULL, NULL, NULL, '2014-03-06 21:14:19', NULL, NULL, NULL),
(26544, 428, 37, 77, NULL, NULL, NULL, '2014-03-06 21:14:20', NULL, NULL, NULL),
(26545, 485, 16, 55, NULL, NULL, NULL, '2014-03-06 21:14:20', NULL, NULL, NULL),
(26546, 443, 36, 104, NULL, NULL, NULL, '2014-03-06 21:14:18', NULL, NULL, NULL),
(26547, 455, 13, 35, NULL, NULL, NULL, '2014-03-06 21:14:19', NULL, NULL, NULL),
(26548, 485, 14, 42, NULL, NULL, NULL, '2014-03-06 21:14:20', NULL, NULL, NULL),
(26549, 435, 27, 56, NULL, NULL, NULL, '2014-03-06 21:14:19', NULL, NULL, NULL),
(26550, 592, 38, 91, NULL, NULL, NULL, '2014-03-06 21:14:21', NULL, NULL, NULL),
(26551, 468, 28, 61, NULL, NULL, NULL, '2014-03-06 21:14:20', NULL, NULL, NULL),
(26552, 351, 5, 10, NULL, NULL, NULL, '2014-03-06 21:14:18', NULL, NULL, NULL),
(26553, 714, 41, 98, NULL, NULL, NULL, '2014-03-06 21:14:21', NULL, NULL, NULL),
(26554, 458, 30, 82, NULL, NULL, NULL, '2014-03-06 21:14:20', NULL, NULL, NULL),
(26555, 455, 27, 68, NULL, NULL, NULL, '2014-03-06 21:14:19', NULL, NULL, NULL),
(26556, 365, 14, 43, NULL, NULL, NULL, '2014-03-06 21:14:18', NULL, NULL, NULL),
(26557, 458, 28, 89, NULL, NULL, NULL, '2014-03-06 21:14:20', NULL, NULL, NULL),
(26558, 488, 30, 82, NULL, NULL, NULL, '2014-03-06 21:14:20', NULL, NULL, NULL),
(26559, 445, 7, 22, NULL, NULL, NULL, '2014-03-06 21:14:19', NULL, NULL, NULL),
(26560, 614, 39, 94, NULL, NULL, NULL, '2014-03-06 21:14:21', NULL, NULL, NULL),
(26561, 465, 9, 36, NULL, NULL, NULL, '2014-03-06 21:14:19', NULL, NULL, NULL),
(26562, 363, 36, 103, NULL, NULL, NULL, '2014-03-06 21:14:18', NULL, NULL, NULL),
(26563, 383, 36, 103, NULL, NULL, NULL, '2014-03-06 21:14:18', NULL, NULL, NULL),
(26564, 465, 27, 56, NULL, 1, NULL, '2014-03-26 23:33:56', '2014-03-26 23:33:56', NULL, NULL),
(26565, 398, 28, 89, NULL, NULL, NULL, '2014-03-06 21:14:20', NULL, NULL, NULL),
(26566, 375, 7, 12, NULL, NULL, NULL, '2014-03-06 21:14:19', NULL, NULL, NULL),
(26567, 438, 37, 73, NULL, NULL, NULL, '2014-03-06 21:14:20', NULL, NULL, NULL),
(26568, 435, 14, 43, NULL, NULL, NULL, '2014-03-06 21:14:19', NULL, NULL, NULL),
(26569, 405, 27, 68, NULL, NULL, NULL, '2014-03-06 21:14:19', NULL, NULL, NULL),
(26570, 425, 7, 26, NULL, NULL, NULL, '2014-03-06 21:14:19', NULL, NULL, NULL),
(26571, 617, 39, 93, NULL, NULL, NULL, '2014-03-06 21:14:21', NULL, NULL, NULL),
(26572, 365, 7, 38, NULL, NULL, NULL, '2014-03-06 21:14:19', NULL, NULL, NULL),
(26573, 408, 28, 62, NULL, NULL, NULL, '2014-03-06 21:14:20', NULL, NULL, NULL),
(26574, 614, 39, 93, NULL, NULL, NULL, '2014-03-06 21:14:21', NULL, NULL, NULL),
(26575, 388, 37, 72, NULL, NULL, NULL, '2014-03-06 21:14:20', NULL, NULL, NULL),
(26576, 475, 12, 33, NULL, NULL, NULL, '2014-03-06 21:14:20', NULL, NULL, NULL),
(26577, 365, 33, 66, NULL, NULL, NULL, '2014-03-06 21:14:18', NULL, NULL, NULL),
(26578, 438, 30, 85, NULL, NULL, NULL, '2014-03-06 21:14:20', NULL, NULL, NULL),
(26579, 475, 16, 49, NULL, NULL, NULL, '2014-03-06 21:14:20', NULL, NULL, NULL),
(26580, 415, 7, 21, NULL, NULL, NULL, '2014-03-06 21:14:19', NULL, NULL, NULL),
(26581, 455, 16, 54, NULL, NULL, NULL, '2014-03-06 21:14:19', NULL, NULL, NULL),
(26582, 455, 16, 50, NULL, NULL, NULL, '2014-03-06 21:14:19', NULL, NULL, NULL),
(26583, 385, 9, 36, NULL, NULL, NULL, '2014-03-06 21:14:19', NULL, NULL, NULL),
(26584, 475, 33, 66, NULL, NULL, NULL, '2014-03-06 21:14:20', NULL, NULL, NULL),
(26585, 488, 29, 87, NULL, NULL, NULL, '2014-03-06 21:14:20', NULL, NULL, NULL),
(26586, 481, 5, 7, NULL, NULL, NULL, '2014-03-06 21:14:18', NULL, NULL, NULL),
(26587, 405, 8, 24, NULL, NULL, NULL, '2014-03-06 21:14:19', NULL, NULL, NULL),
(26588, 395, 7, 12, NULL, NULL, NULL, '2014-03-06 21:14:19', NULL, NULL, NULL),
(26589, 365, 9, 28, NULL, NULL, NULL, '2014-03-06 21:14:19', NULL, NULL, NULL),
(26590, 485, 33, 67, NULL, 1, NULL, '2014-03-26 23:32:59', '2014-03-26 23:32:59', NULL, NULL),
(26591, 425, 7, 37, NULL, NULL, NULL, '2014-03-06 21:14:19', NULL, NULL, NULL),
(26592, 475, 27, 58, NULL, NULL, NULL, '2014-03-06 21:14:20', NULL, NULL, NULL),
(26593, 438, 28, 89, NULL, NULL, NULL, '2014-03-06 21:14:20', NULL, NULL, NULL),
(26594, 355, 8, 25, NULL, NULL, NULL, '2014-03-06 21:14:18', NULL, NULL, NULL),
(26595, 590, 38, 90, NULL, NULL, NULL, '2014-03-06 21:14:21', NULL, NULL, NULL),
(26596, 435, 27, 59, NULL, NULL, NULL, '2014-03-06 21:14:19', NULL, NULL, NULL),
(26597, 475, 27, 69, NULL, NULL, NULL, '2014-03-06 21:14:20', NULL, NULL, NULL),
(26598, 428, 37, 73, NULL, NULL, NULL, '2014-03-06 21:14:20', NULL, NULL, NULL),
(26599, 415, 8, 23, NULL, NULL, NULL, '2014-03-06 21:14:19', NULL, NULL, NULL),
(26600, 385, 13, 34, NULL, NULL, NULL, '2014-03-06 21:14:19', NULL, NULL, NULL),
(26601, 435, 16, 51, NULL, NULL, NULL, '2014-03-06 21:14:19', NULL, NULL, NULL),
(26602, 425, 33, 71, NULL, NULL, NULL, '2014-03-06 21:14:19', NULL, NULL, NULL),
(26603, 358, 28, 61, NULL, NULL, NULL, '2014-03-06 21:14:20', NULL, NULL, NULL),
(26604, 398, 37, 72, NULL, 1, NULL, '2014-03-24 22:16:36', '2014-03-24 22:16:36', NULL, NULL),
(26605, 455, 33, 70, NULL, NULL, NULL, '2014-03-06 21:14:19', NULL, NULL, NULL),
(26606, 415, 7, 12, NULL, NULL, NULL, '2014-03-06 21:14:19', NULL, NULL, NULL),
(26607, 391, 5, 7, NULL, NULL, NULL, '2014-03-06 21:14:18', NULL, NULL, NULL),
(26608, 465, 16, 53, NULL, NULL, NULL, '2014-03-06 21:14:19', NULL, NULL, NULL),
(26609, 485, 7, 17, NULL, NULL, NULL, '2014-03-06 21:14:20', NULL, NULL, NULL),
(26610, 485, 14, 44, NULL, NULL, NULL, '2014-03-06 21:14:20', NULL, NULL, NULL),
(26611, 485, 33, 71, NULL, NULL, NULL, '2014-03-06 21:14:20', NULL, NULL, NULL),
(26612, 478, 37, 77, NULL, NULL, NULL, '2014-03-06 21:14:20', NULL, NULL, NULL),
(26613, 388, 37, 77, NULL, NULL, NULL, '2014-03-06 21:14:20', NULL, NULL, NULL),
(26614, 408, 37, 76, NULL, NULL, NULL, '2014-03-06 21:14:20', NULL, NULL, NULL),
(26615, 395, 7, 38, NULL, NULL, NULL, '2014-03-06 21:14:19', NULL, NULL, NULL),
(26616, 388, 37, 76, NULL, NULL, NULL, '2014-03-06 21:14:20', NULL, NULL, NULL),
(26617, 445, 7, 21, NULL, NULL, NULL, '2014-03-06 21:14:19', NULL, NULL, NULL),
(26618, 441, 5, 9, NULL, NULL, NULL, '2014-03-06 21:14:18', NULL, NULL, NULL),
(26619, 395, 8, 25, NULL, NULL, NULL, '2014-03-06 21:14:19', NULL, NULL, NULL),
(26620, 465, 7, 17, NULL, NULL, NULL, '2014-03-06 21:14:19', NULL, NULL, NULL),
(26621, 606, 39, 94, NULL, NULL, NULL, '2014-03-06 21:14:21', NULL, NULL, NULL),
(26622, 418, 28, 62, NULL, NULL, NULL, '2014-03-06 21:14:20', NULL, NULL, NULL),
(26623, 385, 27, 68, NULL, NULL, NULL, '2014-03-06 21:14:19', NULL, NULL, NULL),
(26624, 425, 12, 30, NULL, NULL, NULL, '2014-03-06 21:14:19', NULL, NULL, NULL),
(26625, 388, 30, 82, NULL, NULL, NULL, '2014-03-06 21:14:20', NULL, NULL, NULL),
(26626, 485, 8, 23, NULL, NULL, NULL, '2014-03-06 21:14:20', NULL, NULL, NULL),
(26627, 405, 27, 59, NULL, NULL, NULL, '2014-03-06 21:14:19', NULL, NULL, NULL),
(26628, 445, 7, 37, NULL, NULL, NULL, '2014-03-06 21:14:19', NULL, NULL, NULL),
(26629, 465, 9, 27, NULL, NULL, NULL, '2014-03-06 21:14:19', NULL, NULL, NULL),
(26630, 475, 8, 20, NULL, NULL, NULL, '2014-03-06 21:14:20', NULL, NULL, NULL),
(26631, 358, 30, 84, NULL, NULL, NULL, '2014-03-06 21:14:20', NULL, NULL, NULL),
(26632, 378, 28, 62, NULL, NULL, NULL, '2014-03-06 21:14:20', NULL, NULL, NULL),
(26633, 448, 30, 85, NULL, NULL, NULL, '2014-03-06 21:14:20', NULL, NULL, NULL),
(26634, 465, 7, 37, NULL, NULL, NULL, '2014-03-06 21:14:19', NULL, NULL, NULL),
(26635, 415, 16, 49, NULL, NULL, NULL, '2014-03-06 21:14:19', NULL, NULL, NULL),
(26636, 425, 7, 17, NULL, NULL, NULL, '2014-03-06 21:14:19', NULL, NULL, NULL),
(26637, 475, 7, 41, NULL, NULL, NULL, '2014-03-06 21:14:20', NULL, NULL, NULL),
(26638, 398, 28, 62, NULL, NULL, NULL, '2014-03-06 21:14:20', NULL, NULL, NULL),
(26639, 481, 5, 9, NULL, NULL, NULL, '2014-03-06 21:14:18', NULL, NULL, NULL),
(26640, 395, 15, 46, NULL, NULL, NULL, '2014-03-06 21:14:19', NULL, NULL, NULL),
(26641, 710, 40, 95, NULL, NULL, NULL, '2014-03-06 21:14:21', NULL, NULL, NULL),
(26642, 593, 38, 90, NULL, NULL, NULL, '2014-03-06 21:14:21', NULL, NULL, NULL),
(26643, 358, 37, 76, NULL, NULL, NULL, '2014-03-06 21:14:20', NULL, NULL, NULL),
(26644, 448, 28, 63, NULL, NULL, NULL, '2014-03-06 21:14:20', NULL, NULL, NULL),
(26645, 375, 16, 55, NULL, NULL, NULL, '2014-03-06 21:14:19', NULL, NULL, NULL),
(26646, 415, 16, 54, NULL, NULL, NULL, '2014-03-06 21:14:19', NULL, NULL, NULL),
(26647, 485, 9, 27, NULL, NULL, NULL, '2014-03-06 21:14:20', NULL, NULL, NULL),
(26648, 711, 40, 96, NULL, NULL, NULL, '2014-03-06 21:14:21', NULL, NULL, NULL),
(26649, 395, 7, 41, NULL, NULL, NULL, '2014-03-06 21:14:19', NULL, NULL, NULL),
(26650, 355, 16, 55, NULL, NULL, NULL, '2014-03-06 21:14:18', NULL, NULL, NULL),
(26651, 475, 15, 46, NULL, NULL, NULL, '2014-03-06 21:14:20', NULL, NULL, NULL),
(26652, 415, 33, 70, NULL, NULL, NULL, '2014-03-06 21:14:19', NULL, NULL, NULL),
(26653, 445, 9, 36, NULL, NULL, NULL, '2014-03-06 21:14:19', NULL, NULL, NULL),
(26654, 358, 37, 74, NULL, NULL, NULL, '2014-03-06 21:14:20', NULL, NULL, NULL),
(26655, 395, 7, 17, NULL, NULL, NULL, '2014-03-06 21:14:19', NULL, NULL, NULL),
(26656, 375, 27, 68, NULL, NULL, NULL, '2014-03-06 21:14:19', NULL, NULL, NULL),
(26657, 435, 16, 50, NULL, NULL, NULL, '2014-03-06 21:14:19', NULL, NULL, NULL),
(26658, 428, 30, 82, NULL, NULL, NULL, '2014-03-06 21:14:20', NULL, NULL, NULL),
(26659, 368, 37, 72, NULL, 1, NULL, '2014-03-08 08:45:31', '2014-03-08 08:45:31', NULL, NULL),
(26660, 712, 41, 98, NULL, NULL, NULL, '2014-03-06 21:14:21', NULL, NULL, NULL),
(26661, 368, 37, 80, NULL, NULL, NULL, '2014-03-06 21:14:20', NULL, NULL, NULL),
(26662, 378, 28, 64, NULL, NULL, NULL, '2014-03-06 21:14:20', NULL, NULL, NULL),
(26663, 385, 7, 19, NULL, NULL, NULL, '2014-03-06 21:14:19', NULL, NULL, NULL),
(26664, 425, 14, 43, NULL, NULL, NULL, '2014-03-06 21:14:19', NULL, NULL, NULL),
(26665, 475, 12, 32, NULL, NULL, NULL, '2014-03-06 21:14:20', NULL, NULL, NULL),
(26666, 388, 28, 61, NULL, NULL, NULL, '2014-03-06 21:14:20', NULL, NULL, NULL),
(26667, 475, 14, 43, NULL, NULL, NULL, '2014-03-06 21:14:20', NULL, NULL, NULL),
(26668, 465, 8, 25, NULL, NULL, NULL, '2014-03-06 21:14:20', NULL, NULL, NULL),
(26669, 478, 29, 81, NULL, NULL, NULL, '2014-03-06 21:14:20', NULL, NULL, NULL),
(26670, 408, 30, 83, NULL, NULL, NULL, '2014-03-06 21:14:20', NULL, NULL, NULL),
(26671, 415, 9, 27, NULL, NULL, NULL, '2014-03-06 21:14:19', NULL, NULL, NULL),
(26672, 413, 36, 104, NULL, NULL, NULL, '2014-03-06 21:14:18', NULL, NULL, NULL),
(26673, 385, 16, 50, NULL, NULL, NULL, '2014-03-06 21:14:19', NULL, NULL, NULL),
(26674, 395, 7, 37, NULL, NULL, NULL, '2014-03-06 21:14:19', NULL, NULL, NULL),
(26675, 435, 7, 40, NULL, NULL, NULL, '2014-03-06 21:14:19', NULL, NULL, NULL),
(26676, 714, 40, 97, NULL, NULL, NULL, '2014-03-06 21:14:21', NULL, NULL, NULL),
(26677, 481, 5, 11, NULL, NULL, NULL, '2014-03-06 21:14:18', NULL, NULL, NULL),
(26678, 475, 13, 35, NULL, NULL, NULL, '2014-03-06 21:14:20', NULL, NULL, NULL),
(26679, 468, 30, 82, NULL, NULL, NULL, '2014-03-06 21:14:20', NULL, NULL, NULL),
(26680, 408, 29, 86, NULL, NULL, NULL, '2014-03-06 21:14:20', NULL, NULL, NULL),
(26681, 408, 29, 88, NULL, NULL, NULL, '2014-03-06 21:14:20', NULL, NULL, NULL),
(26682, 445, 14, 45, NULL, NULL, NULL, '2014-03-06 21:14:19', NULL, NULL, NULL),
(26683, 475, 14, 45, NULL, NULL, NULL, '2014-03-06 21:14:20', NULL, NULL, NULL),
(26684, 702, 40, 97, NULL, 1, NULL, '2014-03-06 21:24:39', '2014-03-06 21:24:39', NULL, NULL),
(26685, 707, 40, 97, NULL, NULL, NULL, '2014-03-06 21:14:21', NULL, NULL, NULL),
(26686, 478, 37, 75, NULL, NULL, NULL, '2014-03-06 21:14:20', NULL, NULL, NULL),
(26687, 465, 7, 38, NULL, NULL, NULL, '2014-03-06 21:14:19', NULL, NULL, NULL),
(26688, 375, 14, 44, NULL, NULL, NULL, '2014-03-06 21:14:19', NULL, NULL, NULL),
(26689, 395, 9, 27, NULL, NULL, NULL, '2014-03-06 21:14:19', NULL, NULL, NULL),
(26690, 435, 33, 65, NULL, NULL, NULL, '2014-03-06 21:14:19', NULL, NULL, NULL),
(26691, 475, 9, 28, NULL, NULL, NULL, '2014-03-06 21:14:20', NULL, NULL, NULL),
(26692, 604, 39, 92, NULL, NULL, NULL, '2014-03-06 21:14:21', NULL, NULL, NULL),
(26693, 428, 28, 89, NULL, NULL, NULL, '2014-03-06 21:14:20', NULL, NULL, NULL),
(26694, 365, 13, 35, NULL, NULL, NULL, '2014-03-06 21:14:19', NULL, NULL, NULL),
(26695, 415, 14, 45, NULL, NULL, NULL, '2014-03-06 21:14:19', NULL, NULL, NULL),
(26696, 355, 16, 51, NULL, NULL, NULL, '2014-03-06 21:14:18', NULL, NULL, NULL),
(26697, 375, 16, 54, NULL, NULL, NULL, '2014-03-06 21:14:19', NULL, NULL, NULL);
INSERT INTO `courseTraineeActivity` (`courseTraineeActivityID`, `courseTraineeID`, `lessonID`, `activityID`, `ratingID`, `completedFlag`, `comment`, `dateUpdated`, `completionDate`, `refreshRequested`, `completionPercentage`) VALUES
(26698, 413, 36, 103, NULL, NULL, NULL, '2014-03-06 21:14:18', NULL, NULL, NULL),
(26699, 385, 16, 53, NULL, NULL, NULL, '2014-03-06 21:14:19', NULL, NULL, NULL),
(26700, 375, 27, 57, NULL, NULL, NULL, '2014-03-06 21:14:19', NULL, NULL, NULL),
(26701, 415, 12, 30, NULL, NULL, NULL, '2014-03-06 21:14:19', NULL, NULL, NULL),
(26702, 378, 28, 89, NULL, NULL, NULL, '2014-03-06 21:14:20', NULL, NULL, NULL),
(26703, 415, 33, 66, NULL, NULL, NULL, '2014-03-06 21:14:19', NULL, NULL, NULL),
(26704, 445, 33, 71, NULL, NULL, NULL, '2014-03-06 21:14:19', NULL, NULL, NULL),
(26705, 355, 7, 18, NULL, NULL, NULL, '2014-03-06 21:14:18', NULL, NULL, NULL),
(26706, 355, 33, 65, NULL, 1, NULL, '2014-03-06 21:26:40', '2014-03-06 21:26:40', NULL, NULL),
(26707, 365, 12, 32, NULL, NULL, NULL, '2014-03-06 21:14:19', NULL, NULL, NULL),
(26708, 458, 37, 75, NULL, NULL, NULL, '2014-03-06 21:14:20', NULL, NULL, NULL),
(26709, 485, 7, 12, NULL, NULL, NULL, '2014-03-06 21:14:20', NULL, NULL, NULL),
(26710, 355, 16, 49, NULL, NULL, NULL, '2014-03-06 21:14:18', NULL, NULL, NULL),
(26711, 458, 28, 64, NULL, NULL, NULL, '2014-03-06 21:14:20', NULL, NULL, NULL),
(26712, 365, 7, 19, NULL, NULL, NULL, '2014-03-06 21:14:19', NULL, NULL, NULL),
(26713, 438, 28, 64, NULL, NULL, NULL, '2014-03-06 21:14:20', NULL, NULL, NULL),
(26714, 711, 41, 98, NULL, NULL, NULL, '2014-03-06 21:14:21', NULL, NULL, NULL),
(26715, 485, 16, 54, NULL, NULL, NULL, '2014-03-06 21:14:20', NULL, NULL, NULL),
(26716, 425, 9, 36, NULL, NULL, NULL, '2014-03-06 21:14:19', NULL, NULL, NULL),
(26717, 455, 13, 34, NULL, NULL, NULL, '2014-03-06 21:14:19', NULL, NULL, NULL),
(26718, 401, 5, 10, NULL, NULL, NULL, '2014-03-06 21:14:18', NULL, NULL, NULL),
(26719, 715, 40, 95, NULL, NULL, NULL, '2014-03-06 21:14:21', NULL, NULL, NULL),
(26720, 365, 33, 67, NULL, NULL, NULL, '2014-03-06 21:14:18', NULL, NULL, NULL),
(26721, 368, 29, 78, NULL, NULL, NULL, '2014-03-06 21:14:20', NULL, NULL, NULL),
(26722, 398, 37, 75, NULL, 1, NULL, '2014-03-24 22:16:46', '2014-03-24 22:16:46', NULL, NULL),
(26723, 358, 37, 80, NULL, NULL, NULL, '2014-03-06 21:14:20', NULL, NULL, NULL),
(26724, 398, 30, 83, NULL, NULL, NULL, '2014-03-06 21:14:20', NULL, NULL, NULL),
(26725, 365, 27, 60, NULL, 1, NULL, '2014-03-08 08:49:51', '2014-03-08 08:49:51', NULL, NULL),
(26726, 428, 37, 80, NULL, NULL, NULL, '2014-03-06 21:14:20', NULL, NULL, NULL),
(26727, 438, 37, 80, NULL, NULL, NULL, '2014-03-06 21:14:20', NULL, NULL, NULL),
(26728, 435, 13, 35, NULL, NULL, NULL, '2014-03-06 21:14:19', NULL, NULL, NULL),
(26729, 707, 41, 101, NULL, NULL, NULL, '2014-03-06 21:14:21', NULL, NULL, NULL),
(26730, 355, 7, 40, NULL, NULL, NULL, '2014-03-06 21:14:18', NULL, NULL, NULL),
(26731, 475, 16, 55, NULL, NULL, NULL, '2014-03-06 21:14:20', NULL, NULL, NULL),
(26732, 361, 5, 7, NULL, NULL, NULL, '2014-03-06 21:14:18', NULL, NULL, NULL),
(26733, 385, 12, 32, NULL, NULL, NULL, '2014-03-06 21:14:19', NULL, NULL, NULL),
(26734, 475, 16, 53, NULL, NULL, NULL, '2014-03-06 21:14:20', NULL, NULL, NULL),
(26735, 435, 33, 70, NULL, NULL, NULL, '2014-03-06 21:14:19', NULL, NULL, NULL),
(26736, 706, 40, 95, NULL, NULL, NULL, '2014-03-06 21:14:21', NULL, NULL, NULL),
(26737, 365, 8, 24, NULL, NULL, NULL, '2014-03-06 21:14:19', NULL, NULL, NULL),
(26738, 438, 30, 84, NULL, NULL, NULL, '2014-03-06 21:14:20', NULL, NULL, NULL),
(26739, 385, 7, 12, NULL, NULL, NULL, '2014-03-06 21:14:19', NULL, NULL, NULL),
(26740, 708, 41, 102, NULL, NULL, NULL, '2014-03-06 21:14:21', NULL, NULL, NULL),
(26741, 616, 39, 92, NULL, NULL, NULL, '2014-03-06 21:14:21', NULL, NULL, NULL),
(26742, 375, 8, 20, NULL, NULL, NULL, '2014-03-06 21:14:19', NULL, NULL, NULL),
(26743, 471, 5, 10, NULL, NULL, NULL, '2014-03-06 21:14:18', NULL, NULL, NULL),
(26744, 455, 8, 25, NULL, NULL, NULL, '2014-03-06 21:14:19', NULL, NULL, NULL),
(26745, 458, 30, 83, NULL, NULL, NULL, '2014-03-06 21:14:20', NULL, NULL, NULL),
(26746, 395, 16, 52, NULL, NULL, NULL, '2014-03-06 21:14:19', NULL, NULL, NULL),
(26747, 455, 8, 20, NULL, NULL, NULL, '2014-03-06 21:14:19', NULL, NULL, NULL),
(26748, 438, 37, 76, NULL, NULL, NULL, '2014-03-06 21:14:20', NULL, NULL, NULL),
(26749, 488, 37, 80, NULL, NULL, NULL, '2014-03-06 21:14:20', NULL, NULL, NULL),
(26750, 375, 27, 56, NULL, NULL, NULL, '2014-03-06 21:14:19', NULL, NULL, NULL),
(26751, 391, 5, 10, NULL, NULL, NULL, '2014-03-06 21:14:18', NULL, NULL, NULL),
(26752, 435, 33, 66, NULL, NULL, NULL, '2014-03-06 21:14:19', NULL, NULL, NULL),
(26753, 405, 14, 44, NULL, NULL, NULL, '2014-03-06 21:14:19', NULL, NULL, NULL),
(26754, 385, 27, 58, NULL, NULL, NULL, '2014-03-06 21:14:19', NULL, NULL, NULL),
(26755, 485, 7, 37, NULL, NULL, NULL, '2014-03-06 21:14:20', NULL, NULL, NULL),
(26756, 425, 16, 52, NULL, NULL, NULL, '2014-03-06 21:14:19', NULL, NULL, NULL),
(26757, 604, 39, 94, NULL, NULL, NULL, '2014-03-06 21:14:21', NULL, NULL, NULL),
(26758, 705, 40, 96, NULL, NULL, NULL, '2014-03-06 21:14:21', NULL, NULL, NULL),
(26759, 608, 39, 92, NULL, NULL, NULL, '2014-03-06 21:14:21', NULL, NULL, NULL),
(26760, 706, 40, 96, NULL, NULL, NULL, '2014-03-06 21:14:21', NULL, NULL, NULL),
(26761, 355, 9, 36, NULL, NULL, NULL, '2014-03-06 21:14:18', NULL, NULL, NULL),
(26762, 433, 36, 103, NULL, NULL, NULL, '2014-03-06 21:14:18', NULL, NULL, NULL),
(26763, 596, 38, 91, NULL, NULL, NULL, '2014-03-06 21:14:21', NULL, NULL, NULL),
(26764, 411, 4, 6, NULL, NULL, NULL, '2014-03-06 21:14:18', NULL, NULL, NULL),
(26765, 465, 27, 58, NULL, NULL, NULL, '2014-03-06 21:14:19', NULL, NULL, NULL),
(26766, 485, 12, 32, NULL, NULL, NULL, '2014-03-06 21:14:20', NULL, NULL, NULL),
(26767, 458, 37, 73, NULL, NULL, NULL, '2014-03-06 21:14:20', NULL, NULL, NULL),
(26768, 455, 7, 19, NULL, NULL, NULL, '2014-03-06 21:14:19', NULL, NULL, NULL),
(26769, 365, 14, 45, NULL, NULL, NULL, '2014-03-06 21:14:19', NULL, NULL, NULL),
(26770, 455, 14, 45, NULL, NULL, NULL, '2014-03-06 21:14:19', NULL, NULL, NULL),
(26771, 415, 27, 69, NULL, NULL, NULL, '2014-03-06 21:14:19', NULL, NULL, NULL),
(26772, 471, 5, 9, NULL, NULL, NULL, '2014-03-06 21:14:18', NULL, NULL, NULL),
(26773, 375, 8, 25, NULL, NULL, NULL, '2014-03-06 21:14:19', NULL, NULL, NULL),
(26774, 485, 27, 68, NULL, 1, NULL, '2014-03-26 23:32:28', '2014-03-26 23:32:28', NULL, NULL),
(26775, 405, 12, 30, NULL, NULL, NULL, '2014-03-06 21:14:19', NULL, NULL, NULL),
(26776, 403, 36, 105, NULL, NULL, NULL, '2014-03-06 21:14:18', NULL, NULL, NULL),
(26777, 458, 29, 87, NULL, NULL, NULL, '2014-03-06 21:14:20', NULL, NULL, NULL),
(26778, 368, 29, 79, NULL, NULL, NULL, '2014-03-06 21:14:20', NULL, NULL, NULL),
(26779, 445, 16, 49, NULL, NULL, NULL, '2014-03-06 21:14:19', NULL, NULL, NULL),
(26780, 433, 36, 105, NULL, NULL, NULL, '2014-03-06 21:14:18', NULL, NULL, NULL),
(26781, 478, 28, 89, NULL, NULL, NULL, '2014-03-06 21:14:20', NULL, NULL, NULL),
(26782, 375, 7, 38, NULL, NULL, NULL, '2014-03-06 21:14:19', NULL, NULL, NULL),
(26783, 421, 5, 9, NULL, NULL, NULL, '2014-03-06 21:14:18', NULL, NULL, NULL),
(26784, 465, 33, 71, NULL, NULL, NULL, '2014-03-06 21:14:19', NULL, NULL, NULL),
(26785, 435, 7, 19, NULL, NULL, NULL, '2014-03-06 21:14:19', NULL, NULL, NULL),
(26786, 401, 5, 8, NULL, NULL, NULL, '2014-03-06 21:14:18', NULL, NULL, NULL),
(26787, 445, 8, 25, NULL, NULL, NULL, '2014-03-06 21:14:19', NULL, NULL, NULL),
(26788, 415, 9, 36, NULL, NULL, NULL, '2014-03-06 21:14:19', NULL, NULL, NULL),
(26789, 403, 36, 103, NULL, NULL, NULL, '2014-03-06 21:14:18', NULL, NULL, NULL),
(26790, 378, 28, 61, NULL, NULL, NULL, '2014-03-06 21:14:20', NULL, NULL, NULL),
(26791, 373, 36, 103, NULL, NULL, NULL, '2014-03-06 21:14:18', NULL, NULL, NULL),
(26792, 703, 40, 97, NULL, NULL, NULL, '2014-03-06 21:14:21', NULL, NULL, NULL),
(26793, 445, 13, 35, NULL, NULL, NULL, '2014-03-06 21:14:19', NULL, NULL, NULL),
(26794, 468, 37, 72, NULL, NULL, NULL, '2014-03-06 21:14:20', NULL, NULL, NULL),
(26795, 375, 12, 30, NULL, NULL, NULL, '2014-03-06 21:14:19', NULL, NULL, NULL),
(26796, 612, 39, 93, NULL, NULL, NULL, '2014-03-06 21:14:21', NULL, NULL, NULL),
(26797, 445, 16, 53, NULL, NULL, NULL, '2014-03-06 21:14:19', NULL, NULL, NULL),
(26798, 478, 37, 72, NULL, NULL, NULL, '2014-03-06 21:14:20', NULL, NULL, NULL),
(26799, 358, 29, 86, NULL, NULL, NULL, '2014-03-06 21:14:20', NULL, NULL, NULL),
(26800, 375, 15, 46, NULL, NULL, NULL, '2014-03-06 21:14:19', NULL, NULL, NULL),
(26801, 381, 4, 6, NULL, NULL, NULL, '2014-03-06 21:14:18', NULL, NULL, NULL),
(26802, 415, 27, 60, NULL, NULL, NULL, '2014-03-06 21:14:19', NULL, NULL, NULL),
(26803, 713, 40, 95, NULL, NULL, NULL, '2014-03-06 21:14:21', NULL, NULL, NULL),
(26804, 702, 40, 96, NULL, 1, NULL, '2014-03-06 21:24:54', '2014-03-06 21:24:54', NULL, NULL),
(26805, 435, 14, 44, NULL, NULL, NULL, '2014-03-06 21:14:19', NULL, NULL, NULL),
(26806, 712, 40, 95, NULL, NULL, NULL, '2014-03-06 21:14:21', NULL, NULL, NULL),
(26807, 465, 27, 60, NULL, NULL, NULL, '2014-03-06 21:14:19', NULL, NULL, NULL),
(26808, 713, 41, 100, NULL, NULL, NULL, '2014-03-06 21:14:21', NULL, NULL, NULL),
(26809, 355, 8, 20, NULL, NULL, NULL, '2014-03-06 21:14:18', NULL, NULL, NULL),
(26810, 475, 27, 56, NULL, NULL, NULL, '2014-03-06 21:14:20', NULL, NULL, NULL),
(26811, 707, 41, 102, NULL, NULL, NULL, '2014-03-06 21:14:21', NULL, NULL, NULL),
(26812, 395, 16, 50, NULL, NULL, NULL, '2014-03-06 21:14:19', NULL, NULL, NULL),
(26813, 711, 40, 97, NULL, NULL, NULL, '2014-03-06 21:14:21', NULL, NULL, NULL),
(26814, 711, 41, 100, NULL, NULL, NULL, '2014-03-06 21:14:21', NULL, NULL, NULL),
(26815, 591, 38, 91, NULL, NULL, NULL, '2014-03-06 21:14:21', NULL, NULL, NULL),
(26816, 485, 14, 43, NULL, NULL, NULL, '2014-03-06 21:14:20', NULL, NULL, NULL),
(26817, 453, 36, 103, NULL, NULL, NULL, '2014-03-06 21:14:18', NULL, NULL, NULL),
(26818, 475, 27, 68, NULL, NULL, NULL, '2014-03-06 21:14:20', NULL, NULL, NULL),
(26819, 465, 16, 55, NULL, NULL, NULL, '2014-03-06 21:14:19', NULL, NULL, NULL),
(26820, 385, 15, 46, NULL, NULL, NULL, '2014-03-06 21:14:19', NULL, NULL, NULL),
(26821, 398, 29, 79, NULL, NULL, NULL, '2014-03-06 21:14:20', NULL, NULL, NULL),
(26822, 478, 29, 88, NULL, NULL, NULL, '2014-03-06 21:14:20', NULL, NULL, NULL),
(26823, 401, 5, 11, NULL, NULL, NULL, '2014-03-06 21:14:18', NULL, NULL, NULL),
(26824, 465, 16, 50, NULL, NULL, NULL, '2014-03-06 21:14:19', NULL, NULL, NULL),
(26825, 465, 9, 28, NULL, NULL, NULL, '2014-03-06 21:14:19', NULL, NULL, NULL),
(26826, 448, 29, 78, NULL, NULL, NULL, '2014-03-06 21:14:20', NULL, NULL, NULL),
(26827, 385, 8, 24, NULL, NULL, NULL, '2014-03-06 21:14:19', NULL, NULL, NULL),
(26828, 475, 33, 71, NULL, NULL, NULL, '2014-03-06 21:14:20', NULL, NULL, NULL),
(26829, 435, 27, 58, NULL, NULL, NULL, '2014-03-06 21:14:19', NULL, NULL, NULL),
(26830, 375, 7, 26, NULL, NULL, NULL, '2014-03-06 21:14:19', NULL, NULL, NULL),
(26831, 365, 27, 69, NULL, NULL, NULL, '2014-03-06 21:14:18', NULL, NULL, NULL),
(26832, 421, 5, 8, NULL, NULL, NULL, '2014-03-06 21:14:18', NULL, NULL, NULL),
(26833, 488, 37, 73, NULL, NULL, NULL, '2014-03-06 21:14:20', NULL, NULL, NULL),
(26834, 418, 30, 85, NULL, NULL, NULL, '2014-03-06 21:14:20', NULL, NULL, NULL),
(26835, 478, 28, 64, NULL, NULL, NULL, '2014-03-06 21:14:20', NULL, NULL, NULL),
(26836, 423, 36, 104, NULL, NULL, NULL, '2014-03-06 21:14:18', NULL, NULL, NULL),
(26837, 468, 30, 83, NULL, NULL, NULL, '2014-03-06 21:14:20', NULL, NULL, NULL),
(26838, 355, 33, 70, NULL, 1, NULL, '2014-03-06 21:26:52', '2014-03-06 21:26:52', NULL, NULL),
(26839, 465, 33, 66, NULL, NULL, NULL, '2014-03-06 21:14:19', NULL, NULL, NULL),
(26840, 438, 37, 77, NULL, NULL, NULL, '2014-03-06 21:14:20', NULL, NULL, NULL),
(26841, 375, 33, 66, NULL, NULL, NULL, '2014-03-06 21:14:19', NULL, NULL, NULL),
(26842, 408, 37, 72, NULL, NULL, NULL, '2014-03-06 21:14:20', NULL, NULL, NULL),
(26843, 365, 33, 71, NULL, NULL, NULL, '2014-03-06 21:14:18', NULL, NULL, NULL),
(26844, 714, 40, 96, NULL, NULL, NULL, '2014-03-06 21:14:21', NULL, NULL, NULL),
(26845, 438, 29, 79, NULL, NULL, NULL, '2014-03-06 21:14:20', NULL, NULL, NULL),
(26846, 375, 12, 32, NULL, NULL, NULL, '2014-03-06 21:14:19', NULL, NULL, NULL),
(26847, 395, 27, 59, NULL, 1, NULL, '2014-03-24 22:15:33', '2014-03-24 22:15:33', NULL, NULL),
(26848, 395, 12, 32, NULL, NULL, NULL, '2014-03-06 21:14:19', NULL, NULL, NULL),
(26849, 375, 16, 53, NULL, NULL, NULL, '2014-03-06 21:14:19', NULL, NULL, NULL),
(26850, 365, 33, 65, NULL, NULL, NULL, '2014-03-06 21:14:18', NULL, NULL, NULL),
(26851, 455, 14, 44, NULL, NULL, NULL, '2014-03-06 21:14:19', NULL, NULL, NULL),
(26852, 355, 14, 42, NULL, NULL, NULL, '2014-03-06 21:14:18', NULL, NULL, NULL),
(26853, 428, 37, 72, NULL, NULL, NULL, '2014-03-06 21:14:20', NULL, NULL, NULL),
(26854, 448, 37, 75, NULL, NULL, NULL, '2014-03-06 21:14:20', NULL, NULL, NULL),
(26855, 415, 12, 32, NULL, NULL, NULL, '2014-03-06 21:14:19', NULL, NULL, NULL),
(26856, 375, 7, 18, NULL, NULL, NULL, '2014-03-06 21:14:19', NULL, NULL, NULL),
(26857, 438, 29, 86, NULL, NULL, NULL, '2014-03-06 21:14:20', NULL, NULL, NULL),
(26858, 451, 5, 10, NULL, NULL, NULL, '2014-03-06 21:14:18', NULL, NULL, NULL),
(26859, 448, 29, 87, NULL, NULL, NULL, '2014-03-06 21:14:20', NULL, NULL, NULL),
(26860, 483, 36, 105, NULL, NULL, NULL, '2014-03-06 21:14:18', NULL, NULL, NULL),
(26861, 445, 13, 34, NULL, NULL, NULL, '2014-03-06 21:14:19', NULL, NULL, NULL),
(26862, 418, 29, 87, NULL, NULL, NULL, '2014-03-06 21:14:20', NULL, NULL, NULL),
(26863, 485, 13, 34, NULL, NULL, NULL, '2014-03-06 21:14:20', NULL, NULL, NULL),
(26864, 481, 5, 8, NULL, NULL, NULL, '2014-03-06 21:14:18', NULL, NULL, NULL),
(26865, 431, 5, 9, NULL, NULL, NULL, '2014-03-06 21:14:18', NULL, NULL, NULL),
(26866, 615, 39, 93, NULL, NULL, NULL, '2014-03-06 21:14:21', NULL, NULL, NULL),
(26867, 421, 5, 10, NULL, NULL, NULL, '2014-03-06 21:14:18', NULL, NULL, NULL),
(26868, 408, 37, 73, NULL, NULL, NULL, '2014-03-06 21:14:20', NULL, NULL, NULL),
(26869, 475, 16, 50, NULL, NULL, NULL, '2014-03-06 21:14:20', NULL, NULL, NULL),
(26870, 395, 33, 66, NULL, NULL, NULL, '2014-03-06 21:14:19', NULL, NULL, NULL),
(26871, 488, 29, 81, NULL, NULL, NULL, '2014-03-06 21:14:20', NULL, NULL, NULL),
(26872, 395, 8, 24, NULL, NULL, NULL, '2014-03-06 21:14:19', NULL, NULL, NULL),
(26873, 405, 7, 18, NULL, NULL, NULL, '2014-03-06 21:14:19', NULL, NULL, NULL),
(26874, 458, 37, 80, NULL, NULL, NULL, '2014-03-06 21:14:20', NULL, NULL, NULL),
(26875, 385, 16, 49, NULL, NULL, NULL, '2014-03-06 21:14:19', NULL, NULL, NULL),
(26876, 445, 15, 46, NULL, NULL, NULL, '2014-03-06 21:14:19', NULL, NULL, NULL),
(26877, 438, 29, 88, NULL, NULL, NULL, '2014-03-06 21:14:20', NULL, NULL, NULL),
(26878, 418, 37, 80, NULL, NULL, NULL, '2014-03-06 21:14:20', NULL, NULL, NULL),
(26879, 455, 14, 42, NULL, NULL, NULL, '2014-03-06 21:14:19', NULL, NULL, NULL),
(26880, 361, 4, 6, NULL, NULL, NULL, '2014-03-06 21:14:18', NULL, NULL, NULL),
(26881, 405, 14, 43, NULL, NULL, NULL, '2014-03-06 21:14:19', NULL, NULL, NULL),
(26882, 351, 5, 8, NULL, NULL, NULL, '2014-03-06 21:14:18', NULL, NULL, NULL),
(26883, 355, 14, 44, NULL, NULL, NULL, '2014-03-06 21:14:18', NULL, NULL, NULL),
(26884, 365, 27, 59, NULL, NULL, NULL, '2014-03-06 21:14:18', NULL, NULL, NULL),
(26885, 355, 33, 71, NULL, NULL, NULL, '2014-03-06 21:14:18', NULL, NULL, NULL),
(26886, 398, 30, 85, NULL, NULL, NULL, '2014-03-06 21:14:20', NULL, NULL, NULL),
(26887, 475, 8, 23, NULL, NULL, NULL, '2014-03-06 21:14:20', NULL, NULL, NULL),
(26888, 461, 5, 11, NULL, NULL, NULL, '2014-03-06 21:14:18', NULL, NULL, NULL),
(26889, 425, 8, 20, NULL, NULL, NULL, '2014-03-06 21:14:19', NULL, NULL, NULL),
(26890, 714, 41, 101, NULL, NULL, NULL, '2014-03-06 21:14:21', NULL, NULL, NULL),
(26891, 411, 5, 11, NULL, NULL, NULL, '2014-03-06 21:14:18', NULL, NULL, NULL),
(26892, 415, 14, 44, NULL, NULL, NULL, '2014-03-06 21:14:19', NULL, NULL, NULL),
(26893, 597, 38, 90, NULL, NULL, NULL, '2014-03-06 21:14:21', NULL, NULL, NULL),
(26894, 468, 37, 75, NULL, NULL, NULL, '2014-03-06 21:14:20', NULL, NULL, NULL),
(26895, 408, 37, 75, NULL, NULL, NULL, '2014-03-06 21:14:20', NULL, NULL, NULL),
(26896, 445, 7, 41, NULL, NULL, NULL, '2014-03-06 21:14:19', NULL, NULL, NULL),
(26897, 428, 29, 79, NULL, NULL, NULL, '2014-03-06 21:14:20', NULL, NULL, NULL),
(26898, 604, 39, 93, NULL, NULL, NULL, '2014-03-06 21:14:21', NULL, NULL, NULL),
(26899, 478, 28, 62, NULL, NULL, NULL, '2014-03-06 21:14:20', NULL, NULL, NULL),
(26900, 455, 7, 22, NULL, NULL, NULL, '2014-03-06 21:14:19', NULL, NULL, NULL),
(26901, 441, 4, 6, NULL, NULL, NULL, '2014-03-06 21:14:18', NULL, NULL, NULL),
(26902, 405, 16, 53, NULL, NULL, NULL, '2014-03-06 21:14:19', NULL, NULL, NULL),
(26903, 471, 5, 11, NULL, NULL, NULL, '2014-03-06 21:14:18', NULL, NULL, NULL),
(26904, 428, 29, 78, NULL, NULL, NULL, '2014-03-06 21:14:20', NULL, NULL, NULL),
(26905, 465, 33, 65, NULL, NULL, NULL, '2014-03-06 21:14:19', NULL, NULL, NULL),
(26906, 609, 39, 92, NULL, NULL, NULL, '2014-03-06 21:14:21', NULL, NULL, NULL),
(26907, 475, 27, 57, NULL, NULL, NULL, '2014-03-06 21:14:20', NULL, NULL, NULL),
(26908, 438, 29, 81, NULL, NULL, NULL, '2014-03-06 21:14:20', NULL, NULL, NULL),
(26909, 405, 16, 50, NULL, NULL, NULL, '2014-03-06 21:14:19', NULL, NULL, NULL),
(26910, 418, 37, 74, NULL, NULL, NULL, '2014-03-06 21:14:20', NULL, NULL, NULL),
(26911, 438, 30, 83, NULL, NULL, NULL, '2014-03-06 21:14:20', NULL, NULL, NULL),
(26912, 710, 41, 100, NULL, NULL, NULL, '2014-03-06 21:14:21', NULL, NULL, NULL),
(26913, 455, 33, 67, NULL, NULL, NULL, '2014-03-06 21:14:19', NULL, NULL, NULL),
(26914, 709, 40, 97, NULL, NULL, NULL, '2014-03-06 21:14:21', NULL, NULL, NULL),
(26915, 455, 33, 66, NULL, NULL, NULL, '2014-03-06 21:14:19', NULL, NULL, NULL),
(26916, 408, 37, 74, NULL, NULL, NULL, '2014-03-06 21:14:20', NULL, NULL, NULL),
(26917, 428, 29, 88, NULL, NULL, NULL, '2014-03-06 21:14:20', NULL, NULL, NULL),
(26918, 435, 7, 17, NULL, NULL, NULL, '2014-03-06 21:14:19', NULL, NULL, NULL),
(26919, 371, 5, 7, NULL, NULL, NULL, '2014-03-06 21:14:18', NULL, NULL, NULL),
(26920, 445, 27, 56, NULL, NULL, NULL, '2014-03-06 21:14:19', NULL, NULL, NULL),
(26921, 455, 16, 53, NULL, NULL, NULL, '2014-03-06 21:14:19', NULL, NULL, NULL),
(26922, 358, 29, 87, NULL, NULL, NULL, '2014-03-06 21:14:20', NULL, NULL, NULL),
(26923, 425, 14, 45, NULL, NULL, NULL, '2014-03-06 21:14:19', NULL, NULL, NULL),
(26924, 473, 36, 105, NULL, NULL, NULL, '2014-03-06 21:14:18', NULL, NULL, NULL),
(26925, 475, 7, 21, NULL, NULL, NULL, '2014-03-06 21:14:20', NULL, NULL, NULL),
(26926, 415, 33, 71, NULL, NULL, NULL, '2014-03-06 21:14:19', NULL, NULL, NULL),
(26927, 445, 7, 38, NULL, NULL, NULL, '2014-03-06 21:14:19', NULL, NULL, NULL),
(26928, 395, 13, 34, NULL, NULL, NULL, '2014-03-06 21:14:19', NULL, NULL, NULL),
(26929, 606, 39, 92, NULL, NULL, NULL, '2014-03-06 21:14:21', NULL, NULL, NULL),
(26930, 705, 41, 102, NULL, NULL, NULL, '2014-03-06 21:14:21', NULL, NULL, NULL),
(26931, 602, 38, 91, NULL, NULL, NULL, '2014-03-06 21:14:21', NULL, NULL, NULL),
(26932, 455, 27, 57, NULL, NULL, NULL, '2014-03-06 21:14:19', NULL, NULL, NULL),
(26933, 710, 41, 101, NULL, NULL, NULL, '2014-03-06 21:14:21', NULL, NULL, NULL),
(26934, 415, 13, 34, NULL, NULL, NULL, '2014-03-06 21:14:19', NULL, NULL, NULL),
(26935, 395, 27, 60, NULL, 1, NULL, '2014-03-24 22:15:46', '2014-03-24 22:15:46', NULL, NULL),
(26936, 433, 36, 104, NULL, NULL, NULL, '2014-03-06 21:14:18', NULL, NULL, NULL),
(26937, 593, 38, 91, NULL, NULL, NULL, '2014-03-06 21:14:21', NULL, NULL, NULL),
(26938, 368, 30, 83, NULL, NULL, NULL, '2014-03-06 21:14:20', NULL, NULL, NULL),
(26939, 425, 33, 65, NULL, NULL, NULL, '2014-03-06 21:14:19', NULL, NULL, NULL),
(26940, 712, 41, 99, NULL, NULL, NULL, '2014-03-06 21:14:21', NULL, NULL, NULL),
(26941, 361, 5, 8, NULL, NULL, NULL, '2014-03-06 21:14:18', NULL, NULL, NULL),
(26942, 425, 16, 51, NULL, NULL, NULL, '2014-03-06 21:14:19', NULL, NULL, NULL),
(26943, 385, 27, 60, NULL, NULL, NULL, '2014-03-06 21:14:19', NULL, NULL, NULL),
(26944, 465, 13, 34, NULL, NULL, NULL, '2014-03-06 21:14:20', NULL, NULL, NULL),
(26945, 388, 29, 81, NULL, NULL, NULL, '2014-03-06 21:14:20', NULL, NULL, NULL),
(26946, 488, 30, 84, NULL, NULL, NULL, '2014-03-06 21:14:20', NULL, NULL, NULL),
(26947, 601, 38, 90, NULL, NULL, NULL, '2014-03-06 21:14:21', NULL, NULL, NULL),
(26948, 395, 16, 49, NULL, NULL, NULL, '2014-03-06 21:14:19', NULL, NULL, NULL),
(26949, 438, 37, 75, NULL, NULL, NULL, '2014-03-06 21:14:20', NULL, NULL, NULL),
(26950, 398, 29, 86, NULL, NULL, NULL, '2014-03-06 21:14:20', NULL, NULL, NULL),
(26951, 378, 37, 73, NULL, NULL, NULL, '2014-03-06 21:14:20', NULL, NULL, NULL),
(26952, 415, 8, 25, NULL, NULL, NULL, '2014-03-06 21:14:19', NULL, NULL, NULL),
(26953, 365, 16, 55, NULL, NULL, NULL, '2014-03-06 21:14:18', NULL, NULL, NULL),
(26954, 706, 41, 102, NULL, NULL, NULL, '2014-03-06 21:14:21', NULL, NULL, NULL),
(26955, 713, 40, 97, NULL, NULL, NULL, '2014-03-06 21:14:21', NULL, NULL, NULL),
(26956, 599, 38, 91, NULL, NULL, NULL, '2014-03-06 21:14:21', NULL, NULL, NULL),
(26957, 485, 12, 30, NULL, NULL, NULL, '2014-03-06 21:14:20', NULL, NULL, NULL),
(26958, 704, 41, 102, NULL, NULL, NULL, '2014-03-06 21:14:21', NULL, NULL, NULL),
(26959, 365, 7, 26, NULL, NULL, NULL, '2014-03-06 21:14:19', NULL, NULL, NULL),
(26960, 465, 12, 32, NULL, NULL, NULL, '2014-03-06 21:14:20', NULL, NULL, NULL),
(26961, 468, 37, 80, NULL, NULL, NULL, '2014-03-06 21:14:20', NULL, NULL, NULL),
(26962, 468, 28, 62, NULL, NULL, NULL, '2014-03-06 21:14:20', NULL, NULL, NULL),
(26963, 385, 27, 69, NULL, NULL, NULL, '2014-03-06 21:14:19', NULL, NULL, NULL),
(26964, 485, 7, 26, NULL, NULL, NULL, '2014-03-06 21:14:20', NULL, NULL, NULL),
(26965, 395, 7, 21, NULL, NULL, NULL, '2014-03-06 21:14:19', NULL, NULL, NULL),
(26966, 375, 16, 51, NULL, NULL, NULL, '2014-03-06 21:14:19', NULL, NULL, NULL),
(26967, 455, 12, 30, NULL, NULL, NULL, '2014-03-06 21:14:19', NULL, NULL, NULL),
(26968, 408, 29, 78, NULL, NULL, NULL, '2014-03-06 21:14:20', NULL, NULL, NULL),
(26969, 705, 40, 95, NULL, NULL, NULL, '2014-03-06 21:14:21', NULL, NULL, NULL),
(26970, 483, 36, 103, NULL, NULL, NULL, '2014-03-06 21:14:18', NULL, NULL, NULL),
(26971, 425, 7, 18, NULL, NULL, NULL, '2014-03-06 21:14:19', NULL, NULL, NULL),
(26972, 395, 12, 33, NULL, NULL, NULL, '2014-03-06 21:14:19', NULL, NULL, NULL),
(26973, 707, 41, 98, NULL, NULL, NULL, '2014-03-06 21:14:21', NULL, NULL, NULL),
(26974, 375, 27, 69, NULL, NULL, NULL, '2014-03-06 21:14:19', NULL, NULL, NULL),
(26975, 378, 29, 78, NULL, NULL, NULL, '2014-03-06 21:14:20', NULL, NULL, NULL),
(26976, 415, 8, 24, NULL, NULL, NULL, '2014-03-06 21:14:19', NULL, NULL, NULL),
(26977, 405, 7, 37, NULL, NULL, NULL, '2014-03-06 21:14:19', NULL, NULL, NULL),
(26978, 453, 36, 105, NULL, NULL, NULL, '2014-03-06 21:14:18', NULL, NULL, NULL),
(26979, 488, 37, 75, NULL, NULL, NULL, '2014-03-06 21:14:20', NULL, NULL, NULL),
(26980, 438, 28, 62, NULL, NULL, NULL, '2014-03-06 21:14:20', NULL, NULL, NULL),
(26981, 355, 9, 28, NULL, NULL, NULL, '2014-03-06 21:14:18', NULL, NULL, NULL),
(26982, 435, 9, 28, NULL, NULL, NULL, '2014-03-06 21:14:19', NULL, NULL, NULL),
(26983, 475, 8, 25, NULL, NULL, NULL, '2014-03-06 21:14:20', NULL, NULL, NULL),
(26984, 398, 29, 81, NULL, NULL, NULL, '2014-03-06 21:14:20', NULL, NULL, NULL),
(26985, 445, 14, 44, NULL, NULL, NULL, '2014-03-06 21:14:19', NULL, NULL, NULL),
(26986, 388, 28, 64, NULL, NULL, NULL, '2014-03-06 21:14:20', NULL, NULL, NULL),
(26987, 388, 28, 63, NULL, NULL, NULL, '2014-03-06 21:14:20', NULL, NULL, NULL),
(26988, 612, 39, 92, NULL, NULL, NULL, '2014-03-06 21:14:21', NULL, NULL, NULL),
(26989, 591, 38, 90, NULL, NULL, NULL, '2014-03-06 21:14:21', NULL, NULL, NULL),
(26990, 706, 41, 99, NULL, NULL, NULL, '2014-03-06 21:14:21', NULL, NULL, NULL),
(26991, 435, 33, 71, NULL, NULL, NULL, '2014-03-06 21:14:19', NULL, NULL, NULL),
(26992, 703, 41, 102, NULL, NULL, NULL, '2014-03-06 21:14:21', NULL, NULL, NULL),
(26993, 408, 37, 80, NULL, NULL, NULL, '2014-03-06 21:14:20', NULL, NULL, NULL),
(26994, 388, 28, 62, NULL, NULL, NULL, '2014-03-06 21:14:20', NULL, NULL, NULL),
(26995, 465, 8, 20, NULL, NULL, NULL, '2014-03-06 21:14:20', NULL, NULL, NULL),
(26996, 468, 28, 89, NULL, NULL, NULL, '2014-03-06 21:14:20', NULL, NULL, NULL),
(26997, 608, 39, 93, NULL, NULL, NULL, '2014-03-06 21:14:21', NULL, NULL, NULL),
(26998, 415, 7, 26, NULL, NULL, NULL, '2014-03-06 21:14:19', NULL, NULL, NULL),
(26999, 358, 37, 77, NULL, NULL, NULL, '2014-03-06 21:14:20', NULL, NULL, NULL),
(27000, 485, 27, 56, NULL, NULL, NULL, '2014-03-06 21:14:20', NULL, NULL, NULL),
(27001, 445, 12, 33, NULL, NULL, NULL, '2014-03-06 21:14:19', NULL, NULL, NULL),
(27002, 371, 5, 10, NULL, NULL, NULL, '2014-03-06 21:14:18', NULL, NULL, NULL),
(27003, 375, 13, 34, NULL, NULL, NULL, '2014-03-06 21:14:19', NULL, NULL, NULL),
(27004, 368, 29, 81, NULL, NULL, NULL, '2014-03-06 21:14:20', NULL, NULL, NULL),
(27005, 485, 27, 60, NULL, NULL, NULL, '2014-03-06 21:14:20', NULL, NULL, NULL),
(27006, 702, 41, 100, NULL, NULL, NULL, '2014-03-06 21:14:21', NULL, NULL, NULL),
(27007, 448, 37, 76, NULL, NULL, NULL, '2014-03-06 21:14:20', NULL, NULL, NULL),
(27008, 471, 5, 8, NULL, NULL, NULL, '2014-03-06 21:14:18', NULL, NULL, NULL),
(27009, 415, 7, 41, NULL, NULL, NULL, '2014-03-06 21:14:19', NULL, NULL, NULL),
(27010, 378, 30, 82, NULL, NULL, NULL, '2014-03-06 21:14:20', NULL, NULL, NULL),
(27011, 398, 28, 63, NULL, NULL, NULL, '2014-03-06 21:14:20', NULL, NULL, NULL),
(27012, 368, 30, 84, NULL, NULL, NULL, '2014-03-06 21:14:20', NULL, NULL, NULL),
(27013, 385, 33, 65, NULL, NULL, NULL, '2014-03-06 21:14:19', NULL, NULL, NULL),
(27014, 709, 41, 99, NULL, NULL, NULL, '2014-03-06 21:14:21', NULL, NULL, NULL),
(27015, 485, 8, 24, NULL, NULL, NULL, '2014-03-06 21:14:20', NULL, NULL, NULL),
(27016, 435, 16, 49, NULL, NULL, NULL, '2014-03-06 21:14:19', NULL, NULL, NULL),
(27017, 455, 7, 17, NULL, NULL, NULL, '2014-03-06 21:14:19', NULL, NULL, NULL),
(27018, 425, 27, 60, NULL, NULL, NULL, '2014-03-06 21:14:19', NULL, NULL, NULL),
(27019, 702, 41, 101, NULL, NULL, NULL, '2014-03-06 21:14:21', NULL, NULL, NULL),
(27020, 388, 37, 80, NULL, NULL, NULL, '2014-03-06 21:14:20', NULL, NULL, NULL),
(27021, 375, 12, 33, NULL, NULL, NULL, '2014-03-06 21:14:19', NULL, NULL, NULL),
(27022, 368, 29, 88, NULL, NULL, NULL, '2014-03-06 21:14:20', NULL, NULL, NULL),
(27023, 395, 27, 56, NULL, NULL, NULL, '2014-03-06 21:14:19', NULL, NULL, NULL),
(27024, 435, 7, 26, NULL, NULL, NULL, '2014-03-06 21:14:19', NULL, NULL, NULL),
(27025, 706, 41, 101, NULL, NULL, NULL, '2014-03-06 21:14:21', NULL, NULL, NULL),
(27026, 368, 28, 64, NULL, NULL, NULL, '2014-03-06 21:14:20', NULL, NULL, NULL),
(27027, 435, 27, 57, NULL, NULL, NULL, '2014-03-06 21:14:19', NULL, NULL, NULL),
(27028, 485, 7, 38, NULL, NULL, NULL, '2014-03-06 21:14:20', NULL, NULL, NULL),
(27029, 438, 29, 87, NULL, NULL, NULL, '2014-03-06 21:14:20', NULL, NULL, NULL),
(27030, 488, 29, 78, NULL, NULL, NULL, '2014-03-06 21:14:20', NULL, NULL, NULL),
(27031, 385, 14, 42, NULL, NULL, NULL, '2014-03-06 21:14:19', NULL, NULL, NULL),
(27032, 463, 36, 103, NULL, NULL, NULL, '2014-03-06 21:14:18', NULL, NULL, NULL),
(27033, 378, 37, 72, NULL, NULL, NULL, '2014-03-06 21:14:20', NULL, NULL, NULL),
(27034, 468, 37, 74, NULL, NULL, NULL, '2014-03-06 21:14:20', NULL, NULL, NULL),
(27035, 371, 5, 9, NULL, NULL, NULL, '2014-03-06 21:14:18', NULL, NULL, NULL),
(27036, 388, 29, 78, NULL, NULL, NULL, '2014-03-06 21:14:20', NULL, NULL, NULL),
(27037, 435, 13, 34, NULL, NULL, NULL, '2014-03-06 21:14:19', NULL, NULL, NULL),
(27038, 355, 7, 37, NULL, NULL, NULL, '2014-03-06 21:14:18', NULL, NULL, NULL),
(27039, 475, 33, 65, NULL, NULL, NULL, '2014-03-06 21:14:20', NULL, NULL, NULL),
(27040, 375, 27, 58, NULL, NULL, NULL, '2014-03-06 21:14:19', NULL, NULL, NULL),
(27041, 478, 28, 63, NULL, NULL, NULL, '2014-03-06 21:14:20', NULL, NULL, NULL),
(27042, 448, 28, 62, NULL, NULL, NULL, '2014-03-06 21:14:20', NULL, NULL, NULL),
(27043, 435, 16, 55, NULL, NULL, NULL, '2014-03-06 21:14:19', NULL, NULL, NULL),
(27044, 609, 39, 93, NULL, NULL, NULL, '2014-03-06 21:14:21', NULL, NULL, NULL),
(27045, 358, 29, 88, NULL, NULL, NULL, '2014-03-06 21:14:20', NULL, NULL, NULL),
(27046, 445, 14, 43, NULL, NULL, NULL, '2014-03-06 21:14:19', NULL, NULL, NULL),
(27047, 478, 37, 76, NULL, NULL, NULL, '2014-03-06 21:14:20', NULL, NULL, NULL),
(27048, 438, 37, 74, NULL, NULL, NULL, '2014-03-06 21:14:20', NULL, NULL, NULL),
(27049, 475, 9, 36, NULL, NULL, NULL, '2014-03-06 21:14:20', NULL, NULL, NULL),
(27050, 425, 27, 57, NULL, NULL, NULL, '2014-03-06 21:14:19', NULL, NULL, NULL),
(27051, 445, 9, 28, NULL, NULL, NULL, '2014-03-06 21:14:19', NULL, NULL, NULL),
(27052, 415, 7, 19, NULL, NULL, NULL, '2014-03-06 21:14:19', NULL, NULL, NULL),
(27053, 401, 5, 7, NULL, NULL, NULL, '2014-03-06 21:14:18', NULL, NULL, NULL),
(27054, 451, 5, 8, NULL, NULL, NULL, '2014-03-06 21:14:18', NULL, NULL, NULL),
(27055, 405, 27, 56, NULL, NULL, NULL, '2014-03-06 21:14:19', NULL, NULL, NULL),
(27056, 368, 37, 76, NULL, NULL, NULL, '2014-03-06 21:14:20', NULL, NULL, NULL),
(27057, 458, 30, 85, NULL, NULL, NULL, '2014-03-06 21:14:20', NULL, NULL, NULL),
(27058, 438, 29, 78, NULL, NULL, NULL, '2014-03-06 21:14:20', NULL, NULL, NULL),
(27059, 445, 7, 26, NULL, NULL, NULL, '2014-03-06 21:14:19', NULL, NULL, NULL),
(27060, 448, 37, 73, NULL, NULL, NULL, '2014-03-06 21:14:20', NULL, NULL, NULL),
(27061, 355, 27, 56, NULL, NULL, NULL, '2014-03-06 21:14:18', NULL, NULL, NULL),
(27062, 445, 16, 55, NULL, NULL, NULL, '2014-03-06 21:14:19', NULL, NULL, NULL),
(27063, 702, 40, 95, NULL, 1, NULL, '2014-03-06 21:25:33', '2014-03-06 21:25:33', NULL, NULL),
(27064, 365, 9, 36, NULL, NULL, NULL, '2014-03-06 21:14:19', NULL, NULL, NULL),
(27065, 401, 4, 6, NULL, NULL, NULL, '2014-03-06 21:14:18', NULL, NULL, NULL),
(27066, 445, 9, 27, NULL, NULL, NULL, '2014-03-06 21:14:19', NULL, NULL, NULL),
(27067, 375, 14, 43, NULL, NULL, NULL, '2014-03-06 21:14:19', NULL, NULL, NULL),
(27068, 485, 27, 58, NULL, NULL, NULL, '2014-03-06 21:14:20', NULL, NULL, NULL),
(27069, 388, 29, 86, NULL, NULL, NULL, '2014-03-06 21:14:20', NULL, NULL, NULL),
(27070, 408, 28, 64, NULL, NULL, NULL, '2014-03-06 21:14:20', NULL, NULL, NULL),
(27071, 408, 30, 84, NULL, NULL, NULL, '2014-03-06 21:14:20', NULL, NULL, NULL),
(27072, 707, 40, 96, NULL, NULL, NULL, '2014-03-06 21:14:21', NULL, NULL, NULL),
(27073, 405, 9, 36, NULL, NULL, NULL, '2014-03-06 21:14:19', NULL, NULL, NULL),
(27074, 445, 8, 23, NULL, NULL, NULL, '2014-03-06 21:14:19', NULL, NULL, NULL),
(27075, 385, 16, 52, NULL, NULL, NULL, '2014-03-06 21:14:19', NULL, NULL, NULL),
(27076, 388, 37, 75, NULL, NULL, NULL, '2014-03-06 21:14:20', NULL, NULL, NULL),
(27077, 375, 7, 41, NULL, NULL, NULL, '2014-03-06 21:14:19', NULL, NULL, NULL),
(27078, 375, 16, 52, NULL, NULL, NULL, '2014-03-06 21:14:19', NULL, NULL, NULL),
(27079, 451, 5, 11, NULL, NULL, NULL, '2014-03-06 21:14:18', NULL, NULL, NULL),
(27080, 425, 7, 40, NULL, NULL, NULL, '2014-03-06 21:14:19', NULL, NULL, NULL),
(27081, 465, 8, 24, NULL, NULL, NULL, '2014-03-06 21:14:20', NULL, NULL, NULL),
(27082, 425, 27, 69, NULL, NULL, NULL, '2014-03-06 21:14:19', NULL, NULL, NULL),
(27083, 415, 33, 67, NULL, NULL, NULL, '2014-03-06 21:14:19', NULL, NULL, NULL),
(27084, 388, 37, 73, NULL, NULL, NULL, '2014-03-06 21:14:20', NULL, NULL, NULL),
(27085, 395, 14, 45, NULL, NULL, NULL, '2014-03-06 21:14:19', NULL, NULL, NULL),
(27086, 704, 41, 101, NULL, NULL, NULL, '2014-03-06 21:14:21', NULL, NULL, NULL),
(27087, 485, 33, 70, NULL, NULL, NULL, '2014-03-06 21:14:20', NULL, NULL, NULL),
(27088, 613, 39, 93, NULL, NULL, NULL, '2014-03-06 21:14:21', NULL, NULL, NULL),
(27089, 405, 27, 58, NULL, NULL, NULL, '2014-03-06 21:14:19', NULL, NULL, NULL),
(27090, 435, 7, 12, NULL, NULL, NULL, '2014-03-06 21:14:19', NULL, NULL, NULL),
(27091, 408, 30, 82, NULL, NULL, NULL, '2014-03-06 21:14:20', NULL, NULL, NULL),
(27092, 468, 29, 81, NULL, NULL, NULL, '2014-03-06 21:14:20', NULL, NULL, NULL),
(27093, 603, 38, 91, NULL, NULL, NULL, '2014-03-06 21:14:21', NULL, NULL, NULL),
(27094, 355, 16, 52, NULL, NULL, NULL, '2014-03-06 21:14:18', NULL, NULL, NULL),
(27095, 388, 29, 88, NULL, NULL, NULL, '2014-03-06 21:14:20', NULL, NULL, NULL),
(27096, 405, 16, 49, NULL, NULL, NULL, '2014-03-06 21:14:19', NULL, NULL, NULL),
(27097, 485, 27, 59, NULL, NULL, NULL, '2014-03-06 21:14:20', NULL, NULL, NULL),
(27098, 385, 7, 22, NULL, NULL, NULL, '2014-03-06 21:14:19', NULL, NULL, NULL),
(27099, 395, 27, 58, NULL, NULL, NULL, '2014-03-06 21:14:19', NULL, NULL, NULL),
(27100, 395, 33, 70, NULL, NULL, NULL, '2014-03-06 21:14:19', NULL, NULL, NULL),
(27101, 375, 7, 21, NULL, NULL, NULL, '2014-03-06 21:14:19', NULL, NULL, NULL),
(27102, 709, 41, 101, NULL, NULL, NULL, '2014-03-06 21:14:21', NULL, NULL, NULL),
(27103, 375, 9, 36, NULL, NULL, NULL, '2014-03-06 21:14:19', NULL, NULL, NULL),
(27104, 358, 29, 78, NULL, NULL, NULL, '2014-03-06 21:14:20', NULL, NULL, NULL),
(27105, 355, 27, 60, NULL, NULL, NULL, '2014-03-06 21:14:18', NULL, NULL, NULL),
(27106, 435, 33, 67, NULL, NULL, NULL, '2014-03-06 21:14:19', NULL, NULL, NULL),
(27107, 710, 40, 96, NULL, NULL, NULL, '2014-03-06 21:14:21', NULL, NULL, NULL),
(27108, 405, 7, 19, NULL, NULL, NULL, '2014-03-06 21:14:19', NULL, NULL, NULL),
(27109, 355, 27, 57, NULL, NULL, NULL, '2014-03-06 21:14:18', NULL, NULL, NULL),
(27110, 463, 36, 104, NULL, NULL, NULL, '2014-03-06 21:14:18', NULL, NULL, NULL),
(27111, 405, 9, 27, NULL, NULL, NULL, '2014-03-06 21:14:19', NULL, NULL, NULL),
(27112, 415, 7, 37, NULL, NULL, NULL, '2014-03-06 21:14:19', NULL, NULL, NULL),
(27113, 351, 5, 9, NULL, NULL, NULL, '2014-03-06 21:14:18', NULL, NULL, NULL),
(27114, 712, 40, 97, NULL, NULL, NULL, '2014-03-06 21:14:21', NULL, NULL, NULL),
(27115, 488, 28, 62, NULL, NULL, NULL, '2014-03-06 21:14:20', NULL, NULL, NULL),
(27116, 395, 16, 54, NULL, NULL, NULL, '2014-03-06 21:14:19', NULL, NULL, NULL),
(27117, 703, 40, 96, NULL, NULL, NULL, '2014-03-06 21:14:21', NULL, NULL, NULL),
(27118, 465, 16, 52, NULL, NULL, NULL, '2014-03-06 21:14:19', NULL, NULL, NULL),
(27119, 478, 37, 73, NULL, NULL, NULL, '2014-03-06 21:14:20', NULL, NULL, NULL),
(27120, 708, 41, 99, NULL, NULL, NULL, '2014-03-06 21:14:21', NULL, NULL, NULL),
(27121, 485, 12, 33, NULL, NULL, NULL, '2014-03-06 21:14:20', NULL, NULL, NULL),
(27122, 443, 36, 105, NULL, NULL, NULL, '2014-03-06 21:14:18', NULL, NULL, NULL),
(27123, 383, 36, 104, NULL, NULL, NULL, '2014-03-06 21:14:18', NULL, NULL, NULL),
(27124, 435, 12, 32, NULL, NULL, NULL, '2014-03-06 21:14:19', NULL, NULL, NULL),
(27125, 425, 27, 59, NULL, NULL, NULL, '2014-03-06 21:14:19', NULL, NULL, NULL),
(27126, 365, 7, 21, NULL, NULL, NULL, '2014-03-06 21:14:19', NULL, NULL, NULL),
(27127, 465, 14, 42, NULL, NULL, NULL, '2014-03-06 21:14:19', NULL, NULL, NULL),
(27128, 425, 8, 25, NULL, NULL, NULL, '2014-03-06 21:14:19', NULL, NULL, NULL),
(27129, 435, 7, 38, NULL, NULL, NULL, '2014-03-06 21:14:19', NULL, NULL, NULL),
(27130, 425, 12, 33, NULL, NULL, NULL, '2014-03-06 21:14:19', NULL, NULL, NULL),
(27131, 438, 28, 63, NULL, NULL, NULL, '2014-03-06 21:14:20', NULL, NULL, NULL),
(27132, 617, 39, 94, NULL, NULL, NULL, '2014-03-06 21:14:21', NULL, NULL, NULL),
(27133, 358, 29, 81, NULL, NULL, NULL, '2014-03-06 21:14:20', NULL, NULL, NULL),
(27134, 465, 12, 33, NULL, NULL, NULL, '2014-03-06 21:14:20', NULL, NULL, NULL),
(27135, 431, 5, 7, NULL, NULL, NULL, '2014-03-06 21:14:18', NULL, NULL, NULL),
(27136, 455, 7, 38, NULL, NULL, NULL, '2014-03-06 21:14:19', NULL, NULL, NULL),
(27137, 485, 7, 21, NULL, NULL, NULL, '2014-03-06 21:14:20', NULL, NULL, NULL),
(27138, 704, 41, 99, NULL, NULL, NULL, '2014-03-06 21:14:21', NULL, NULL, NULL),
(27139, 614, 39, 92, NULL, NULL, NULL, '2014-03-06 21:14:21', NULL, NULL, NULL),
(27140, 445, 14, 42, NULL, NULL, NULL, '2014-03-06 21:14:19', NULL, NULL, NULL),
(27141, 704, 40, 95, NULL, NULL, NULL, '2014-03-06 21:14:21', NULL, NULL, NULL),
(27142, 415, 12, 33, NULL, NULL, NULL, '2014-03-06 21:14:19', NULL, NULL, NULL),
(27143, 458, 29, 79, NULL, NULL, NULL, '2014-03-06 21:14:20', NULL, NULL, NULL),
(27144, 606, 39, 93, NULL, NULL, NULL, '2014-03-06 21:14:21', NULL, NULL, NULL),
(27145, 445, 8, 20, NULL, NULL, NULL, '2014-03-06 21:14:19', NULL, NULL, NULL),
(27146, 355, 13, 35, NULL, NULL, NULL, '2014-03-06 21:14:18', NULL, NULL, NULL),
(27147, 465, 13, 35, NULL, NULL, NULL, '2014-03-06 21:14:20', NULL, NULL, NULL),
(27148, 365, 33, 70, NULL, NULL, NULL, '2014-03-06 21:14:18', NULL, NULL, NULL),
(27149, 431, 5, 10, NULL, NULL, NULL, '2014-03-06 21:14:18', NULL, NULL, NULL),
(27150, 435, 7, 37, NULL, NULL, NULL, '2014-03-06 21:14:19', NULL, NULL, NULL),
(27151, 398, 30, 82, NULL, NULL, NULL, '2014-03-06 21:14:20', NULL, NULL, NULL),
(27152, 455, 33, 65, NULL, NULL, NULL, '2014-03-06 21:14:19', NULL, NULL, NULL),
(27153, 388, 30, 83, NULL, NULL, NULL, '2014-03-06 21:14:20', NULL, NULL, NULL),
(27154, 435, 8, 24, NULL, NULL, NULL, '2014-03-06 21:14:19', NULL, NULL, NULL),
(27155, 448, 37, 77, NULL, NULL, NULL, '2014-03-06 21:14:20', NULL, NULL, NULL),
(27156, 395, 9, 36, NULL, NULL, NULL, '2014-03-06 21:14:19', NULL, NULL, NULL),
(27157, 385, 12, 33, NULL, NULL, NULL, '2014-03-06 21:14:19', NULL, NULL, NULL),
(27158, 708, 41, 98, NULL, NULL, NULL, '2014-03-06 21:14:21', NULL, NULL, NULL),
(27159, 465, 16, 54, NULL, NULL, NULL, '2014-03-06 21:14:19', NULL, NULL, NULL),
(27160, 385, 14, 44, NULL, NULL, NULL, '2014-03-06 21:14:19', NULL, NULL, NULL),
(27161, 455, 8, 24, NULL, NULL, NULL, '2014-03-06 21:14:19', NULL, NULL, NULL),
(27162, 385, 33, 71, NULL, NULL, NULL, '2014-03-06 21:14:19', NULL, NULL, NULL),
(27163, 391, 5, 8, NULL, NULL, NULL, '2014-03-06 21:14:18', NULL, NULL, NULL),
(27164, 395, 12, 30, NULL, NULL, NULL, '2014-03-06 21:14:19', NULL, NULL, NULL),
(27165, 395, 33, 71, NULL, NULL, NULL, '2014-03-06 21:14:19', NULL, NULL, NULL),
(27166, 703, 41, 101, NULL, NULL, NULL, '2014-03-06 21:14:21', NULL, NULL, NULL),
(27167, 455, 27, 56, NULL, NULL, NULL, '2014-03-06 21:14:19', NULL, NULL, NULL),
(27168, 468, 37, 77, NULL, NULL, NULL, '2014-03-06 21:14:20', NULL, NULL, NULL),
(27169, 365, 27, 68, NULL, NULL, NULL, '2014-03-06 21:14:18', NULL, NULL, NULL),
(27170, 378, 37, 77, NULL, NULL, NULL, '2014-03-06 21:14:20', NULL, NULL, NULL),
(27171, 453, 36, 104, NULL, NULL, NULL, '2014-03-06 21:14:18', NULL, NULL, NULL),
(27172, 595, 38, 90, NULL, NULL, NULL, '2014-03-06 21:14:21', NULL, NULL, NULL),
(27173, 375, 16, 49, NULL, NULL, NULL, '2014-03-06 21:14:19', NULL, NULL, NULL),
(27174, 398, 37, 76, NULL, NULL, NULL, '2014-03-06 21:14:20', NULL, NULL, NULL),
(27175, 405, 33, 70, NULL, NULL, NULL, '2014-03-06 21:14:19', NULL, NULL, NULL),
(27176, 351, 5, 11, NULL, NULL, NULL, '2014-03-06 21:14:18', NULL, NULL, NULL),
(27177, 715, 41, 101, NULL, NULL, NULL, '2014-03-06 21:14:21', NULL, NULL, NULL),
(27178, 435, 12, 30, NULL, NULL, NULL, '2014-03-06 21:14:19', NULL, NULL, NULL),
(27179, 368, 28, 62, NULL, NULL, NULL, '2014-03-06 21:14:20', NULL, NULL, NULL),
(27180, 355, 8, 23, NULL, NULL, NULL, '2014-03-06 21:14:18', NULL, NULL, NULL),
(27181, 435, 27, 60, NULL, NULL, NULL, '2014-03-06 21:14:19', NULL, NULL, NULL),
(27182, 413, 36, 105, NULL, NULL, NULL, '2014-03-06 21:14:18', NULL, NULL, NULL),
(27183, 358, 28, 63, NULL, NULL, NULL, '2014-03-06 21:14:20', NULL, NULL, NULL),
(27184, 471, 5, 7, NULL, NULL, NULL, '2014-03-06 21:14:18', NULL, NULL, NULL),
(27185, 458, 37, 76, NULL, NULL, NULL, '2014-03-06 21:14:20', NULL, NULL, NULL),
(27186, 355, 7, 26, NULL, NULL, NULL, '2014-03-06 21:14:18', NULL, NULL, NULL),
(27187, 428, 28, 64, NULL, NULL, NULL, '2014-03-06 21:14:20', NULL, NULL, NULL),
(27188, 448, 29, 81, NULL, NULL, NULL, '2014-03-06 21:14:20', NULL, NULL, NULL),
(27189, 445, 7, 19, NULL, NULL, NULL, '2014-03-06 21:14:19', NULL, NULL, NULL),
(27190, 423, 36, 103, NULL, NULL, NULL, '2014-03-06 21:14:18', NULL, NULL, NULL),
(27191, 713, 40, 96, NULL, NULL, NULL, '2014-03-06 21:14:21', NULL, NULL, NULL),
(27192, 385, 14, 45, NULL, NULL, NULL, '2014-03-06 21:14:19', NULL, NULL, NULL),
(27193, 616, 39, 94, NULL, NULL, NULL, '2014-03-06 21:14:21', NULL, NULL, NULL),
(27194, 715, 41, 102, NULL, NULL, NULL, '2014-03-06 21:14:21', NULL, NULL, NULL),
(27195, 355, 7, 22, NULL, NULL, NULL, '2014-03-06 21:14:18', NULL, NULL, NULL),
(27196, 703, 41, 100, NULL, NULL, NULL, '2014-03-06 21:14:21', NULL, NULL, NULL),
(27197, 385, 9, 28, NULL, NULL, NULL, '2014-03-06 21:14:19', NULL, NULL, NULL),
(27198, 355, 15, 46, NULL, NULL, NULL, '2014-03-06 21:14:18', NULL, NULL, NULL),
(27199, 485, 33, 66, NULL, NULL, NULL, '2014-03-06 21:14:20', NULL, NULL, NULL),
(27200, 355, 7, 12, NULL, NULL, NULL, '2014-03-06 21:14:18', NULL, NULL, NULL),
(27201, 425, 16, 55, NULL, NULL, NULL, '2014-03-06 21:14:19', NULL, NULL, NULL),
(27202, 435, 16, 52, NULL, NULL, NULL, '2014-03-06 21:14:19', NULL, NULL, NULL),
(27203, 445, 33, 65, NULL, NULL, NULL, '2014-03-06 21:14:19', NULL, NULL, NULL),
(27204, 468, 28, 63, NULL, NULL, NULL, '2014-03-06 21:14:20', NULL, NULL, NULL),
(27205, 435, 16, 53, NULL, NULL, NULL, '2014-03-06 21:14:19', NULL, NULL, NULL),
(27206, 705, 41, 100, NULL, NULL, NULL, '2014-03-06 21:14:21', NULL, NULL, NULL),
(27207, 483, 36, 104, NULL, NULL, NULL, '2014-03-06 21:14:18', NULL, NULL, NULL),
(27208, 378, 30, 85, NULL, NULL, NULL, '2014-03-06 21:14:20', NULL, NULL, NULL),
(27209, 468, 37, 73, NULL, NULL, NULL, '2014-03-06 21:14:20', NULL, NULL, NULL),
(27210, 475, 16, 52, NULL, NULL, NULL, '2014-03-06 21:14:20', NULL, NULL, NULL),
(27211, 445, 7, 18, NULL, NULL, NULL, '2014-03-06 21:14:19', NULL, NULL, NULL),
(27212, 365, 27, 56, NULL, NULL, NULL, '2014-03-06 21:14:18', NULL, NULL, NULL),
(27213, 355, 16, 53, NULL, NULL, NULL, '2014-03-06 21:14:18', NULL, NULL, NULL),
(27214, 445, 33, 70, NULL, NULL, NULL, '2014-03-06 21:14:19', NULL, NULL, NULL),
(27215, 475, 33, 67, NULL, NULL, NULL, '2014-03-06 21:14:20', NULL, NULL, NULL),
(27216, 705, 41, 98, NULL, NULL, NULL, '2014-03-06 21:14:21', NULL, NULL, NULL),
(27217, 468, 30, 85, NULL, NULL, NULL, '2014-03-06 21:14:20', NULL, NULL, NULL),
(27218, 708, 40, 95, NULL, NULL, NULL, '2014-03-06 21:14:21', NULL, NULL, NULL),
(27219, 385, 7, 26, NULL, NULL, NULL, '2014-03-06 21:14:19', NULL, NULL, NULL),
(27220, 385, 7, 37, NULL, NULL, NULL, '2014-03-06 21:14:19', NULL, NULL, NULL),
(27221, 375, 9, 28, NULL, NULL, NULL, '2014-03-06 21:14:19', NULL, NULL, NULL),
(27222, 405, 16, 52, NULL, NULL, NULL, '2014-03-06 21:14:19', NULL, NULL, NULL),
(27223, 418, 28, 64, NULL, NULL, NULL, '2014-03-06 21:14:20', NULL, NULL, NULL),
(27224, 458, 37, 74, NULL, NULL, NULL, '2014-03-06 21:14:20', NULL, NULL, NULL),
(27225, 441, 5, 7, NULL, NULL, NULL, '2014-03-06 21:14:18', NULL, NULL, NULL),
(27226, 455, 33, 71, NULL, NULL, NULL, '2014-03-06 21:14:19', NULL, NULL, NULL),
(27227, 425, 7, 21, NULL, NULL, NULL, '2014-03-06 21:14:19', NULL, NULL, NULL),
(27228, 395, 8, 20, NULL, NULL, NULL, '2014-03-06 21:14:19', NULL, NULL, NULL),
(27229, 405, 27, 60, NULL, NULL, NULL, '2014-03-06 21:14:19', NULL, NULL, NULL),
(27230, 385, 7, 21, NULL, NULL, NULL, '2014-03-06 21:14:19', NULL, NULL, NULL),
(27231, 458, 37, 72, NULL, NULL, NULL, '2014-03-06 21:14:20', NULL, NULL, NULL),
(27232, 448, 30, 82, NULL, NULL, NULL, '2014-03-06 21:14:20', NULL, NULL, NULL),
(27233, 408, 37, 77, NULL, NULL, NULL, '2014-03-06 21:14:20', NULL, NULL, NULL),
(27234, 455, 9, 27, NULL, NULL, NULL, '2014-03-06 21:14:19', NULL, NULL, NULL),
(27235, 365, 8, 20, NULL, NULL, NULL, '2014-03-06 21:14:19', NULL, NULL, NULL),
(27236, 438, 28, 61, NULL, NULL, NULL, '2014-03-06 21:14:20', NULL, NULL, NULL),
(27237, 385, 8, 23, NULL, NULL, NULL, '2014-03-06 21:14:19', NULL, NULL, NULL),
(27238, 405, 33, 65, NULL, NULL, NULL, '2014-03-06 21:14:19', NULL, NULL, NULL),
(27239, 365, 12, 30, NULL, NULL, NULL, '2014-03-06 21:14:19', NULL, NULL, NULL),
(27240, 365, 12, 33, NULL, NULL, NULL, '2014-03-06 21:14:19', NULL, NULL, NULL),
(27241, 385, 7, 38, NULL, NULL, NULL, '2014-03-06 21:14:19', NULL, NULL, NULL),
(27242, 465, 15, 46, NULL, NULL, NULL, '2014-03-06 21:14:19', NULL, NULL, NULL),
(27243, 465, 7, 41, NULL, NULL, NULL, '2014-03-06 21:14:19', NULL, NULL, NULL),
(27244, 388, 29, 87, NULL, NULL, NULL, '2014-03-06 21:14:20', NULL, NULL, NULL),
(27245, 403, 36, 104, NULL, NULL, NULL, '2014-03-06 21:14:18', NULL, NULL, NULL),
(27246, 415, 7, 38, NULL, NULL, NULL, '2014-03-06 21:14:19', NULL, NULL, NULL),
(27247, 425, 9, 27, NULL, NULL, NULL, '2014-03-06 21:14:19', NULL, NULL, NULL),
(27248, 468, 28, 64, NULL, NULL, NULL, '2014-03-06 21:14:20', NULL, NULL, NULL),
(27249, 615, 39, 92, NULL, NULL, NULL, '2014-03-06 21:14:21', NULL, NULL, NULL),
(27250, 465, 27, 59, NULL, NULL, NULL, '2014-03-06 21:14:19', NULL, NULL, NULL),
(27251, 425, 7, 22, NULL, NULL, NULL, '2014-03-06 21:14:19', NULL, NULL, NULL),
(27252, 435, 14, 42, NULL, NULL, NULL, '2014-03-06 21:14:19', NULL, NULL, NULL),
(27253, 468, 29, 87, NULL, NULL, NULL, '2014-03-06 21:14:20', NULL, NULL, NULL),
(27254, 415, 15, 46, NULL, NULL, NULL, '2014-03-06 21:14:19', NULL, NULL, NULL),
(27255, 428, 29, 81, NULL, NULL, NULL, '2014-03-06 21:14:20', NULL, NULL, NULL),
(27256, 712, 40, 96, NULL, NULL, NULL, '2014-03-06 21:14:21', NULL, NULL, NULL),
(27257, 448, 28, 64, NULL, NULL, NULL, '2014-03-06 21:14:20', NULL, NULL, NULL),
(27258, 395, 7, 22, NULL, NULL, NULL, '2014-03-06 21:14:19', NULL, NULL, NULL),
(27259, 355, 7, 38, NULL, NULL, NULL, '2014-03-06 21:14:18', NULL, NULL, NULL),
(27260, 355, 14, 45, NULL, NULL, NULL, '2014-03-06 21:14:18', NULL, NULL, NULL),
(27261, 355, 33, 67, NULL, NULL, NULL, '2014-03-06 21:14:18', NULL, NULL, NULL),
(27262, 395, 13, 35, NULL, NULL, NULL, '2014-03-06 21:14:19', NULL, NULL, NULL),
(27263, 458, 37, 77, NULL, NULL, NULL, '2014-03-06 21:14:20', NULL, NULL, NULL),
(27264, 425, 33, 66, NULL, NULL, NULL, '2014-03-06 21:14:19', NULL, NULL, NULL),
(27265, 355, 13, 34, NULL, NULL, NULL, '2014-03-06 21:14:18', NULL, NULL, NULL),
(27266, 385, 33, 66, NULL, NULL, NULL, '2014-03-06 21:14:19', NULL, NULL, NULL),
(27267, 378, 29, 79, NULL, NULL, NULL, '2014-03-06 21:14:20', NULL, NULL, NULL),
(27268, 385, 7, 17, NULL, NULL, NULL, '2014-03-06 21:14:19', NULL, NULL, NULL),
(27269, 455, 16, 52, NULL, NULL, NULL, '2014-03-06 21:14:19', NULL, NULL, NULL),
(27270, 411, 5, 7, NULL, NULL, NULL, '2014-03-06 21:14:18', NULL, NULL, NULL),
(27271, 425, 16, 49, NULL, NULL, NULL, '2014-03-06 21:14:19', NULL, NULL, NULL),
(27272, 710, 40, 97, NULL, NULL, NULL, '2014-03-06 21:14:21', NULL, NULL, NULL),
(27273, 385, 27, 56, NULL, NULL, NULL, '2014-03-06 21:14:19', NULL, NULL, NULL),
(27274, 478, 30, 83, NULL, NULL, NULL, '2014-03-06 21:14:20', NULL, NULL, NULL),
(27275, 365, 7, 22, NULL, NULL, NULL, '2014-03-06 21:14:19', NULL, NULL, NULL),
(27276, 405, 7, 17, NULL, NULL, NULL, '2014-03-06 21:14:19', NULL, NULL, NULL),
(27277, 355, 33, 66, NULL, NULL, NULL, '2014-03-06 21:14:18', NULL, NULL, NULL),
(27278, 398, 37, 77, NULL, NULL, NULL, '2014-03-06 21:14:20', NULL, NULL, NULL),
(27279, 704, 41, 98, NULL, NULL, NULL, '2014-03-06 21:14:21', NULL, NULL, NULL),
(27280, 398, 37, 74, NULL, NULL, NULL, '2014-03-06 21:14:20', NULL, NULL, NULL),
(27281, 435, 27, 68, NULL, NULL, NULL, '2014-03-06 21:14:19', NULL, NULL, NULL),
(27282, 385, 8, 20, NULL, NULL, NULL, '2014-03-06 21:14:19', NULL, NULL, NULL),
(27283, 405, 27, 69, NULL, NULL, NULL, '2014-03-06 21:14:19', NULL, NULL, NULL),
(27284, 611, 39, 92, NULL, NULL, NULL, '2014-03-06 21:14:21', NULL, NULL, NULL),
(27285, 465, 7, 22, NULL, NULL, NULL, '2014-03-06 21:14:19', NULL, NULL, NULL),
(27286, 418, 30, 84, NULL, NULL, NULL, '2014-03-06 21:14:20', NULL, NULL, NULL),
(27287, 475, 7, 19, NULL, NULL, NULL, '2014-03-06 21:14:20', NULL, NULL, NULL),
(27288, 395, 7, 19, NULL, NULL, NULL, '2014-03-06 21:14:19', NULL, NULL, NULL),
(27289, 418, 37, 77, NULL, NULL, NULL, '2014-03-06 21:14:20', NULL, NULL, NULL),
(27290, 485, 33, 65, NULL, NULL, NULL, '2014-03-06 21:14:20', NULL, NULL, NULL),
(27291, 375, 7, 19, NULL, NULL, NULL, '2014-03-06 21:14:19', NULL, NULL, NULL),
(27292, 371, 4, 6, NULL, NULL, NULL, '2014-03-06 21:14:18', NULL, NULL, NULL),
(27293, 385, 13, 35, NULL, NULL, NULL, '2014-03-06 21:14:19', NULL, NULL, NULL),
(27294, 594, 38, 91, NULL, NULL, NULL, '2014-03-06 21:14:21', NULL, NULL, NULL),
(27295, 488, 28, 89, NULL, NULL, NULL, '2014-03-06 21:14:20', NULL, NULL, NULL),
(27296, 707, 41, 99, NULL, NULL, NULL, '2014-03-06 21:14:21', NULL, NULL, NULL),
(27297, 706, 41, 98, NULL, NULL, NULL, '2014-03-06 21:14:21', NULL, NULL, NULL),
(27298, 358, 28, 64, NULL, NULL, NULL, '2014-03-06 21:14:20', NULL, NULL, NULL),
(27299, 488, 30, 85, NULL, NULL, NULL, '2014-03-06 21:14:20', NULL, NULL, NULL),
(27300, 435, 9, 27, NULL, NULL, NULL, '2014-03-06 21:14:19', NULL, NULL, NULL),
(27301, 488, 29, 86, NULL, NULL, NULL, '2014-03-06 21:14:20', NULL, NULL, NULL),
(27302, 465, 7, 21, NULL, NULL, NULL, '2014-03-06 21:14:19', NULL, NULL, NULL),
(27303, 375, 8, 24, NULL, NULL, NULL, '2014-03-06 21:14:19', NULL, NULL, NULL),
(27304, 418, 28, 89, NULL, NULL, NULL, '2014-03-06 21:14:20', NULL, NULL, NULL),
(27305, 612, 39, 94, NULL, NULL, NULL, '2014-03-06 21:14:21', NULL, NULL, NULL),
(27306, 713, 41, 99, NULL, NULL, NULL, '2014-03-06 21:14:21', NULL, NULL, NULL),
(27307, 445, 12, 32, NULL, NULL, NULL, '2014-03-06 21:14:19', NULL, NULL, NULL),
(27308, 458, 30, 84, NULL, NULL, NULL, '2014-03-06 21:14:20', NULL, NULL, NULL),
(27309, 445, 16, 50, NULL, NULL, NULL, '2014-03-06 21:14:19', NULL, NULL, NULL),
(27310, 358, 29, 79, NULL, NULL, NULL, '2014-03-06 21:14:20', NULL, NULL, NULL),
(27311, 368, 37, 73, NULL, NULL, NULL, '2014-03-06 21:14:20', NULL, NULL, NULL),
(27312, 445, 27, 69, NULL, NULL, NULL, '2014-03-06 21:14:19', NULL, NULL, NULL),
(27313, 455, 8, 23, NULL, NULL, NULL, '2014-03-06 21:14:19', NULL, NULL, NULL),
(27314, 711, 41, 102, NULL, NULL, NULL, '2014-03-06 21:14:21', NULL, NULL, NULL),
(27315, 363, 36, 104, NULL, NULL, NULL, '2014-03-06 21:14:18', NULL, NULL, NULL),
(27316, 714, 41, 102, NULL, NULL, NULL, '2014-03-06 21:14:21', NULL, NULL, NULL),
(27317, 405, 7, 41, NULL, NULL, NULL, '2014-03-06 21:14:19', NULL, NULL, NULL),
(27318, 445, 27, 58, NULL, NULL, NULL, '2014-03-06 21:14:19', NULL, NULL, NULL),
(27319, 468, 37, 76, NULL, NULL, NULL, '2014-03-06 21:14:20', NULL, NULL, NULL),
(27320, 418, 37, 73, NULL, NULL, NULL, '2014-03-06 21:14:20', NULL, NULL, NULL),
(27321, 468, 29, 86, NULL, NULL, NULL, '2014-03-06 21:14:20', NULL, NULL, NULL),
(27322, 435, 27, 69, NULL, NULL, NULL, '2014-03-06 21:14:19', NULL, NULL, NULL),
(27323, 445, 33, 67, NULL, NULL, NULL, '2014-03-06 21:14:19', NULL, NULL, NULL),
(27324, 478, 29, 79, NULL, NULL, NULL, '2014-03-06 21:14:20', NULL, NULL, NULL),
(27325, 381, 5, 7, NULL, NULL, NULL, '2014-03-06 21:14:18', NULL, NULL, NULL),
(27326, 405, 16, 55, NULL, NULL, NULL, '2014-03-06 21:14:19', NULL, NULL, NULL),
(27327, 381, 5, 11, NULL, NULL, NULL, '2014-03-06 21:14:18', NULL, NULL, NULL);
INSERT INTO `courseTraineeActivity` (`courseTraineeActivityID`, `courseTraineeID`, `lessonID`, `activityID`, `ratingID`, `completedFlag`, `comment`, `dateUpdated`, `completionDate`, `refreshRequested`, `completionPercentage`) VALUES
(27328, 435, 7, 22, NULL, NULL, NULL, '2014-03-06 21:14:19', NULL, NULL, NULL),
(27329, 398, 29, 88, NULL, NULL, NULL, '2014-03-06 21:14:20', NULL, NULL, NULL),
(27330, 385, 33, 70, NULL, NULL, NULL, '2014-03-06 21:14:19', NULL, NULL, NULL),
(27331, 428, 29, 87, NULL, NULL, NULL, '2014-03-06 21:14:20', NULL, NULL, NULL),
(27332, 607, 39, 92, NULL, NULL, NULL, '2014-03-06 21:14:21', NULL, NULL, NULL),
(27333, 431, 5, 11, NULL, NULL, NULL, '2014-03-06 21:14:18', NULL, NULL, NULL),
(27334, 375, 33, 67, NULL, NULL, NULL, '2014-03-06 21:14:19', NULL, NULL, NULL),
(27335, 425, 27, 58, NULL, NULL, NULL, '2014-03-06 21:14:19', NULL, NULL, NULL),
(27336, 609, 39, 94, NULL, NULL, NULL, '2014-03-06 21:14:21', NULL, NULL, NULL),
(27337, 455, 27, 58, NULL, NULL, NULL, '2014-03-06 21:14:19', NULL, NULL, NULL),
(27338, 485, 7, 40, NULL, NULL, NULL, '2014-03-06 21:14:20', NULL, NULL, NULL),
(27339, 365, 8, 23, NULL, NULL, NULL, '2014-03-06 21:14:19', NULL, NULL, NULL),
(27340, 405, 14, 42, NULL, NULL, NULL, '2014-03-06 21:14:19', NULL, NULL, NULL),
(27341, 358, 30, 85, NULL, NULL, NULL, '2014-03-06 21:14:20', NULL, NULL, NULL),
(27342, 395, 14, 42, NULL, NULL, NULL, '2014-03-06 21:14:19', NULL, NULL, NULL),
(27343, 405, 33, 66, NULL, NULL, NULL, '2014-03-06 21:14:19', NULL, NULL, NULL),
(27344, 418, 29, 86, NULL, NULL, NULL, '2014-03-06 21:14:20', NULL, NULL, NULL),
(27345, 365, 7, 37, NULL, NULL, NULL, '2014-03-06 21:14:19', NULL, NULL, NULL),
(27346, 375, 7, 22, NULL, NULL, NULL, '2014-03-06 21:14:19', NULL, NULL, NULL),
(27347, 475, 12, 30, NULL, NULL, NULL, '2014-03-06 21:14:20', NULL, NULL, NULL),
(27348, 709, 41, 98, NULL, NULL, NULL, '2014-03-06 21:14:21', NULL, NULL, NULL),
(27349, 455, 7, 41, NULL, NULL, NULL, '2014-03-06 21:14:19', NULL, NULL, NULL),
(27350, 365, 8, 25, NULL, NULL, NULL, '2014-03-06 21:14:19', NULL, NULL, NULL),
(27351, 365, 16, 54, NULL, NULL, NULL, '2014-03-06 21:14:18', NULL, NULL, NULL),
(27352, 375, 7, 37, NULL, NULL, NULL, '2014-03-06 21:14:19', NULL, NULL, NULL),
(27353, 355, 7, 41, NULL, NULL, NULL, '2014-03-06 21:14:18', NULL, NULL, NULL),
(27354, 705, 41, 99, NULL, NULL, NULL, '2014-03-06 21:14:21', NULL, NULL, NULL),
(27355, 458, 29, 86, NULL, NULL, NULL, '2014-03-06 21:14:20', NULL, NULL, NULL),
(27356, 415, 27, 58, NULL, NULL, NULL, '2014-03-06 21:14:19', NULL, NULL, NULL),
(27357, 445, 16, 52, NULL, NULL, NULL, '2014-03-06 21:14:19', NULL, NULL, NULL),
(27358, 455, 7, 18, NULL, NULL, NULL, '2014-03-06 21:14:19', NULL, NULL, NULL),
(27359, 398, 28, 64, NULL, NULL, NULL, '2014-03-06 21:14:20', NULL, NULL, NULL),
(27360, 425, 33, 70, NULL, NULL, NULL, '2014-03-06 21:14:19', NULL, NULL, NULL),
(27361, 355, 7, 17, NULL, NULL, NULL, '2014-03-06 21:14:18', NULL, NULL, NULL),
(27362, 488, 37, 76, NULL, NULL, NULL, '2014-03-06 21:14:20', NULL, NULL, NULL),
(27363, 428, 28, 61, NULL, NULL, NULL, '2014-03-06 21:14:20', NULL, NULL, NULL),
(27364, 605, 39, 93, NULL, NULL, NULL, '2014-03-06 21:14:21', NULL, NULL, NULL),
(27365, 485, 27, 69, NULL, NULL, NULL, '2014-03-06 21:14:20', NULL, NULL, NULL),
(27366, 358, 30, 82, NULL, NULL, NULL, '2014-03-06 21:14:20', NULL, NULL, NULL),
(27367, 485, 13, 35, NULL, NULL, NULL, '2014-03-06 21:14:20', NULL, NULL, NULL),
(27368, 706, 41, 100, NULL, NULL, NULL, '2014-03-06 21:14:21', NULL, NULL, NULL),
(27369, 385, 14, 43, NULL, NULL, NULL, '2014-03-06 21:14:19', NULL, NULL, NULL),
(27370, 607, 39, 93, NULL, NULL, NULL, '2014-03-06 21:14:21', NULL, NULL, NULL),
(27371, 461, 5, 8, NULL, NULL, NULL, '2014-03-06 21:14:18', NULL, NULL, NULL),
(27372, 418, 37, 72, NULL, NULL, NULL, '2014-03-06 21:14:20', NULL, NULL, NULL),
(27373, 485, 27, 57, NULL, NULL, NULL, '2014-03-06 21:14:20', NULL, NULL, NULL),
(27374, 714, 40, 95, NULL, NULL, NULL, '2014-03-06 21:14:21', NULL, NULL, NULL),
(27375, 481, 4, 6, NULL, NULL, NULL, '2014-03-06 21:14:18', NULL, NULL, NULL),
(27376, 465, 12, 30, NULL, NULL, NULL, '2014-03-06 21:14:19', NULL, NULL, NULL),
(27377, 428, 29, 86, NULL, NULL, NULL, '2014-03-06 21:14:20', NULL, NULL, NULL),
(27378, 375, 16, 50, NULL, NULL, NULL, '2014-03-06 21:14:19', NULL, NULL, NULL),
(27379, 411, 5, 9, NULL, NULL, NULL, '2014-03-06 21:14:18', NULL, NULL, NULL),
(27380, 368, 37, 75, NULL, NULL, NULL, '2014-03-06 21:14:20', NULL, NULL, NULL),
(27381, 715, 41, 99, NULL, NULL, NULL, '2014-03-06 21:14:21', NULL, NULL, NULL),
(27382, 485, 15, 46, NULL, NULL, NULL, '2014-03-06 21:14:20', NULL, NULL, NULL),
(27383, 435, 9, 36, NULL, NULL, NULL, '2014-03-06 21:14:19', NULL, NULL, NULL),
(27384, 418, 37, 75, NULL, NULL, NULL, '2014-03-06 21:14:20', NULL, NULL, NULL),
(27385, 365, 13, 34, NULL, NULL, NULL, '2014-03-06 21:14:19', NULL, NULL, NULL),
(27386, 391, 5, 9, NULL, NULL, NULL, '2014-03-06 21:14:18', NULL, NULL, NULL),
(27387, 613, 39, 94, NULL, NULL, NULL, '2014-03-06 21:14:21', NULL, NULL, NULL),
(27388, 358, 28, 89, NULL, NULL, NULL, '2014-03-06 21:14:20', NULL, NULL, NULL),
(27389, 425, 8, 24, NULL, NULL, NULL, '2014-03-06 21:14:19', NULL, NULL, NULL),
(27390, 408, 29, 87, NULL, NULL, NULL, '2014-03-06 21:14:20', NULL, NULL, NULL),
(27391, 431, 4, 6, NULL, NULL, NULL, '2014-03-06 21:14:18', NULL, NULL, NULL),
(27392, 378, 37, 74, NULL, NULL, NULL, '2014-03-06 21:14:20', NULL, NULL, NULL),
(27393, 488, 28, 63, NULL, NULL, NULL, '2014-03-06 21:14:20', NULL, NULL, NULL),
(27394, 408, 30, 85, NULL, NULL, NULL, '2014-03-06 21:14:20', NULL, NULL, NULL),
(27395, 418, 30, 83, NULL, NULL, NULL, '2014-03-06 21:14:20', NULL, NULL, NULL),
(27396, 458, 28, 62, NULL, NULL, NULL, '2014-03-06 21:14:20', NULL, NULL, NULL),
(27397, 475, 16, 51, NULL, NULL, NULL, '2014-03-06 21:14:20', NULL, NULL, NULL),
(27398, 458, 28, 63, NULL, NULL, NULL, '2014-03-06 21:14:20', NULL, NULL, NULL),
(27399, 388, 37, 74, NULL, NULL, NULL, '2014-03-06 21:14:20', NULL, NULL, NULL),
(27400, 378, 29, 86, NULL, NULL, NULL, '2014-03-06 21:14:20', NULL, NULL, NULL),
(27401, 395, 14, 43, NULL, NULL, NULL, '2014-03-06 21:14:19', NULL, NULL, NULL),
(27402, 385, 7, 41, NULL, NULL, NULL, '2014-03-06 21:14:19', NULL, NULL, NULL),
(27403, 435, 16, 54, NULL, NULL, NULL, '2014-03-06 21:14:19', NULL, NULL, NULL),
(27404, 488, 28, 64, NULL, NULL, NULL, '2014-03-06 21:14:20', NULL, NULL, NULL),
(27405, 378, 30, 83, NULL, NULL, NULL, '2014-03-06 21:14:20', NULL, NULL, NULL),
(27406, 393, 36, 103, NULL, NULL, NULL, '2014-03-06 21:14:18', NULL, NULL, NULL),
(27407, 715, 41, 100, NULL, NULL, NULL, '2014-03-06 21:14:21', NULL, NULL, NULL),
(27408, 704, 40, 96, NULL, NULL, NULL, '2014-03-06 21:14:21', NULL, NULL, NULL),
(27409, 408, 29, 79, NULL, NULL, NULL, '2014-03-06 21:14:20', NULL, NULL, NULL),
(27410, 425, 14, 44, NULL, NULL, NULL, '2014-03-06 21:14:19', NULL, NULL, NULL),
(27411, 415, 27, 57, NULL, NULL, NULL, '2014-03-06 21:14:19', NULL, NULL, NULL),
(27412, 475, 14, 44, NULL, NULL, NULL, '2014-03-06 21:14:20', NULL, NULL, NULL),
(27413, 709, 40, 95, NULL, NULL, NULL, '2014-03-06 21:14:21', NULL, NULL, NULL),
(27414, 395, 7, 26, NULL, NULL, NULL, '2014-03-06 21:14:19', NULL, NULL, NULL),
(27415, 485, 16, 51, NULL, NULL, NULL, '2014-03-06 21:14:20', NULL, NULL, NULL),
(27416, 418, 28, 63, NULL, NULL, NULL, '2014-03-06 21:14:20', NULL, NULL, NULL),
(27417, 425, 15, 46, NULL, NULL, NULL, '2014-03-06 21:14:19', NULL, NULL, NULL),
(27418, 353, 36, 104, NULL, NULL, NULL, '2014-03-06 21:14:18', NULL, NULL, NULL),
(27419, 398, 37, 73, NULL, NULL, NULL, '2014-03-06 21:14:20', NULL, NULL, NULL),
(27420, 398, 30, 84, NULL, NULL, NULL, '2014-03-06 21:14:20', NULL, NULL, NULL),
(27421, 704, 40, 97, NULL, NULL, NULL, '2014-03-06 21:14:21', NULL, NULL, NULL),
(27422, 485, 7, 18, NULL, NULL, NULL, '2014-03-06 21:14:20', NULL, NULL, NULL),
(27423, 415, 7, 17, NULL, NULL, NULL, '2014-03-06 21:14:19', NULL, NULL, NULL),
(27424, 365, 16, 50, NULL, NULL, NULL, '2014-03-06 21:14:18', NULL, NULL, NULL),
(27425, 600, 38, 91, NULL, NULL, NULL, '2014-03-06 21:14:21', NULL, NULL, NULL),
(27426, 710, 41, 99, NULL, NULL, NULL, '2014-03-06 21:14:21', NULL, NULL, NULL),
(27427, 431, 5, 8, NULL, NULL, NULL, '2014-03-06 21:14:18', NULL, NULL, NULL),
(27428, 611, 39, 94, NULL, NULL, NULL, '2014-03-06 21:14:21', NULL, NULL, NULL),
(27429, 415, 33, 65, NULL, NULL, NULL, '2014-03-06 21:14:19', NULL, NULL, NULL),
(27430, 468, 29, 78, NULL, NULL, NULL, '2014-03-06 21:14:20', NULL, NULL, NULL),
(27431, 365, 14, 44, NULL, NULL, NULL, '2014-03-06 21:14:18', NULL, NULL, NULL),
(27432, 448, 37, 72, NULL, NULL, NULL, '2014-03-06 21:14:20', NULL, NULL, NULL),
(27433, 445, 16, 51, NULL, NULL, NULL, '2014-03-06 21:14:19', NULL, NULL, NULL),
(27434, 708, 41, 101, NULL, NULL, NULL, '2014-03-06 21:14:21', NULL, NULL, NULL),
(27435, 710, 41, 102, NULL, NULL, NULL, '2014-03-06 21:14:21', NULL, NULL, NULL),
(27436, 468, 29, 88, NULL, NULL, NULL, '2014-03-06 21:14:20', NULL, NULL, NULL),
(27437, 425, 16, 53, NULL, NULL, NULL, '2014-03-06 21:14:19', NULL, NULL, NULL),
(27438, 703, 41, 98, NULL, NULL, NULL, '2014-03-06 21:14:21', NULL, NULL, NULL),
(27439, 715, 41, 98, NULL, NULL, NULL, '2014-03-06 21:14:21', NULL, NULL, NULL),
(27440, 610, 39, 93, NULL, NULL, NULL, '2014-03-06 21:14:21', NULL, NULL, NULL),
(27441, 445, 27, 60, NULL, NULL, NULL, '2014-03-06 21:14:19', NULL, NULL, NULL),
(27442, 435, 8, 25, NULL, NULL, NULL, '2014-03-06 21:14:19', NULL, NULL, NULL),
(27443, 408, 28, 63, NULL, NULL, NULL, '2014-03-06 21:14:20', NULL, NULL, NULL),
(27444, 445, 16, 54, NULL, NULL, NULL, '2014-03-06 21:14:19', NULL, NULL, NULL),
(27445, 388, 30, 85, NULL, NULL, NULL, '2014-03-06 21:14:20', NULL, NULL, NULL),
(27446, 448, 37, 80, NULL, NULL, NULL, '2014-03-06 21:14:20', NULL, NULL, NULL),
(27447, 415, 16, 53, NULL, NULL, NULL, '2014-03-06 21:14:19', NULL, NULL, NULL),
(27448, 485, 7, 22, NULL, NULL, NULL, '2014-03-06 21:14:20', NULL, NULL, NULL),
(27449, 381, 5, 8, NULL, NULL, NULL, '2014-03-06 21:14:18', NULL, NULL, NULL),
(27450, 428, 30, 84, NULL, NULL, NULL, '2014-03-06 21:14:20', NULL, NULL, NULL),
(27451, 383, 36, 105, NULL, NULL, NULL, '2014-03-06 21:14:18', NULL, NULL, NULL),
(27452, 355, 16, 50, NULL, NULL, NULL, '2014-03-06 21:14:18', NULL, NULL, NULL),
(27453, 448, 29, 86, NULL, NULL, NULL, '2014-03-06 21:14:20', NULL, NULL, NULL),
(27454, 709, 41, 102, NULL, NULL, NULL, '2014-03-06 21:14:21', NULL, NULL, NULL),
(27455, 368, 30, 82, NULL, NULL, NULL, '2014-03-06 21:14:20', NULL, NULL, NULL),
(27456, 358, 28, 62, NULL, NULL, NULL, '2014-03-06 21:14:20', NULL, NULL, NULL),
(27457, 421, 5, 7, NULL, NULL, NULL, '2014-03-06 21:14:18', NULL, NULL, NULL),
(27458, 475, 14, 42, NULL, NULL, NULL, '2014-03-06 21:14:20', NULL, NULL, NULL),
(27459, 705, 40, 97, NULL, NULL, NULL, '2014-03-06 21:14:21', NULL, NULL, NULL),
(27460, 710, 41, 98, NULL, NULL, NULL, '2014-03-06 21:14:21', NULL, NULL, NULL),
(27461, 415, 7, 22, NULL, NULL, NULL, '2014-03-06 21:14:19', NULL, NULL, NULL),
(27462, 405, 9, 28, NULL, NULL, NULL, '2014-03-06 21:14:19', NULL, NULL, NULL),
(27463, 712, 41, 102, NULL, NULL, NULL, '2014-03-06 21:14:21', NULL, NULL, NULL),
(27464, 395, 7, 18, NULL, NULL, NULL, '2014-03-06 21:14:19', NULL, NULL, NULL),
(27465, 355, 7, 19, NULL, NULL, NULL, '2014-03-06 21:14:18', NULL, NULL, NULL),
(27466, 405, 27, 57, NULL, NULL, NULL, '2014-03-06 21:14:19', NULL, NULL, NULL),
(27467, 435, 7, 18, NULL, NULL, NULL, '2014-03-06 21:14:19', NULL, NULL, NULL),
(27468, 405, 14, 45, NULL, NULL, NULL, '2014-03-06 21:14:19', NULL, NULL, NULL),
(27469, 361, 5, 11, NULL, NULL, NULL, '2014-03-06 21:14:18', NULL, NULL, NULL),
(27470, 707, 40, 95, NULL, NULL, NULL, '2014-03-06 21:14:21', NULL, NULL, NULL),
(27471, 355, 27, 68, NULL, NULL, NULL, '2014-03-06 21:14:18', NULL, NULL, NULL),
(27472, 448, 30, 84, NULL, NULL, NULL, '2014-03-06 21:14:20', NULL, NULL, NULL),
(27473, 405, 8, 25, NULL, NULL, NULL, '2014-03-06 21:14:19', NULL, NULL, NULL),
(27474, 478, 30, 85, NULL, NULL, NULL, '2014-03-06 21:14:20', NULL, NULL, NULL),
(27475, 365, 7, 17, NULL, NULL, NULL, '2014-03-06 21:14:19', NULL, NULL, NULL),
(27476, 425, 13, 34, NULL, NULL, NULL, '2014-03-06 21:14:19', NULL, NULL, NULL),
(27477, 385, 12, 30, NULL, NULL, NULL, '2014-03-06 21:14:19', NULL, NULL, NULL),
(27478, 365, 14, 42, NULL, NULL, NULL, '2014-03-06 21:14:18', NULL, NULL, NULL),
(27479, 353, 36, 103, NULL, NULL, NULL, '2014-03-06 21:14:18', NULL, NULL, NULL),
(27480, 607, 39, 94, NULL, NULL, NULL, '2014-03-06 21:14:21', NULL, NULL, NULL),
(27481, 461, 5, 10, NULL, NULL, NULL, '2014-03-06 21:14:18', NULL, NULL, NULL),
(27482, 448, 30, 83, NULL, NULL, NULL, '2014-03-06 21:14:20', NULL, NULL, NULL),
(27483, 712, 41, 100, NULL, NULL, NULL, '2014-03-06 21:14:21', NULL, NULL, NULL),
(27484, 365, 16, 52, NULL, NULL, NULL, '2014-03-06 21:14:18', NULL, NULL, NULL),
(27485, 485, 7, 41, NULL, NULL, NULL, '2014-03-06 21:14:20', NULL, NULL, NULL),
(27486, 415, 9, 28, NULL, NULL, NULL, '2014-03-06 21:14:19', NULL, NULL, NULL),
(27487, 368, 29, 87, NULL, NULL, NULL, '2014-03-06 21:14:20', NULL, NULL, NULL),
(27488, 463, 36, 105, NULL, NULL, NULL, '2014-03-06 21:14:18', NULL, NULL, NULL),
(27489, 475, 7, 40, NULL, NULL, NULL, '2014-03-06 21:14:20', NULL, NULL, NULL),
(27490, 375, 8, 23, NULL, NULL, NULL, '2014-03-06 21:14:19', NULL, NULL, NULL),
(27491, 385, 16, 54, NULL, NULL, NULL, '2014-03-06 21:14:19', NULL, NULL, NULL),
(27492, 368, 37, 74, NULL, NULL, NULL, '2014-03-06 21:14:20', NULL, NULL, NULL),
(27493, 455, 7, 37, NULL, NULL, NULL, '2014-03-06 21:14:19', NULL, NULL, NULL),
(27494, 378, 37, 75, NULL, NULL, NULL, '2014-03-06 21:14:20', NULL, NULL, NULL),
(27495, 375, 7, 40, NULL, NULL, NULL, '2014-03-06 21:14:19', NULL, NULL, NULL),
(27496, 611, 39, 93, NULL, NULL, NULL, '2014-03-06 21:14:21', NULL, NULL, NULL),
(27497, 365, 7, 41, NULL, NULL, NULL, '2014-03-06 21:14:19', NULL, NULL, NULL),
(27498, 455, 16, 51, NULL, NULL, NULL, '2014-03-06 21:14:19', NULL, NULL, NULL),
(27499, 395, 16, 51, NULL, NULL, NULL, '2014-03-06 21:14:19', NULL, NULL, NULL),
(27500, 485, 16, 53, NULL, NULL, NULL, '2014-03-06 21:14:20', NULL, NULL, NULL),
(27501, 441, 5, 11, NULL, NULL, NULL, '2014-03-06 21:14:18', NULL, NULL, NULL),
(27502, 395, 27, 69, NULL, NULL, NULL, '2014-03-06 21:14:19', NULL, NULL, NULL),
(27503, 375, 7, 17, NULL, NULL, NULL, '2014-03-06 21:14:19', NULL, NULL, NULL),
(27504, 473, 36, 103, NULL, NULL, NULL, '2014-03-06 21:14:18', NULL, NULL, NULL),
(27505, 358, 37, 75, NULL, NULL, NULL, '2014-03-06 21:14:20', NULL, NULL, NULL),
(27506, 709, 41, 100, NULL, NULL, NULL, '2014-03-06 21:14:21', NULL, NULL, NULL),
(27507, 445, 33, 66, NULL, NULL, NULL, '2014-03-06 21:14:19', NULL, NULL, NULL),
(27508, 368, 28, 63, NULL, NULL, NULL, '2014-03-06 21:14:20', NULL, NULL, NULL),
(27509, 405, 8, 23, NULL, NULL, NULL, '2014-03-06 21:14:19', NULL, NULL, NULL),
(27510, 488, 29, 79, NULL, NULL, NULL, '2014-03-06 21:14:20', NULL, NULL, NULL),
(27511, 435, 14, 45, NULL, NULL, NULL, '2014-03-06 21:14:19', NULL, NULL, NULL),
(27512, 475, 7, 38, NULL, NULL, NULL, '2014-03-06 21:14:20', NULL, NULL, NULL),
(27513, 468, 30, 84, NULL, NULL, NULL, '2014-03-06 21:14:20', NULL, NULL, NULL),
(27514, 408, 28, 89, NULL, NULL, NULL, '2014-03-06 21:14:20', NULL, NULL, NULL),
(27515, 455, 16, 55, NULL, NULL, NULL, '2014-03-06 21:14:19', NULL, NULL, NULL),
(27516, 438, 30, 82, NULL, NULL, NULL, '2014-03-06 21:14:20', NULL, NULL, NULL),
(27517, 475, 16, 54, NULL, NULL, NULL, '2014-03-06 21:14:20', NULL, NULL, NULL),
(27518, 411, 5, 10, NULL, NULL, NULL, '2014-03-06 21:14:18', NULL, NULL, NULL),
(27519, 481, 5, 10, NULL, NULL, NULL, '2014-03-06 21:14:18', NULL, NULL, NULL),
(27520, 355, 8, 24, NULL, NULL, NULL, '2014-03-06 21:14:18', NULL, NULL, NULL),
(27521, 708, 40, 96, NULL, NULL, NULL, '2014-03-06 21:14:21', NULL, NULL, NULL),
(27522, 355, 14, 43, NULL, NULL, NULL, '2014-03-06 21:14:18', NULL, NULL, NULL),
(27523, 418, 29, 78, NULL, NULL, NULL, '2014-03-06 21:14:20', NULL, NULL, NULL),
(27524, 488, 30, 83, NULL, NULL, NULL, '2014-03-06 21:14:20', NULL, NULL, NULL),
(27525, 425, 12, 32, NULL, NULL, NULL, '2014-03-06 21:14:19', NULL, NULL, NULL),
(27526, 405, 16, 51, NULL, NULL, NULL, '2014-03-06 21:14:19', NULL, NULL, NULL),
(27527, 355, 12, 33, NULL, NULL, NULL, '2014-03-06 21:14:18', NULL, NULL, NULL),
(27528, 435, 12, 33, NULL, NULL, NULL, '2014-03-06 21:14:19', NULL, NULL, NULL),
(27529, 365, 15, 46, NULL, NULL, NULL, '2014-03-06 21:14:19', NULL, NULL, NULL),
(27530, 455, 27, 69, NULL, NULL, NULL, '2014-03-06 21:14:19', NULL, NULL, NULL),
(27531, 488, 37, 77, NULL, NULL, NULL, '2014-03-06 21:14:20', NULL, NULL, NULL),
(27532, 478, 30, 84, NULL, NULL, NULL, '2014-03-06 21:14:20', NULL, NULL, NULL),
(27533, 351, 5, 7, NULL, NULL, NULL, '2014-03-06 21:14:18', NULL, NULL, NULL),
(27534, 355, 16, 54, NULL, NULL, NULL, '2014-03-06 21:14:18', NULL, NULL, NULL),
(27535, 368, 28, 89, NULL, NULL, NULL, '2014-03-06 21:14:20', NULL, NULL, NULL),
(27536, 445, 7, 12, NULL, NULL, NULL, '2014-03-06 21:14:19', NULL, NULL, NULL),
(27537, 475, 7, 22, NULL, NULL, NULL, '2014-03-06 21:14:20', NULL, NULL, NULL),
(27538, 365, 16, 53, NULL, NULL, NULL, '2014-03-06 21:14:18', NULL, NULL, NULL),
(27539, 391, 5, 11, NULL, NULL, NULL, '2014-03-06 21:14:18', NULL, NULL, NULL),
(27540, 708, 41, 100, NULL, NULL, NULL, '2014-03-06 21:14:21', NULL, NULL, NULL),
(27541, 395, 27, 57, NULL, NULL, NULL, '2014-03-06 21:14:19', NULL, NULL, NULL),
(27542, 438, 37, 72, NULL, NULL, NULL, '2014-03-06 21:14:20', NULL, NULL, NULL),
(27543, 401, 5, 9, NULL, NULL, NULL, '2014-03-06 21:14:18', NULL, NULL, NULL),
(27544, 405, 7, 12, NULL, NULL, NULL, '2014-03-06 21:14:19', NULL, NULL, NULL),
(27545, 425, 13, 35, NULL, NULL, NULL, '2014-03-06 21:14:19', NULL, NULL, NULL),
(27546, 599, 38, 90, NULL, NULL, NULL, '2014-03-06 21:14:21', NULL, NULL, NULL),
(27547, 435, 7, 41, NULL, NULL, NULL, '2014-03-06 21:14:19', NULL, NULL, NULL),
(27548, 398, 29, 87, NULL, NULL, NULL, '2014-03-06 21:14:20', NULL, NULL, NULL),
(27549, 355, 9, 27, NULL, NULL, NULL, '2014-03-06 21:14:18', NULL, NULL, NULL),
(27550, 485, 8, 20, NULL, NULL, NULL, '2014-03-06 21:14:20', NULL, NULL, NULL),
(27551, 428, 37, 74, NULL, NULL, NULL, '2014-03-06 21:14:20', NULL, NULL, NULL),
(27552, 475, 8, 24, NULL, NULL, NULL, '2014-03-06 21:14:20', NULL, NULL, NULL),
(27553, 405, 15, 46, NULL, NULL, NULL, '2014-03-06 21:14:19', NULL, NULL, NULL),
(27554, 600, 38, 90, NULL, NULL, NULL, '2014-03-06 21:14:21', NULL, NULL, NULL),
(27555, 365, 9, 27, NULL, NULL, NULL, '2014-03-06 21:14:19', NULL, NULL, NULL),
(27556, 405, 8, 20, NULL, NULL, NULL, '2014-03-06 21:14:19', NULL, NULL, NULL),
(27557, 475, 7, 17, NULL, NULL, NULL, '2014-03-06 21:14:20', NULL, NULL, NULL),
(27558, 455, 27, 60, NULL, NULL, NULL, '2014-03-06 21:14:19', NULL, NULL, NULL),
(27559, 425, 27, 56, NULL, NULL, NULL, '2014-03-06 21:14:19', NULL, NULL, NULL),
(27560, 381, 5, 9, NULL, NULL, NULL, '2014-03-06 21:14:18', NULL, NULL, NULL),
(27561, 465, 14, 44, NULL, NULL, NULL, '2014-03-06 21:14:19', NULL, NULL, NULL),
(27562, 395, 27, 68, NULL, NULL, NULL, '2014-03-06 21:14:19', NULL, NULL, NULL),
(27563, 602, 38, 90, NULL, NULL, NULL, '2014-03-06 21:14:21', NULL, NULL, NULL),
(27564, 418, 29, 88, NULL, NULL, NULL, '2014-03-06 21:14:20', NULL, NULL, NULL),
(27565, 445, 27, 57, NULL, NULL, NULL, '2014-03-06 21:14:19', NULL, NULL, NULL),
(27566, 708, 40, 97, NULL, NULL, NULL, '2014-03-06 21:14:21', NULL, NULL, NULL),
(27567, 488, 29, 88, NULL, NULL, NULL, '2014-03-06 21:14:20', NULL, NULL, NULL),
(27568, 465, 27, 68, NULL, NULL, NULL, '2014-03-06 21:14:19', NULL, NULL, NULL),
(27569, 385, 16, 55, NULL, NULL, NULL, '2014-03-06 21:14:19', NULL, NULL, NULL),
(27570, 711, 41, 101, NULL, NULL, NULL, '2014-03-06 21:14:21', NULL, NULL, NULL),
(27571, 455, 12, 32, NULL, NULL, NULL, '2014-03-06 21:14:19', NULL, NULL, NULL),
(27572, 461, 5, 7, NULL, NULL, NULL, '2014-03-06 21:14:18', NULL, NULL, NULL),
(27573, 465, 7, 40, NULL, NULL, NULL, '2014-03-06 21:14:19', NULL, NULL, NULL),
(27574, 475, 7, 18, NULL, NULL, NULL, '2014-03-06 21:14:20', NULL, NULL, NULL),
(27575, 393, 36, 104, NULL, NULL, NULL, '2014-03-06 21:14:18', NULL, NULL, NULL),
(27576, 455, 14, 43, NULL, NULL, NULL, '2014-03-06 21:14:19', NULL, NULL, NULL),
(27577, 713, 41, 98, NULL, NULL, NULL, '2014-03-06 21:14:21', NULL, NULL, NULL),
(27578, 465, 16, 49, NULL, NULL, NULL, '2014-03-06 21:14:19', NULL, NULL, NULL),
(27579, 435, 7, 21, NULL, NULL, NULL, '2014-03-06 21:14:19', NULL, NULL, NULL),
(27580, 395, 16, 53, NULL, NULL, NULL, '2014-03-06 21:14:19', NULL, NULL, NULL),
(27581, 475, 7, 37, NULL, NULL, NULL, '2014-03-06 21:14:20', NULL, NULL, NULL),
(27582, 703, 41, 99, NULL, NULL, NULL, '2014-03-06 21:14:21', NULL, NULL, NULL),
(27583, 425, 16, 50, NULL, NULL, NULL, '2014-03-06 21:14:19', NULL, NULL, NULL),
(27584, 388, 30, 84, NULL, NULL, NULL, '2014-03-06 21:14:20', NULL, NULL, NULL),
(27585, 475, 33, 70, NULL, NULL, NULL, '2014-03-06 21:14:20', NULL, NULL, NULL),
(27586, 411, 5, 8, NULL, NULL, NULL, '2014-03-06 21:14:18', NULL, NULL, NULL),
(27587, 448, 28, 89, NULL, NULL, NULL, '2014-03-06 21:14:20', NULL, NULL, NULL),
(27588, 448, 37, 74, NULL, NULL, NULL, '2014-03-06 21:14:20', NULL, NULL, NULL),
(27589, 703, 40, 95, NULL, NULL, NULL, '2014-03-06 21:14:21', NULL, NULL, NULL),
(27590, 485, 16, 52, NULL, NULL, NULL, '2014-03-06 21:14:20', NULL, NULL, NULL),
(27591, 478, 29, 87, NULL, NULL, NULL, '2014-03-06 21:14:20', NULL, NULL, NULL),
(27592, 458, 28, 61, NULL, NULL, NULL, '2014-03-06 21:14:20', NULL, NULL, NULL),
(27593, 391, 4, 6, NULL, NULL, NULL, '2014-03-06 21:14:18', NULL, NULL, NULL),
(27594, 445, 7, 17, NULL, NULL, NULL, '2014-03-06 21:14:19', NULL, NULL, NULL),
(27595, 365, 16, 49, NULL, NULL, NULL, '2014-03-06 21:14:18', NULL, NULL, NULL),
(27596, 478, 29, 86, NULL, NULL, NULL, '2014-03-06 21:14:20', NULL, NULL, NULL),
(27597, 598, 38, 91, NULL, NULL, NULL, '2014-03-06 21:14:21', NULL, NULL, NULL),
(27598, 455, 7, 26, NULL, NULL, NULL, '2014-03-06 21:14:19', NULL, NULL, NULL),
(27599, 395, 14, 44, NULL, NULL, NULL, '2014-03-06 21:14:19', NULL, NULL, NULL),
(27600, 455, 7, 40, NULL, NULL, NULL, '2014-03-06 21:14:19', NULL, NULL, NULL),
(27601, 448, 29, 79, NULL, NULL, NULL, '2014-03-06 21:14:20', NULL, NULL, NULL),
(27602, 368, 28, 61, NULL, NULL, NULL, '2014-03-06 21:14:20', NULL, NULL, NULL),
(27603, 415, 8, 20, NULL, NULL, NULL, '2014-03-06 21:14:19', NULL, NULL, NULL),
(27604, 375, 13, 35, NULL, NULL, NULL, '2014-03-06 21:14:19', NULL, NULL, NULL),
(27605, 365, 27, 57, NULL, NULL, NULL, '2014-03-06 21:14:18', NULL, NULL, NULL),
(27606, 385, 8, 25, NULL, NULL, NULL, '2014-03-06 21:14:19', NULL, NULL, NULL),
(27607, 443, 36, 103, NULL, NULL, NULL, '2014-03-06 21:14:18', NULL, NULL, NULL),
(27608, 475, 7, 26, NULL, NULL, NULL, '2014-03-06 21:14:20', NULL, NULL, NULL),
(27609, 702, 41, 102, NULL, NULL, NULL, '2014-03-06 21:14:21', NULL, NULL, NULL),
(27610, 385, 16, 51, NULL, NULL, NULL, '2014-03-06 21:14:19', NULL, NULL, NULL),
(27611, 378, 29, 88, NULL, NULL, NULL, '2014-03-06 21:14:20', NULL, NULL, NULL),
(27612, 425, 9, 28, NULL, NULL, NULL, '2014-03-06 21:14:19', NULL, NULL, NULL),
(27613, 465, 33, 67, NULL, NULL, NULL, '2014-03-06 21:14:19', NULL, NULL, NULL),
(27614, 418, 29, 79, NULL, NULL, NULL, '2014-03-06 21:14:20', NULL, NULL, NULL),
(27615, 421, 4, 6, NULL, NULL, NULL, '2014-03-06 21:14:18', NULL, NULL, NULL),
(27616, 475, 9, 27, NULL, NULL, NULL, '2014-03-06 21:14:20', NULL, NULL, NULL),
(27617, 592, 38, 90, NULL, NULL, NULL, '2014-03-06 21:14:21', NULL, NULL, NULL),
(27618, 473, 36, 104, NULL, NULL, NULL, '2014-03-06 21:14:18', NULL, NULL, NULL),
(27619, 712, 41, 101, NULL, NULL, NULL, '2014-03-06 21:14:21', NULL, NULL, NULL),
(27620, 375, 27, 59, NULL, NULL, NULL, '2014-03-06 21:14:19', NULL, NULL, NULL),
(27621, 408, 29, 81, NULL, NULL, NULL, '2014-03-06 21:14:20', NULL, NULL, NULL),
(27622, 398, 29, 78, NULL, NULL, NULL, '2014-03-06 21:14:20', NULL, NULL, NULL),
(27623, 378, 37, 76, NULL, NULL, NULL, '2014-03-06 21:14:20', NULL, NULL, NULL),
(27624, 415, 14, 43, NULL, NULL, NULL, '2014-03-06 21:14:19', NULL, NULL, NULL),
(27625, 445, 27, 59, NULL, NULL, NULL, '2014-03-06 21:14:19', NULL, NULL, NULL),
(27626, 485, 16, 50, NULL, NULL, NULL, '2014-03-06 21:14:20', NULL, NULL, NULL),
(27627, 405, 7, 21, NULL, NULL, NULL, '2014-03-06 21:14:19', NULL, NULL, NULL),
(27628, 603, 38, 90, NULL, NULL, NULL, '2014-03-06 21:14:21', NULL, NULL, NULL),
(27629, 361, 5, 9, NULL, NULL, NULL, '2014-03-06 21:14:18', NULL, NULL, NULL),
(27630, 485, 16, 49, NULL, NULL, NULL, '2014-03-06 21:14:20', NULL, NULL, NULL),
(27631, 378, 28, 63, NULL, NULL, NULL, '2014-03-06 21:14:20', NULL, NULL, NULL),
(27632, 363, 36, 105, NULL, NULL, NULL, '2014-03-06 21:14:18', NULL, NULL, NULL),
(27633, 465, 14, 45, NULL, NULL, NULL, '2014-03-06 21:14:19', NULL, NULL, NULL),
(27634, 358, 37, 73, NULL, NULL, NULL, '2014-03-06 21:14:20', NULL, NULL, NULL),
(27635, 465, 7, 12, NULL, NULL, NULL, '2014-03-06 21:14:19', NULL, NULL, NULL),
(27636, 415, 14, 42, NULL, NULL, NULL, '2014-03-06 21:14:19', NULL, NULL, NULL),
(27637, 428, 30, 85, NULL, NULL, NULL, '2014-03-06 21:14:20', NULL, NULL, NULL),
(27638, 465, 14, 43, NULL, NULL, NULL, '2014-03-06 21:14:19', NULL, NULL, NULL),
(27639, 425, 16, 54, NULL, NULL, NULL, '2014-03-06 21:14:19', NULL, NULL, NULL),
(27640, 595, 38, 91, NULL, NULL, NULL, '2014-03-06 21:14:21', NULL, NULL, NULL),
(27641, 423, 36, 105, NULL, NULL, NULL, '2014-03-06 21:14:18', NULL, NULL, NULL),
(27642, 713, 41, 102, NULL, NULL, NULL, '2014-03-06 21:14:21', NULL, NULL, NULL),
(27643, 715, 40, 96, NULL, NULL, NULL, '2014-03-06 21:14:21', NULL, NULL, NULL),
(27644, 385, 9, 27, NULL, NULL, NULL, '2014-03-06 21:14:19', NULL, NULL, NULL),
(27645, 448, 29, 88, NULL, NULL, NULL, '2014-03-06 21:14:20', NULL, NULL, NULL),
(27646, 365, 7, 40, NULL, NULL, NULL, '2014-03-06 21:14:19', NULL, NULL, NULL),
(27647, 405, 12, 33, NULL, NULL, NULL, '2014-03-06 21:14:19', NULL, NULL, NULL),
(27648, 418, 37, 76, NULL, NULL, NULL, '2014-03-06 21:14:20', NULL, NULL, NULL),
(27649, 355, 7, 21, NULL, NULL, NULL, '2014-03-06 21:14:18', NULL, NULL, NULL),
(27650, 458, 29, 78, NULL, NULL, NULL, '2014-03-06 21:14:20', NULL, NULL, NULL),
(27651, 465, 7, 26, NULL, NULL, NULL, '2014-03-06 21:14:19', NULL, NULL, NULL),
(27652, 485, 14, 45, NULL, NULL, NULL, '2014-03-06 21:14:20', NULL, NULL, NULL),
(27653, 451, 5, 7, NULL, NULL, NULL, '2014-03-06 21:14:18', NULL, NULL, NULL),
(27654, 428, 37, 76, NULL, NULL, NULL, '2014-03-06 21:14:20', NULL, NULL, NULL),
(27655, 455, 27, 59, NULL, NULL, NULL, '2014-03-06 21:14:19', NULL, NULL, NULL),
(27656, 373, 36, 104, NULL, NULL, NULL, '2014-03-06 21:14:18', NULL, NULL, NULL),
(27657, 713, 41, 101, NULL, NULL, NULL, '2014-03-06 21:14:21', NULL, NULL, NULL),
(27658, 455, 9, 36, NULL, NULL, NULL, '2014-03-06 21:14:19', NULL, NULL, NULL),
(27659, 428, 37, 75, NULL, NULL, NULL, '2014-03-06 21:14:20', NULL, NULL, NULL),
(27660, 368, 29, 86, NULL, NULL, NULL, '2014-03-06 21:14:20', NULL, NULL, NULL),
(27661, 378, 29, 81, NULL, NULL, NULL, '2014-03-06 21:14:20', NULL, NULL, NULL),
(27662, 395, 33, 65, NULL, NULL, NULL, '2014-03-06 21:14:19', NULL, NULL, NULL),
(27663, 451, 4, 6, NULL, NULL, NULL, '2014-03-06 21:14:18', NULL, NULL, NULL),
(27664, 381, 5, 10, NULL, NULL, NULL, '2014-03-06 21:14:18', NULL, NULL, NULL),
(27665, 371, 5, 11, NULL, NULL, NULL, '2014-03-06 21:14:18', NULL, NULL, NULL),
(27666, 605, 39, 94, NULL, NULL, NULL, '2014-03-06 21:14:21', NULL, NULL, NULL),
(27667, 425, 33, 67, NULL, NULL, NULL, '2014-03-06 21:14:19', NULL, NULL, NULL),
(27668, 461, 5, 9, NULL, NULL, NULL, '2014-03-06 21:14:18', NULL, NULL, NULL),
(27669, 418, 29, 81, NULL, NULL, NULL, '2014-03-06 21:14:20', NULL, NULL, NULL),
(27670, 465, 8, 23, NULL, NULL, NULL, '2014-03-06 21:14:20', NULL, NULL, NULL),
(27671, 415, 16, 50, NULL, NULL, NULL, '2014-03-06 21:14:19', NULL, NULL, NULL),
(27672, 365, 7, 12, NULL, NULL, NULL, '2014-03-06 21:14:19', NULL, NULL, NULL),
(27673, 365, 16, 51, NULL, NULL, NULL, '2014-03-06 21:14:18', NULL, NULL, NULL),
(27674, 435, 8, 23, NULL, NULL, NULL, '2014-03-06 21:14:19', NULL, NULL, NULL),
(27675, 714, 41, 99, NULL, NULL, NULL, '2014-03-06 21:14:21', NULL, NULL, NULL),
(27676, 706, 40, 97, NULL, NULL, NULL, '2014-03-06 21:14:21', NULL, NULL, NULL),
(27677, 455, 12, 33, NULL, NULL, NULL, '2014-03-06 21:14:19', NULL, NULL, NULL),
(27678, 610, 39, 94, NULL, NULL, NULL, '2014-03-06 21:14:21', NULL, NULL, NULL),
(27679, 714, 41, 100, NULL, NULL, NULL, '2014-03-06 21:14:21', NULL, NULL, NULL),
(27680, 365, 27, 58, NULL, NULL, NULL, '2014-03-06 21:14:18', NULL, NULL, NULL),
(27681, 471, 4, 6, NULL, NULL, NULL, '2014-03-06 21:14:18', NULL, NULL, NULL),
(27682, 375, 9, 27, NULL, NULL, NULL, '2014-03-06 21:14:19', NULL, NULL, NULL),
(27683, 375, 14, 42, NULL, NULL, NULL, '2014-03-06 21:14:19', NULL, NULL, NULL),
(27684, 705, 41, 101, NULL, NULL, NULL, '2014-03-06 21:14:21', NULL, NULL, NULL),
(27685, 485, 9, 36, NULL, NULL, NULL, '2014-03-06 21:14:20', NULL, NULL, NULL),
(27686, 405, 16, 54, NULL, NULL, NULL, '2014-03-06 21:14:19', NULL, NULL, NULL),
(27687, 485, 8, 25, NULL, NULL, NULL, '2014-03-06 21:14:20', NULL, NULL, NULL),
(27688, 385, 27, 59, NULL, NULL, NULL, '2014-03-06 21:14:19', NULL, NULL, NULL),
(27689, 616, 39, 93, NULL, NULL, NULL, '2014-03-06 21:14:21', NULL, NULL, NULL),
(27690, 709, 40, 96, NULL, NULL, NULL, '2014-03-06 21:14:21', NULL, NULL, NULL),
(27691, 351, 4, 6, NULL, NULL, NULL, '2014-03-06 21:14:18', NULL, NULL, NULL),
(27692, 425, 7, 41, NULL, NULL, NULL, '2014-03-06 21:14:19', NULL, NULL, NULL),
(27693, 615, 39, 94, NULL, NULL, NULL, '2014-03-06 21:14:21', NULL, NULL, NULL),
(27694, 425, 7, 19, NULL, NULL, NULL, '2014-03-06 21:14:19', NULL, NULL, NULL),
(27695, 368, 30, 85, NULL, NULL, NULL, '2014-03-06 21:14:20', NULL, NULL, NULL),
(27696, 415, 27, 56, NULL, NULL, NULL, '2014-03-06 21:14:19', NULL, NULL, NULL),
(27697, 405, 7, 38, NULL, NULL, NULL, '2014-03-06 21:14:19', NULL, NULL, NULL),
(27698, 405, 7, 40, NULL, NULL, NULL, '2014-03-06 21:14:19', NULL, NULL, NULL),
(27699, 458, 29, 88, NULL, NULL, NULL, '2014-03-06 21:14:20', NULL, NULL, NULL),
(27700, 461, 4, 6, NULL, NULL, NULL, '2014-03-06 21:14:18', NULL, NULL, NULL),
(27701, 715, 40, 97, NULL, NULL, NULL, '2014-03-06 21:14:21', NULL, NULL, NULL),
(27702, 455, 9, 28, NULL, NULL, NULL, '2014-03-06 21:14:19', NULL, NULL, NULL),
(27703, 405, 33, 71, NULL, NULL, NULL, '2014-03-06 21:14:19', NULL, NULL, NULL),
(27704, 375, 14, 45, NULL, NULL, NULL, '2014-03-06 21:14:19', NULL, NULL, NULL),
(27705, 475, 27, 60, NULL, NULL, NULL, '2014-03-06 21:14:20', NULL, NULL, NULL),
(27706, 435, 15, 46, NULL, NULL, NULL, '2014-03-06 21:14:19', NULL, NULL, NULL),
(27707, 358, 37, 72, NULL, NULL, NULL, '2014-03-06 21:14:20', NULL, NULL, NULL),
(27708, 371, 5, 8, NULL, NULL, NULL, '2014-03-06 21:14:18', NULL, NULL, NULL),
(27709, 425, 8, 23, NULL, NULL, NULL, '2014-03-06 21:14:19', NULL, NULL, NULL),
(27710, 596, 38, 90, NULL, NULL, NULL, '2014-03-06 21:14:21', NULL, NULL, NULL),
(27711, 448, 28, 61, NULL, NULL, NULL, '2014-03-06 21:14:20', NULL, NULL, NULL),
(27712, 711, 41, 99, NULL, NULL, NULL, '2014-03-06 21:14:21', NULL, NULL, NULL),
(27713, 485, 7, 19, NULL, NULL, NULL, '2014-03-06 21:14:20', NULL, NULL, NULL),
(27714, 398, 37, 80, NULL, NULL, NULL, '2014-03-06 21:14:20', NULL, NULL, NULL),
(27715, 601, 38, 91, NULL, NULL, NULL, '2014-03-06 21:14:21', NULL, NULL, NULL),
(27716, 415, 16, 55, NULL, NULL, NULL, '2014-03-06 21:14:19', NULL, NULL, NULL),
(27717, 610, 39, 92, NULL, NULL, NULL, '2014-03-06 21:14:21', NULL, NULL, NULL),
(27718, 378, 29, 87, NULL, NULL, NULL, '2014-03-06 21:14:20', NULL, NULL, NULL),
(27719, 405, 13, 35, NULL, NULL, NULL, '2014-03-06 21:14:19', NULL, NULL, NULL),
(27720, 405, 7, 26, NULL, NULL, NULL, '2014-03-06 21:14:19', NULL, NULL, NULL),
(27721, 435, 8, 20, NULL, NULL, NULL, '2014-03-06 21:14:19', NULL, NULL, NULL),
(27722, 395, 8, 23, NULL, NULL, NULL, '2014-03-06 21:14:19', NULL, NULL, NULL),
(27723, 415, 13, 35, NULL, NULL, NULL, '2014-03-06 21:14:19', NULL, NULL, NULL),
(27724, 378, 37, 80, NULL, NULL, NULL, '2014-03-06 21:14:20', NULL, NULL, NULL),
(27725, 415, 16, 52, NULL, NULL, NULL, '2014-03-06 21:14:19', NULL, NULL, NULL),
(27726, 375, 27, 60, NULL, NULL, NULL, '2014-03-06 21:14:19', NULL, NULL, NULL),
(27727, 478, 30, 82, NULL, NULL, NULL, '2014-03-06 21:14:20', NULL, NULL, NULL),
(27728, 415, 27, 68, NULL, NULL, NULL, '2014-03-06 21:14:19', NULL, NULL, NULL),
(27729, 465, 27, 69, NULL, NULL, NULL, '2014-03-06 21:14:19', NULL, NULL, NULL),
(27730, 395, 33, 67, NULL, NULL, NULL, '2014-03-06 21:14:19', NULL, NULL, NULL),
(27731, 425, 14, 42, NULL, NULL, NULL, '2014-03-06 21:14:19', NULL, NULL, NULL),
(27732, 451, 5, 9, NULL, NULL, NULL, '2014-03-06 21:14:18', NULL, NULL, NULL),
(27733, 425, 27, 68, NULL, NULL, NULL, '2014-03-06 21:14:19', NULL, NULL, NULL),
(27734, 594, 38, 90, NULL, NULL, NULL, '2014-03-06 21:14:21', NULL, NULL, NULL),
(27735, 353, 36, 105, NULL, NULL, NULL, '2014-03-06 21:14:18', NULL, NULL, NULL),
(27736, 358, 30, 83, NULL, NULL, NULL, '2014-03-06 21:14:20', NULL, NULL, NULL),
(27737, 415, 27, 59, NULL, NULL, NULL, '2014-03-06 21:14:19', NULL, NULL, NULL),
(27738, 201, 42, 107, NULL, NULL, NULL, '2014-03-07 23:45:30', NULL, NULL, NULL),
(27739, 275, 42, 108, NULL, NULL, NULL, '2014-03-07 23:45:30', NULL, NULL, NULL),
(27740, 345, 42, 106, NULL, NULL, NULL, '2014-03-07 23:45:31', NULL, NULL, NULL),
(27741, 245, 42, 107, NULL, NULL, NULL, '2014-03-07 23:45:30', NULL, NULL, NULL),
(27742, 315, 42, 107, NULL, NULL, NULL, '2014-03-07 23:45:31', NULL, NULL, NULL),
(27743, 275, 42, 106, NULL, NULL, NULL, '2014-03-07 23:45:30', NULL, NULL, NULL),
(27744, 225, 42, 108, NULL, NULL, NULL, '2014-03-07 23:45:30', NULL, NULL, NULL),
(27745, 305, 42, 108, NULL, NULL, NULL, '2014-03-07 23:45:31', NULL, NULL, NULL),
(27746, 201, 42, 106, NULL, NULL, NULL, '2014-03-07 23:45:30', NULL, NULL, NULL),
(27747, 491, 42, 108, NULL, NULL, NULL, '2014-03-07 23:45:31', NULL, NULL, NULL),
(27748, 245, 42, 106, NULL, NULL, NULL, '2014-03-07 23:45:30', NULL, NULL, NULL),
(27749, 501, 42, 106, 4, NULL, NULL, '2014-03-14 22:47:09', '2014-03-08 20:50:38', NULL, NULL),
(27750, 511, 42, 106, NULL, NULL, NULL, '2014-03-07 23:45:31', NULL, NULL, NULL),
(27751, 325, 42, 106, NULL, NULL, NULL, '2014-03-07 23:45:31', NULL, NULL, NULL),
(27752, 501, 42, 108, 1, 1, NULL, '2014-03-08 20:50:45', '2014-03-08 20:50:45', NULL, NULL),
(27753, 265, 42, 107, NULL, NULL, NULL, '2014-03-07 23:45:30', NULL, NULL, NULL),
(27754, 295, 42, 106, NULL, NULL, NULL, '2014-03-07 23:45:31', NULL, NULL, NULL),
(27755, 335, 42, 107, NULL, NULL, NULL, '2014-03-07 23:45:31', NULL, NULL, NULL),
(27756, 305, 42, 106, NULL, NULL, NULL, '2014-03-07 23:45:31', NULL, NULL, NULL),
(27757, 245, 42, 108, NULL, NULL, NULL, '2014-03-07 23:45:30', NULL, NULL, NULL),
(27758, 325, 42, 108, NULL, NULL, NULL, '2014-03-07 23:45:31', NULL, NULL, NULL),
(27759, 255, 42, 106, NULL, NULL, NULL, '2014-03-07 23:45:30', NULL, NULL, NULL),
(27760, 225, 42, 106, NULL, NULL, NULL, '2014-03-07 23:45:30', NULL, NULL, NULL),
(27761, 275, 42, 107, NULL, NULL, NULL, '2014-03-07 23:45:30', NULL, NULL, NULL),
(27762, 225, 42, 107, NULL, NULL, NULL, '2014-03-07 23:45:30', NULL, NULL, NULL),
(27763, 315, 42, 106, NULL, NULL, NULL, '2014-03-07 23:45:31', NULL, NULL, NULL),
(27764, 295, 42, 107, NULL, NULL, NULL, '2014-03-07 23:45:31', NULL, NULL, NULL),
(27765, 335, 42, 108, NULL, NULL, NULL, '2014-03-07 23:45:31', NULL, NULL, NULL),
(27766, 265, 42, 106, NULL, NULL, NULL, '2014-03-07 23:45:30', NULL, NULL, NULL),
(27767, 285, 42, 107, NULL, NULL, NULL, '2014-03-07 23:45:31', NULL, NULL, NULL),
(27768, 511, 42, 108, NULL, NULL, NULL, '2014-03-07 23:45:31', NULL, NULL, NULL),
(27769, 265, 42, 108, NULL, NULL, NULL, '2014-03-07 23:45:30', NULL, NULL, NULL),
(27770, 315, 42, 108, NULL, NULL, NULL, '2014-03-07 23:45:31', NULL, NULL, NULL),
(27771, 345, 42, 107, NULL, NULL, NULL, '2014-03-07 23:45:31', NULL, NULL, NULL),
(27772, 305, 42, 107, NULL, NULL, NULL, '2014-03-07 23:45:31', NULL, NULL, NULL),
(27773, 325, 42, 107, NULL, NULL, NULL, '2014-03-07 23:45:31', NULL, NULL, NULL),
(27774, 511, 42, 107, NULL, NULL, NULL, '2014-03-07 23:45:31', NULL, NULL, NULL),
(27775, 235, 42, 106, NULL, NULL, NULL, '2014-03-07 23:45:30', NULL, NULL, NULL),
(27776, 345, 42, 108, NULL, NULL, NULL, '2014-03-07 23:45:31', NULL, NULL, NULL),
(27777, 215, 42, 106, NULL, 1, NULL, '2014-03-15 12:17:03', '2014-03-15 12:17:03', NULL, NULL),
(27778, 215, 42, 108, NULL, NULL, NULL, '2014-03-07 23:45:30', NULL, NULL, NULL),
(27779, 491, 42, 106, NULL, NULL, NULL, '2014-03-07 23:45:31', NULL, NULL, NULL),
(27780, 491, 42, 107, NULL, NULL, NULL, '2014-03-07 23:45:31', NULL, NULL, NULL),
(27781, 235, 42, 108, NULL, NULL, NULL, '2014-03-07 23:45:30', NULL, NULL, NULL),
(27782, 215, 42, 107, NULL, NULL, NULL, '2014-03-07 23:45:30', NULL, NULL, NULL),
(27783, 295, 42, 108, NULL, NULL, NULL, '2014-03-07 23:45:31', NULL, NULL, NULL),
(27784, 501, 42, 107, NULL, 1, NULL, '2014-03-08 09:54:34', '2014-03-08 09:54:34', NULL, NULL),
(27785, 285, 42, 108, NULL, NULL, NULL, '2014-03-07 23:45:31', NULL, NULL, NULL),
(27786, 235, 42, 107, NULL, NULL, NULL, '2014-03-07 23:45:30', NULL, NULL, NULL),
(27787, 201, 42, 108, NULL, NULL, NULL, '2014-03-07 23:45:30', NULL, NULL, NULL),
(27788, 255, 42, 108, NULL, NULL, NULL, '2014-03-07 23:45:30', NULL, NULL, NULL),
(27789, 335, 42, 106, NULL, NULL, NULL, '2014-03-07 23:45:31', NULL, NULL, NULL),
(27790, 255, 42, 107, NULL, NULL, NULL, '2014-03-07 23:45:30', NULL, NULL, NULL),
(27791, 285, 42, 106, NULL, NULL, NULL, '2014-03-07 23:45:31', NULL, NULL, NULL),
(27792, 716, 27, 59, NULL, 1, NULL, '2014-03-20 03:35:45', '2014-03-20 03:35:45', NULL, NULL),
(27793, 716, 13, 34, NULL, NULL, NULL, '2014-03-09 13:39:50', NULL, NULL, NULL),
(27794, 716, 12, 32, NULL, NULL, NULL, '2014-03-09 13:39:50', NULL, NULL, NULL),
(27795, 716, 16, 49, NULL, NULL, NULL, '2014-03-09 13:39:50', NULL, NULL, NULL),
(27796, 716, 7, 37, NULL, NULL, NULL, '2014-03-09 13:39:50', NULL, NULL, NULL),
(27797, 716, 33, 70, NULL, 1, NULL, '2014-03-11 14:54:53', '2014-03-11 14:54:53', NULL, NULL),
(27798, 716, 7, 19, NULL, NULL, NULL, '2014-03-09 13:39:50', NULL, NULL, NULL),
(27799, 716, 16, 50, NULL, NULL, NULL, '2014-03-09 13:39:50', NULL, NULL, NULL),
(27800, 716, 27, 69, NULL, 1, NULL, '2014-03-20 03:35:33', '2014-03-20 03:35:33', NULL, NULL),
(27801, 716, 8, 23, NULL, NULL, NULL, '2014-03-09 13:39:50', NULL, NULL, NULL),
(27802, 716, 13, 35, NULL, NULL, NULL, '2014-03-09 13:39:50', NULL, NULL, NULL),
(27803, 716, 27, 60, NULL, 1, NULL, '2014-03-20 03:35:59', '2014-03-20 03:35:59', NULL, NULL),
(27804, 716, 7, 40, NULL, NULL, NULL, '2014-03-09 13:39:50', NULL, NULL, NULL),
(27805, 716, 27, 68, NULL, NULL, NULL, '2014-03-09 13:39:50', NULL, NULL, NULL),
(27806, 716, 42, 108, NULL, NULL, NULL, '2014-03-09 13:39:50', NULL, NULL, NULL),
(27807, 716, 7, 26, NULL, NULL, NULL, '2014-03-09 13:39:50', NULL, NULL, NULL),
(27808, 716, 7, 38, NULL, NULL, NULL, '2014-03-09 13:39:50', NULL, NULL, NULL),
(27809, 716, 33, 71, NULL, 1, NULL, '2014-03-11 14:55:28', '2014-03-11 14:55:28', NULL, NULL),
(27810, 716, 8, 25, NULL, NULL, NULL, '2014-03-09 13:39:50', NULL, NULL, NULL),
(27811, 716, 8, 20, NULL, NULL, NULL, '2014-03-09 13:39:50', NULL, NULL, NULL),
(27812, 716, 16, 51, NULL, NULL, NULL, '2014-03-09 13:39:50', NULL, NULL, NULL),
(27813, 716, 9, 36, NULL, NULL, NULL, '2014-03-09 13:39:50', NULL, NULL, NULL),
(27814, 716, 14, 43, NULL, NULL, NULL, '2014-03-09 13:39:50', NULL, NULL, NULL),
(27815, 716, 7, 22, NULL, NULL, NULL, '2014-03-09 13:39:50', NULL, NULL, NULL),
(27816, 716, 27, 57, NULL, NULL, NULL, '2014-03-09 13:39:50', NULL, NULL, NULL),
(27817, 716, 7, 21, NULL, NULL, NULL, '2014-03-09 13:39:50', NULL, NULL, NULL),
(27818, 716, 12, 33, NULL, NULL, NULL, '2014-03-09 13:39:50', NULL, NULL, NULL),
(27819, 716, 33, 65, NULL, NULL, NULL, '2014-03-09 13:39:50', NULL, NULL, NULL),
(27820, 716, 7, 41, NULL, NULL, NULL, '2014-03-09 13:39:50', NULL, NULL, NULL),
(27821, 716, 12, 30, NULL, NULL, NULL, '2014-03-09 13:39:50', NULL, NULL, NULL),
(27822, 716, 14, 45, NULL, NULL, NULL, '2014-03-09 13:39:50', NULL, NULL, NULL),
(27823, 716, 42, 106, NULL, NULL, NULL, '2014-03-09 13:39:50', NULL, NULL, NULL),
(27824, 716, 33, 67, NULL, NULL, NULL, '2014-03-09 13:39:50', NULL, NULL, NULL),
(27825, 716, 14, 44, NULL, NULL, NULL, '2014-03-09 13:39:50', NULL, NULL, NULL),
(27826, 716, 16, 53, NULL, NULL, NULL, '2014-03-09 13:39:50', NULL, NULL, NULL),
(27827, 716, 7, 17, NULL, NULL, NULL, '2014-03-09 13:39:50', NULL, NULL, NULL),
(27828, 716, 16, 55, NULL, NULL, NULL, '2014-03-09 13:39:50', NULL, NULL, NULL),
(27829, 716, 8, 24, NULL, NULL, NULL, '2014-03-09 13:39:50', NULL, NULL, NULL),
(27830, 716, 14, 42, NULL, NULL, NULL, '2014-03-09 13:39:50', NULL, NULL, NULL),
(27831, 716, 7, 18, NULL, NULL, NULL, '2014-03-09 13:39:50', NULL, NULL, NULL),
(27832, 716, 16, 52, NULL, NULL, NULL, '2014-03-09 13:39:50', NULL, NULL, NULL),
(27833, 716, 7, 12, NULL, NULL, NULL, '2014-03-09 13:39:50', NULL, NULL, NULL),
(27834, 716, 27, 56, NULL, NULL, NULL, '2014-03-09 13:39:50', NULL, NULL, NULL),
(27835, 716, 9, 28, NULL, NULL, NULL, '2014-03-09 13:39:50', NULL, NULL, NULL),
(27836, 716, 9, 27, NULL, NULL, NULL, '2014-03-09 13:39:50', NULL, NULL, NULL),
(27837, 716, 27, 58, NULL, NULL, NULL, '2014-03-09 13:39:50', NULL, NULL, NULL),
(27838, 716, 16, 54, NULL, NULL, NULL, '2014-03-09 13:39:50', NULL, NULL, NULL),
(27839, 716, 15, 46, NULL, NULL, NULL, '2014-03-09 13:39:50', NULL, NULL, NULL),
(27840, 716, 33, 66, NULL, NULL, NULL, '2014-03-09 13:39:50', NULL, NULL, NULL),
(27841, 716, 42, 107, NULL, NULL, NULL, '2014-03-09 13:39:50', NULL, NULL, NULL),
(27842, 717, 37, 74, NULL, NULL, NULL, '2014-03-09 13:39:51', NULL, NULL, NULL),
(27843, 717, 28, 64, NULL, NULL, NULL, '2014-03-09 13:39:51', NULL, NULL, NULL),
(27844, 717, 37, 72, NULL, NULL, NULL, '2014-03-09 13:39:51', NULL, NULL, NULL),
(27845, 717, 29, 81, NULL, NULL, NULL, '2014-03-09 13:39:51', NULL, NULL, NULL),
(27846, 717, 37, 75, NULL, NULL, NULL, '2014-03-09 13:39:51', NULL, NULL, NULL),
(27847, 717, 30, 84, NULL, NULL, NULL, '2014-03-09 13:39:51', NULL, NULL, NULL),
(27848, 717, 29, 88, NULL, NULL, NULL, '2014-03-09 13:39:51', NULL, NULL, NULL),
(27849, 717, 29, 78, NULL, NULL, NULL, '2014-03-09 13:39:51', NULL, NULL, NULL),
(27850, 717, 30, 85, NULL, NULL, NULL, '2014-03-09 13:39:51', NULL, NULL, NULL),
(27851, 717, 37, 77, NULL, NULL, NULL, '2014-03-09 13:39:51', NULL, NULL, NULL),
(27852, 717, 29, 79, NULL, NULL, NULL, '2014-03-09 13:39:51', NULL, NULL, NULL),
(27853, 717, 37, 76, NULL, NULL, NULL, '2014-03-09 13:39:51', NULL, NULL, NULL),
(27854, 717, 37, 73, NULL, NULL, NULL, '2014-03-09 13:39:51', NULL, NULL, NULL),
(27855, 717, 29, 87, NULL, NULL, NULL, '2014-03-09 13:39:51', NULL, NULL, NULL),
(27856, 717, 37, 80, NULL, NULL, NULL, '2014-03-09 13:39:51', NULL, NULL, NULL),
(27857, 717, 30, 82, NULL, NULL, NULL, '2014-03-09 13:39:51', NULL, NULL, NULL),
(27858, 717, 28, 63, NULL, NULL, NULL, '2014-03-09 13:39:51', NULL, NULL, NULL),
(27859, 717, 28, 62, NULL, NULL, NULL, '2014-03-09 13:39:51', NULL, NULL, NULL),
(27860, 717, 29, 86, NULL, NULL, NULL, '2014-03-09 13:39:51', NULL, NULL, NULL),
(27861, 717, 28, 89, NULL, NULL, NULL, '2014-03-09 13:39:51', NULL, NULL, NULL),
(27862, 717, 28, 61, NULL, NULL, NULL, '2014-03-09 13:39:51', NULL, NULL, NULL),
(27863, 717, 30, 83, NULL, NULL, NULL, '2014-03-09 13:39:51', NULL, NULL, NULL),
(27864, 719, 40, 95, NULL, NULL, NULL, '2014-03-09 13:39:52', NULL, NULL, NULL),
(27865, 719, 41, 102, NULL, NULL, NULL, '2014-03-09 13:39:52', NULL, NULL, NULL),
(27866, 719, 40, 96, NULL, NULL, NULL, '2014-03-09 13:39:52', NULL, NULL, NULL),
(27867, 719, 41, 100, NULL, NULL, NULL, '2014-03-09 13:39:52', NULL, NULL, NULL),
(27868, 719, 41, 99, NULL, NULL, NULL, '2014-03-09 13:39:52', NULL, NULL, NULL),
(27869, 719, 41, 101, NULL, NULL, NULL, '2014-03-09 13:39:52', NULL, NULL, NULL),
(27870, 719, 40, 97, NULL, NULL, NULL, '2014-03-09 13:39:52', NULL, NULL, NULL),
(27871, 719, 41, 98, NULL, NULL, NULL, '2014-03-09 13:39:52', NULL, NULL, NULL),
(27872, 720, 38, 90, NULL, NULL, NULL, '2014-03-09 13:39:52', NULL, NULL, NULL),
(27873, 720, 38, 91, NULL, NULL, NULL, '2014-03-09 13:39:52', NULL, NULL, NULL),
(27874, 721, 5, 11, NULL, NULL, NULL, '2014-03-09 13:39:52', NULL, NULL, NULL),
(27875, 721, 5, 10, NULL, NULL, NULL, '2014-03-09 13:39:52', NULL, NULL, NULL),
(27876, 721, 5, 8, NULL, NULL, NULL, '2014-03-09 13:39:52', NULL, NULL, NULL),
(27877, 721, 4, 6, NULL, NULL, NULL, '2014-03-09 13:39:52', NULL, NULL, NULL),
(27878, 721, 5, 9, NULL, NULL, NULL, '2014-03-09 13:39:52', NULL, NULL, NULL),
(27879, 721, 5, 7, NULL, NULL, NULL, '2014-03-09 13:39:52', NULL, NULL, NULL),
(27880, 723, 36, 105, NULL, NULL, NULL, '2014-03-09 13:39:52', NULL, NULL, NULL),
(27881, 723, 36, 104, NULL, NULL, NULL, '2014-03-09 13:39:52', NULL, NULL, NULL),
(27882, 723, 36, 103, NULL, NULL, NULL, '2014-03-09 13:39:52', NULL, NULL, NULL),
(27883, 725, 39, 94, NULL, NULL, NULL, '2014-03-09 13:39:53', NULL, NULL, NULL),
(27884, 725, 39, 92, NULL, NULL, NULL, '2014-03-09 13:39:53', NULL, NULL, NULL),
(27885, 725, 39, 93, NULL, NULL, NULL, '2014-03-09 13:39:53', NULL, NULL, NULL),
(27886, 728, 15, 46, NULL, NULL, NULL, '2014-03-15 18:32:36', NULL, NULL, NULL),
(27887, 728, 9, 28, NULL, NULL, NULL, '2014-03-15 18:32:36', NULL, NULL, NULL),
(27888, 728, 16, 54, NULL, NULL, NULL, '2014-03-15 18:32:36', NULL, NULL, NULL),
(27889, 728, 42, 108, NULL, NULL, NULL, '2014-03-15 18:32:36', NULL, NULL, NULL),
(27890, 728, 33, 66, NULL, NULL, NULL, '2014-03-15 18:32:36', NULL, NULL, NULL),
(27891, 728, 13, 35, NULL, NULL, NULL, '2014-03-15 18:32:36', NULL, NULL, NULL),
(27892, 728, 7, 17, NULL, NULL, NULL, '2014-03-15 18:32:36', NULL, NULL, NULL),
(27893, 728, 33, 67, NULL, NULL, NULL, '2014-03-15 18:32:36', NULL, NULL, NULL),
(27894, 728, 16, 52, NULL, NULL, NULL, '2014-03-15 18:32:36', NULL, NULL, NULL),
(27895, 728, 27, 68, NULL, NULL, NULL, '2014-03-15 18:32:36', NULL, NULL, NULL),
(27896, 728, 33, 70, NULL, NULL, NULL, '2014-03-15 18:32:36', NULL, NULL, NULL),
(27897, 728, 12, 33, NULL, NULL, NULL, '2014-03-15 18:32:36', NULL, NULL, NULL),
(27898, 728, 7, 12, NULL, NULL, NULL, '2014-03-15 18:32:36', NULL, NULL, NULL),
(27899, 728, 7, 38, NULL, NULL, NULL, '2014-03-15 18:32:36', NULL, NULL, NULL),
(27900, 728, 8, 24, NULL, NULL, NULL, '2014-03-15 18:32:36', NULL, NULL, NULL),
(27901, 728, 7, 26, NULL, NULL, NULL, '2014-03-15 18:32:36', NULL, NULL, NULL),
(27902, 728, 7, 19, NULL, NULL, NULL, '2014-03-15 18:32:36', NULL, NULL, NULL),
(27903, 728, 7, 22, NULL, NULL, NULL, '2014-03-15 18:32:36', NULL, NULL, NULL),
(27904, 728, 12, 32, NULL, NULL, NULL, '2014-03-15 18:32:36', NULL, NULL, NULL),
(27905, 728, 16, 50, NULL, NULL, NULL, '2014-03-15 18:32:36', NULL, NULL, NULL),
(27906, 728, 7, 37, NULL, NULL, NULL, '2014-03-15 18:32:36', NULL, NULL, NULL),
(27907, 728, 7, 41, NULL, NULL, NULL, '2014-03-15 18:32:36', NULL, NULL, NULL),
(27908, 728, 16, 49, NULL, NULL, NULL, '2014-03-15 18:32:36', NULL, NULL, NULL),
(27909, 728, 9, 36, NULL, NULL, NULL, '2014-03-15 18:32:36', NULL, NULL, NULL),
(27910, 728, 42, 106, NULL, NULL, NULL, '2014-03-15 18:32:36', NULL, NULL, NULL),
(27911, 728, 42, 107, NULL, NULL, NULL, '2014-03-15 18:32:36', NULL, NULL, NULL),
(27912, 728, 14, 43, NULL, NULL, NULL, '2014-03-15 18:32:36', NULL, NULL, NULL),
(27913, 728, 27, 58, NULL, NULL, NULL, '2014-03-15 18:32:36', NULL, NULL, NULL),
(27914, 728, 8, 20, NULL, NULL, NULL, '2014-03-15 18:32:36', NULL, NULL, NULL),
(27915, 728, 33, 71, NULL, NULL, NULL, '2014-03-15 18:32:36', NULL, NULL, NULL),
(27916, 728, 12, 30, NULL, NULL, NULL, '2014-03-15 18:32:36', NULL, NULL, NULL),
(27917, 728, 13, 34, NULL, NULL, NULL, '2014-03-15 18:32:36', NULL, NULL, NULL),
(27918, 728, 7, 40, NULL, NULL, NULL, '2014-03-15 18:32:36', NULL, NULL, NULL),
(27919, 728, 16, 53, NULL, NULL, NULL, '2014-03-15 18:32:36', NULL, NULL, NULL),
(27920, 728, 9, 27, NULL, NULL, NULL, '2014-03-15 18:32:36', NULL, NULL, NULL),
(27921, 728, 16, 51, NULL, NULL, NULL, '2014-03-15 18:32:36', NULL, NULL, NULL),
(27922, 728, 7, 18, NULL, NULL, NULL, '2014-03-15 18:32:36', NULL, NULL, NULL),
(27923, 728, 16, 55, NULL, NULL, NULL, '2014-03-15 18:32:36', NULL, NULL, NULL),
(27924, 728, 14, 44, NULL, NULL, NULL, '2014-03-15 18:32:36', NULL, NULL, NULL),
(27925, 728, 8, 25, NULL, NULL, NULL, '2014-03-15 18:32:36', NULL, NULL, NULL),
(27926, 728, 8, 23, NULL, NULL, NULL, '2014-03-15 18:32:36', NULL, NULL, NULL),
(27927, 728, 7, 21, NULL, NULL, NULL, '2014-03-15 18:32:36', NULL, NULL, NULL),
(27928, 728, 14, 45, NULL, NULL, NULL, '2014-03-15 18:32:36', NULL, NULL, NULL),
(27929, 728, 27, 56, NULL, NULL, NULL, '2014-03-15 18:32:36', NULL, NULL, NULL),
(27930, 728, 33, 65, NULL, NULL, NULL, '2014-03-15 18:32:36', NULL, NULL, NULL),
(27931, 728, 27, 60, NULL, NULL, NULL, '2014-03-15 18:32:36', NULL, NULL, NULL),
(27932, 728, 27, 59, NULL, NULL, NULL, '2014-03-15 18:32:36', NULL, NULL, NULL),
(27933, 728, 27, 69, NULL, NULL, NULL, '2014-03-15 18:32:36', NULL, NULL, NULL),
(27934, 728, 27, 57, NULL, NULL, NULL, '2014-03-15 18:32:36', NULL, NULL, NULL),
(27935, 728, 14, 42, NULL, NULL, NULL, '2014-03-15 18:32:36', NULL, NULL, NULL),
(27936, 729, 37, 72, NULL, NULL, NULL, '2014-03-15 18:32:37', NULL, NULL, NULL),
(27937, 729, 37, 80, NULL, NULL, NULL, '2014-03-15 18:32:37', NULL, NULL, NULL),
(27938, 729, 29, 88, NULL, NULL, NULL, '2014-03-15 18:32:37', NULL, NULL, NULL),
(27939, 729, 29, 86, NULL, NULL, NULL, '2014-03-15 18:32:37', NULL, NULL, NULL),
(27940, 729, 30, 84, NULL, NULL, NULL, '2014-03-15 18:32:37', NULL, NULL, NULL),
(27941, 729, 30, 82, NULL, NULL, NULL, '2014-03-15 18:32:37', NULL, NULL, NULL),
(27942, 729, 30, 85, NULL, NULL, NULL, '2014-03-15 18:32:37', NULL, NULL, NULL),
(27943, 729, 37, 74, NULL, NULL, NULL, '2014-03-15 18:32:37', NULL, NULL, NULL),
(27944, 729, 29, 78, NULL, NULL, NULL, '2014-03-15 18:32:37', NULL, NULL, NULL),
(27945, 729, 28, 63, NULL, NULL, NULL, '2014-03-15 18:32:37', NULL, NULL, NULL),
(27946, 729, 37, 75, NULL, NULL, NULL, '2014-03-15 18:32:37', NULL, NULL, NULL),
(27947, 729, 29, 87, NULL, NULL, NULL, '2014-03-15 18:32:37', NULL, NULL, NULL),
(27948, 729, 30, 83, NULL, NULL, NULL, '2014-03-15 18:32:37', NULL, NULL, NULL),
(27949, 729, 28, 89, NULL, NULL, NULL, '2014-03-15 18:32:37', NULL, NULL, NULL),
(27950, 729, 37, 73, NULL, NULL, NULL, '2014-03-15 18:32:37', NULL, NULL, NULL),
(27951, 729, 29, 81, NULL, NULL, NULL, '2014-03-15 18:32:37', NULL, NULL, NULL),
(27952, 729, 28, 62, NULL, NULL, NULL, '2014-03-15 18:32:37', NULL, NULL, NULL),
(27953, 729, 28, 64, NULL, NULL, NULL, '2014-03-15 18:32:37', NULL, NULL, NULL),
(27954, 729, 37, 76, NULL, NULL, NULL, '2014-03-15 18:32:37', NULL, NULL, NULL),
(27955, 729, 29, 79, NULL, NULL, NULL, '2014-03-15 18:32:37', NULL, NULL, NULL),
(27956, 729, 28, 61, NULL, NULL, NULL, '2014-03-15 18:32:37', NULL, NULL, NULL);
INSERT INTO `courseTraineeActivity` (`courseTraineeActivityID`, `courseTraineeID`, `lessonID`, `activityID`, `ratingID`, `completedFlag`, `comment`, `dateUpdated`, `completionDate`, `refreshRequested`, `completionPercentage`) VALUES
(27957, 729, 37, 77, NULL, NULL, NULL, '2014-03-15 18:32:37', NULL, NULL, NULL),
(27958, 731, 40, 97, NULL, NULL, NULL, '2014-03-15 18:32:37', NULL, NULL, NULL),
(27959, 731, 41, 101, NULL, NULL, NULL, '2014-03-15 18:32:37', NULL, NULL, NULL),
(27960, 731, 41, 100, NULL, NULL, NULL, '2014-03-15 18:32:37', NULL, NULL, NULL),
(27961, 731, 41, 102, NULL, NULL, NULL, '2014-03-15 18:32:37', NULL, NULL, NULL),
(27962, 731, 41, 98, NULL, NULL, NULL, '2014-03-15 18:32:37', NULL, NULL, NULL),
(27963, 731, 41, 99, NULL, NULL, NULL, '2014-03-15 18:32:37', NULL, NULL, NULL),
(27964, 731, 40, 95, NULL, NULL, NULL, '2014-03-15 18:32:37', NULL, NULL, NULL),
(27965, 731, 40, 96, NULL, NULL, NULL, '2014-03-15 18:32:37', NULL, NULL, NULL),
(27966, 732, 38, 90, NULL, NULL, NULL, '2014-03-15 18:32:37', NULL, NULL, NULL),
(27967, 732, 38, 91, NULL, NULL, NULL, '2014-03-15 18:32:37', NULL, NULL, NULL),
(27968, 733, 5, 8, NULL, NULL, NULL, '2014-03-15 18:32:38', NULL, NULL, NULL),
(27969, 733, 5, 7, NULL, NULL, NULL, '2014-03-15 18:32:38', NULL, NULL, NULL),
(27970, 733, 5, 9, NULL, NULL, NULL, '2014-03-15 18:32:38', NULL, NULL, NULL),
(27971, 733, 4, 6, NULL, NULL, NULL, '2014-03-15 18:32:38', NULL, NULL, NULL),
(27972, 733, 5, 10, NULL, NULL, NULL, '2014-03-15 18:32:38', NULL, NULL, NULL),
(27973, 733, 5, 11, NULL, NULL, NULL, '2014-03-15 18:32:38', NULL, NULL, NULL),
(27974, 734, 43, 109, NULL, NULL, NULL, '2014-03-15 18:32:38', NULL, NULL, NULL),
(27975, 735, 36, 104, NULL, NULL, NULL, '2014-03-15 18:32:38', NULL, NULL, NULL),
(27976, 735, 36, 105, NULL, NULL, NULL, '2014-03-15 18:32:38', NULL, NULL, NULL),
(27977, 735, 36, 103, NULL, NULL, NULL, '2014-03-15 18:32:38', NULL, NULL, NULL),
(27978, 737, 39, 93, NULL, NULL, NULL, '2014-03-15 18:32:38', NULL, NULL, NULL),
(27979, 737, 39, 94, NULL, NULL, NULL, '2014-03-15 18:32:38', NULL, NULL, NULL),
(27980, 737, 39, 92, NULL, NULL, NULL, '2014-03-15 18:32:38', NULL, NULL, NULL),
(27981, 739, 46, 110, NULL, NULL, NULL, '2014-03-15 18:32:38', NULL, NULL, NULL),
(27982, 740, 12, 32, NULL, NULL, NULL, '2014-03-15 18:33:58', NULL, NULL, NULL),
(27983, 740, 27, 57, NULL, NULL, NULL, '2014-03-15 18:33:58', NULL, NULL, NULL),
(27984, 740, 7, 26, NULL, NULL, NULL, '2014-03-15 18:33:58', NULL, NULL, NULL),
(27985, 740, 7, 12, NULL, NULL, NULL, '2014-03-15 18:33:58', NULL, NULL, NULL),
(27986, 740, 14, 43, NULL, NULL, NULL, '2014-03-15 18:33:58', NULL, NULL, NULL),
(27987, 740, 8, 25, NULL, NULL, NULL, '2014-03-15 18:33:58', NULL, NULL, NULL),
(27988, 740, 7, 40, NULL, NULL, NULL, '2014-03-15 18:33:58', NULL, NULL, NULL),
(27989, 740, 7, 21, NULL, NULL, NULL, '2014-03-15 18:33:58', NULL, NULL, NULL),
(27990, 740, 42, 107, NULL, NULL, NULL, '2014-03-15 18:33:58', NULL, NULL, NULL),
(27991, 740, 7, 22, NULL, NULL, NULL, '2014-03-15 18:33:58', NULL, NULL, NULL),
(27992, 740, 7, 37, NULL, NULL, NULL, '2014-03-15 18:33:58', NULL, NULL, NULL),
(27993, 740, 8, 24, NULL, NULL, NULL, '2014-03-15 18:33:58', NULL, NULL, NULL),
(27994, 740, 9, 28, NULL, NULL, NULL, '2014-03-15 18:33:58', NULL, NULL, NULL),
(27995, 740, 16, 52, NULL, NULL, NULL, '2014-03-15 18:33:58', NULL, NULL, NULL),
(27996, 740, 9, 36, NULL, NULL, NULL, '2014-03-15 18:33:58', NULL, NULL, NULL),
(27997, 740, 27, 58, NULL, NULL, NULL, '2014-03-15 18:33:58', NULL, NULL, NULL),
(27998, 740, 33, 65, NULL, NULL, NULL, '2014-03-15 18:33:58', NULL, NULL, NULL),
(27999, 740, 42, 108, NULL, NULL, NULL, '2014-03-15 18:33:58', NULL, NULL, NULL),
(28000, 740, 7, 18, NULL, NULL, NULL, '2014-03-15 18:33:58', NULL, NULL, NULL),
(28001, 740, 8, 23, NULL, NULL, NULL, '2014-03-15 18:33:58', NULL, NULL, NULL),
(28002, 740, 16, 50, NULL, NULL, NULL, '2014-03-15 18:33:58', NULL, NULL, NULL),
(28003, 740, 7, 19, NULL, NULL, NULL, '2014-03-15 18:33:58', NULL, NULL, NULL),
(28004, 740, 16, 54, NULL, NULL, NULL, '2014-03-15 18:33:58', NULL, NULL, NULL),
(28005, 740, 33, 71, NULL, NULL, NULL, '2014-03-15 18:33:58', NULL, NULL, NULL),
(28006, 740, 7, 17, NULL, NULL, NULL, '2014-03-15 18:33:58', NULL, NULL, NULL),
(28007, 740, 33, 66, NULL, NULL, NULL, '2014-03-15 18:33:58', NULL, NULL, NULL),
(28008, 740, 14, 42, NULL, NULL, NULL, '2014-03-15 18:33:58', NULL, NULL, NULL),
(28009, 740, 12, 33, NULL, NULL, NULL, '2014-03-15 18:33:58', NULL, NULL, NULL),
(28010, 740, 16, 51, NULL, NULL, NULL, '2014-03-15 18:33:58', NULL, NULL, NULL),
(28011, 740, 12, 30, NULL, NULL, NULL, '2014-03-15 18:33:58', NULL, NULL, NULL),
(28012, 740, 27, 68, NULL, NULL, NULL, '2014-03-15 18:33:58', NULL, NULL, NULL),
(28013, 740, 9, 27, NULL, NULL, NULL, '2014-03-15 18:33:58', NULL, NULL, NULL),
(28014, 740, 16, 49, NULL, NULL, NULL, '2014-03-15 18:33:58', NULL, NULL, NULL),
(28015, 740, 7, 38, NULL, NULL, NULL, '2014-03-15 18:33:58', NULL, NULL, NULL),
(28016, 740, 16, 55, NULL, NULL, NULL, '2014-03-15 18:33:58', NULL, NULL, NULL),
(28017, 740, 27, 69, NULL, NULL, NULL, '2014-03-15 18:33:58', NULL, NULL, NULL),
(28018, 740, 13, 34, NULL, NULL, NULL, '2014-03-15 18:33:58', NULL, NULL, NULL),
(28019, 740, 33, 67, NULL, NULL, NULL, '2014-03-15 18:33:58', NULL, NULL, NULL),
(28020, 740, 8, 20, NULL, NULL, NULL, '2014-03-15 18:33:58', NULL, NULL, NULL),
(28021, 740, 27, 59, NULL, NULL, NULL, '2014-03-15 18:33:58', NULL, NULL, NULL),
(28022, 740, 42, 106, NULL, NULL, NULL, '2014-03-15 18:33:58', NULL, NULL, NULL),
(28023, 740, 15, 46, NULL, NULL, NULL, '2014-03-15 18:33:58', NULL, NULL, NULL),
(28024, 740, 14, 44, NULL, NULL, NULL, '2014-03-15 18:33:58', NULL, NULL, NULL),
(28025, 740, 33, 70, NULL, NULL, NULL, '2014-03-15 18:33:58', NULL, NULL, NULL),
(28026, 740, 27, 60, NULL, NULL, NULL, '2014-03-15 18:33:58', NULL, NULL, NULL),
(28027, 740, 16, 53, NULL, NULL, NULL, '2014-03-15 18:33:58', NULL, NULL, NULL),
(28028, 740, 27, 56, NULL, NULL, NULL, '2014-03-15 18:33:58', NULL, NULL, NULL),
(28029, 740, 14, 45, NULL, NULL, NULL, '2014-03-15 18:33:58', NULL, NULL, NULL),
(28030, 740, 13, 35, NULL, NULL, NULL, '2014-03-15 18:33:58', NULL, NULL, NULL),
(28031, 740, 7, 41, NULL, NULL, NULL, '2014-03-15 18:33:58', NULL, NULL, NULL),
(28032, 741, 37, 75, NULL, NULL, NULL, '2014-03-15 18:33:58', NULL, NULL, NULL),
(28033, 741, 29, 87, NULL, NULL, NULL, '2014-03-15 18:33:58', NULL, NULL, NULL),
(28034, 741, 29, 88, NULL, NULL, NULL, '2014-03-15 18:33:58', NULL, NULL, NULL),
(28035, 741, 28, 64, NULL, NULL, NULL, '2014-03-15 18:33:58', NULL, NULL, NULL),
(28036, 741, 28, 62, NULL, NULL, NULL, '2014-03-15 18:33:58', NULL, NULL, NULL),
(28037, 741, 30, 84, NULL, NULL, NULL, '2014-03-15 18:33:58', NULL, NULL, NULL),
(28038, 741, 28, 61, NULL, NULL, NULL, '2014-03-15 18:33:58', NULL, NULL, NULL),
(28039, 741, 37, 74, NULL, NULL, NULL, '2014-03-15 18:33:58', NULL, NULL, NULL),
(28040, 741, 37, 76, NULL, NULL, NULL, '2014-03-15 18:33:58', NULL, NULL, NULL),
(28041, 741, 30, 85, NULL, NULL, NULL, '2014-03-15 18:33:58', NULL, NULL, NULL),
(28042, 741, 37, 72, NULL, NULL, NULL, '2014-03-15 18:33:58', NULL, NULL, NULL),
(28043, 741, 37, 80, NULL, NULL, NULL, '2014-03-15 18:33:58', NULL, NULL, NULL),
(28044, 741, 30, 83, NULL, NULL, NULL, '2014-03-15 18:33:58', NULL, NULL, NULL),
(28045, 741, 37, 77, NULL, NULL, NULL, '2014-03-15 18:33:58', NULL, NULL, NULL),
(28046, 741, 29, 81, NULL, NULL, NULL, '2014-03-15 18:33:58', NULL, NULL, NULL),
(28047, 741, 28, 63, NULL, NULL, NULL, '2014-03-15 18:33:58', NULL, NULL, NULL),
(28048, 741, 29, 79, NULL, NULL, NULL, '2014-03-15 18:33:58', NULL, NULL, NULL),
(28049, 741, 29, 86, NULL, NULL, NULL, '2014-03-15 18:33:58', NULL, NULL, NULL),
(28050, 741, 29, 78, NULL, NULL, NULL, '2014-03-15 18:33:58', NULL, NULL, NULL),
(28051, 741, 37, 73, NULL, NULL, NULL, '2014-03-15 18:33:58', NULL, NULL, NULL),
(28052, 741, 28, 89, NULL, NULL, NULL, '2014-03-15 18:33:58', NULL, NULL, NULL),
(28053, 741, 30, 82, NULL, NULL, NULL, '2014-03-15 18:33:58', NULL, NULL, NULL),
(28054, 743, 41, 98, NULL, NULL, NULL, '2014-03-15 18:33:58', NULL, NULL, NULL),
(28055, 743, 41, 101, NULL, NULL, NULL, '2014-03-15 18:33:58', NULL, NULL, NULL),
(28056, 743, 40, 96, NULL, NULL, NULL, '2014-03-15 18:33:58', NULL, NULL, NULL),
(28057, 743, 41, 99, NULL, NULL, NULL, '2014-03-15 18:33:58', NULL, NULL, NULL),
(28058, 743, 40, 97, NULL, NULL, NULL, '2014-03-15 18:33:58', NULL, NULL, NULL),
(28059, 743, 41, 102, NULL, NULL, NULL, '2014-03-15 18:33:58', NULL, NULL, NULL),
(28060, 743, 40, 95, NULL, NULL, NULL, '2014-03-15 18:33:58', NULL, NULL, NULL),
(28061, 743, 41, 100, NULL, NULL, NULL, '2014-03-15 18:33:58', NULL, NULL, NULL),
(28062, 744, 38, 90, NULL, NULL, NULL, '2014-03-15 18:33:58', NULL, NULL, NULL),
(28063, 744, 38, 91, NULL, NULL, NULL, '2014-03-15 18:33:58', NULL, NULL, NULL),
(28064, 745, 5, 8, NULL, NULL, NULL, '2014-03-15 18:33:58', NULL, NULL, NULL),
(28065, 745, 4, 6, NULL, NULL, NULL, '2014-03-15 18:33:58', NULL, NULL, NULL),
(28066, 745, 5, 11, NULL, NULL, NULL, '2014-03-15 18:33:58', NULL, NULL, NULL),
(28067, 745, 5, 10, NULL, NULL, NULL, '2014-03-15 18:33:58', NULL, NULL, NULL),
(28068, 745, 5, 9, NULL, NULL, NULL, '2014-03-15 18:33:58', NULL, NULL, NULL),
(28069, 745, 5, 7, NULL, NULL, NULL, '2014-03-15 18:33:58', NULL, NULL, NULL),
(28070, 746, 43, 109, NULL, NULL, NULL, '2014-03-15 18:33:58', NULL, NULL, NULL),
(28071, 747, 36, 104, NULL, NULL, NULL, '2014-03-15 18:33:58', NULL, NULL, NULL),
(28072, 747, 36, 105, NULL, NULL, NULL, '2014-03-15 18:33:58', NULL, NULL, NULL),
(28073, 747, 36, 103, NULL, NULL, NULL, '2014-03-15 18:33:58', NULL, NULL, NULL),
(28074, 749, 39, 92, NULL, NULL, NULL, '2014-03-15 18:33:58', NULL, NULL, NULL),
(28075, 749, 39, 93, NULL, NULL, NULL, '2014-03-15 18:33:58', NULL, NULL, NULL),
(28076, 749, 39, 94, NULL, NULL, NULL, '2014-03-15 18:33:58', NULL, NULL, NULL),
(28077, 751, 46, 110, NULL, NULL, NULL, '2014-03-15 18:33:58', NULL, NULL, NULL),
(28078, 297, 43, 109, NULL, NULL, NULL, '2014-03-15 19:25:34', NULL, NULL, NULL),
(28079, 282, 46, 110, NULL, NULL, NULL, '2014-03-15 19:25:32', NULL, NULL, NULL),
(28080, 347, 43, 109, NULL, NULL, NULL, '2014-03-15 19:25:34', NULL, NULL, NULL),
(28081, 332, 46, 110, NULL, NULL, NULL, '2014-03-15 19:25:32', NULL, NULL, NULL),
(28082, 307, 43, 109, NULL, NULL, NULL, '2014-03-15 19:25:34', NULL, NULL, NULL),
(28083, 727, 46, 110, NULL, NULL, NULL, '2014-03-15 19:25:32', NULL, NULL, NULL),
(28084, 247, 43, 109, NULL, NULL, NULL, '2014-03-15 19:25:34', NULL, NULL, NULL),
(28085, 222, 46, 110, NULL, NULL, NULL, '2014-03-15 19:25:32', NULL, NULL, NULL),
(28086, 210, 46, 110, NULL, NULL, NULL, '2014-03-15 19:25:32', NULL, NULL, NULL),
(28087, 337, 43, 109, NULL, NULL, NULL, '2014-03-15 19:25:34', NULL, NULL, NULL),
(28088, 722, 43, 109, NULL, NULL, NULL, '2014-03-15 19:25:34', NULL, NULL, NULL),
(28089, 292, 46, 110, NULL, NULL, NULL, '2014-03-15 19:25:32', NULL, NULL, NULL),
(28090, 277, 43, 109, NULL, NULL, NULL, '2014-03-15 19:25:34', NULL, NULL, NULL),
(28091, 496, 43, 109, NULL, NULL, NULL, '2014-03-15 19:25:34', NULL, NULL, NULL),
(28092, 262, 46, 110, NULL, NULL, NULL, '2014-03-15 19:25:32', NULL, NULL, NULL),
(28093, 242, 46, 110, NULL, NULL, NULL, '2014-03-15 19:25:32', NULL, NULL, NULL),
(28094, 252, 46, 110, NULL, NULL, NULL, '2014-03-15 19:25:32', NULL, NULL, NULL),
(28095, 312, 46, 110, NULL, NULL, NULL, '2014-03-15 19:25:32', NULL, NULL, NULL),
(28096, 227, 43, 109, NULL, NULL, NULL, '2014-03-15 19:25:34', NULL, NULL, NULL),
(28097, 287, 43, 109, NULL, NULL, NULL, '2014-03-15 19:25:34', NULL, NULL, NULL),
(28098, 510, 46, 110, NULL, NULL, NULL, '2014-03-15 19:25:32', NULL, NULL, NULL),
(28099, 322, 46, 110, NULL, NULL, NULL, '2014-03-15 19:25:32', NULL, NULL, NULL),
(28100, 317, 43, 109, NULL, NULL, NULL, '2014-03-15 19:25:34', NULL, NULL, NULL),
(28101, 206, 43, 109, NULL, NULL, NULL, '2014-03-15 19:25:34', NULL, NULL, NULL),
(28102, 272, 46, 110, NULL, NULL, NULL, '2014-03-15 19:25:32', NULL, NULL, NULL),
(28103, 257, 43, 109, NULL, NULL, NULL, '2014-03-15 19:25:34', NULL, NULL, NULL),
(28104, 500, 46, 110, NULL, NULL, NULL, '2014-03-15 19:25:32', NULL, NULL, NULL),
(28105, 217, 43, 109, NULL, NULL, NULL, '2014-03-15 19:25:34', NULL, NULL, NULL),
(28106, 267, 43, 109, NULL, NULL, NULL, '2014-03-15 19:25:34', NULL, NULL, NULL),
(28107, 327, 43, 109, NULL, NULL, NULL, '2014-03-15 19:25:34', NULL, NULL, NULL),
(28108, 212, 46, 110, NULL, NULL, NULL, '2014-03-15 19:25:32', NULL, NULL, NULL),
(28109, 237, 43, 109, NULL, NULL, NULL, '2014-03-15 19:25:34', NULL, NULL, NULL),
(28110, 232, 46, 110, NULL, NULL, NULL, '2014-03-15 19:25:32', NULL, NULL, NULL),
(28111, 342, 46, 110, NULL, NULL, NULL, '2014-03-15 19:25:32', NULL, NULL, NULL),
(28112, 506, 43, 109, NULL, NULL, NULL, '2014-03-15 19:25:34', NULL, NULL, NULL),
(28113, 302, 46, 110, NULL, NULL, NULL, '2014-03-15 19:25:32', NULL, NULL, NULL),
(28114, 516, 43, 109, NULL, NULL, NULL, '2014-03-15 19:25:34', NULL, NULL, NULL),
(28115, 520, 46, 110, NULL, NULL, NULL, '2014-03-15 19:25:32', NULL, NULL, NULL),
(28116, 752, 8, 24, NULL, NULL, NULL, '2014-03-19 09:51:09', NULL, NULL, NULL),
(28117, 752, 33, 70, NULL, NULL, NULL, '2014-03-19 09:51:09', NULL, NULL, NULL),
(28118, 752, 33, 67, NULL, NULL, NULL, '2014-03-19 09:51:09', NULL, NULL, NULL),
(28119, 752, 27, 68, NULL, NULL, NULL, '2014-03-19 09:51:09', NULL, NULL, NULL),
(28120, 752, 7, 40, NULL, NULL, NULL, '2014-03-19 09:51:09', NULL, NULL, NULL),
(28121, 752, 8, 25, NULL, NULL, NULL, '2014-03-19 09:51:09', NULL, NULL, NULL),
(28122, 752, 42, 108, NULL, NULL, NULL, '2014-03-19 09:51:09', NULL, NULL, NULL),
(28123, 752, 27, 59, NULL, NULL, NULL, '2014-03-19 09:51:09', NULL, NULL, NULL),
(28124, 752, 33, 71, NULL, NULL, NULL, '2014-03-19 09:51:09', NULL, NULL, NULL),
(28125, 752, 16, 49, NULL, NULL, NULL, '2014-03-19 09:51:09', NULL, NULL, NULL),
(28126, 752, 16, 53, NULL, NULL, NULL, '2014-03-19 09:51:09', NULL, NULL, NULL),
(28127, 752, 12, 30, NULL, NULL, NULL, '2014-03-19 09:51:09', NULL, NULL, NULL),
(28128, 752, 12, 32, NULL, NULL, NULL, '2014-03-19 09:51:09', NULL, NULL, NULL),
(28129, 752, 7, 21, NULL, NULL, NULL, '2014-03-19 09:51:09', NULL, NULL, NULL),
(28130, 752, 9, 27, NULL, NULL, NULL, '2014-03-19 09:51:09', NULL, NULL, NULL),
(28131, 752, 33, 66, NULL, NULL, NULL, '2014-03-19 09:51:09', NULL, NULL, NULL),
(28132, 752, 14, 43, NULL, NULL, NULL, '2014-03-19 09:51:09', NULL, NULL, NULL),
(28133, 752, 27, 58, NULL, NULL, NULL, '2014-03-19 09:51:09', NULL, NULL, NULL),
(28134, 752, 16, 54, NULL, NULL, NULL, '2014-03-19 09:51:09', NULL, NULL, NULL),
(28135, 752, 7, 41, NULL, NULL, NULL, '2014-03-19 09:51:09', NULL, NULL, NULL),
(28136, 752, 12, 33, NULL, NULL, NULL, '2014-03-19 09:51:09', NULL, NULL, NULL),
(28137, 752, 7, 38, NULL, NULL, NULL, '2014-03-19 09:51:09', NULL, NULL, NULL),
(28138, 752, 16, 50, NULL, NULL, NULL, '2014-03-19 09:51:09', NULL, NULL, NULL),
(28139, 752, 14, 45, NULL, NULL, NULL, '2014-03-19 09:51:09', NULL, NULL, NULL),
(28140, 752, 14, 44, NULL, NULL, NULL, '2014-03-19 09:51:09', NULL, NULL, NULL),
(28141, 752, 27, 60, NULL, NULL, NULL, '2014-03-19 09:51:09', NULL, NULL, NULL),
(28142, 752, 7, 12, NULL, NULL, NULL, '2014-03-19 09:51:09', NULL, NULL, NULL),
(28143, 752, 9, 36, NULL, NULL, NULL, '2014-03-19 09:51:09', NULL, NULL, NULL),
(28144, 752, 7, 37, NULL, NULL, NULL, '2014-03-19 09:51:09', NULL, NULL, NULL),
(28145, 752, 15, 46, NULL, NULL, NULL, '2014-03-19 09:51:09', NULL, NULL, NULL),
(28146, 752, 42, 106, NULL, NULL, NULL, '2014-03-19 09:51:09', NULL, NULL, NULL),
(28147, 752, 8, 20, NULL, NULL, NULL, '2014-03-19 09:51:09', NULL, NULL, NULL),
(28148, 752, 7, 17, NULL, NULL, NULL, '2014-03-19 09:51:09', NULL, NULL, NULL),
(28149, 752, 8, 23, NULL, NULL, NULL, '2014-03-19 09:51:09', NULL, NULL, NULL),
(28150, 752, 14, 42, NULL, NULL, NULL, '2014-03-19 09:51:09', NULL, NULL, NULL),
(28151, 752, 16, 51, NULL, NULL, NULL, '2014-03-19 09:51:09', NULL, NULL, NULL),
(28152, 752, 33, 65, NULL, NULL, NULL, '2014-03-19 09:51:09', NULL, NULL, NULL),
(28153, 752, 27, 69, NULL, NULL, NULL, '2014-03-19 09:51:09', NULL, NULL, NULL),
(28154, 752, 7, 26, NULL, NULL, NULL, '2014-03-19 09:51:09', NULL, NULL, NULL),
(28155, 752, 7, 18, NULL, NULL, NULL, '2014-03-19 09:51:09', NULL, NULL, NULL),
(28156, 752, 16, 52, NULL, NULL, NULL, '2014-03-19 09:51:09', NULL, NULL, NULL),
(28157, 752, 13, 34, NULL, NULL, NULL, '2014-03-19 09:51:09', NULL, NULL, NULL),
(28158, 752, 42, 107, NULL, NULL, NULL, '2014-03-19 09:51:09', NULL, NULL, NULL),
(28159, 752, 27, 57, NULL, NULL, NULL, '2014-03-19 09:51:09', NULL, NULL, NULL),
(28160, 752, 16, 55, NULL, NULL, NULL, '2014-03-19 09:51:09', NULL, NULL, NULL),
(28161, 752, 7, 22, NULL, NULL, NULL, '2014-03-19 09:51:09', NULL, NULL, NULL),
(28162, 752, 9, 28, NULL, NULL, NULL, '2014-03-19 09:51:09', NULL, NULL, NULL),
(28163, 752, 7, 19, NULL, NULL, NULL, '2014-03-19 09:51:09', NULL, NULL, NULL),
(28164, 752, 27, 56, NULL, NULL, NULL, '2014-03-19 09:51:09', NULL, NULL, NULL),
(28165, 752, 13, 35, NULL, NULL, NULL, '2014-03-19 09:51:09', NULL, NULL, NULL),
(28166, 753, 29, 87, NULL, NULL, NULL, '2014-03-19 09:51:09', NULL, NULL, NULL),
(28167, 753, 28, 61, NULL, NULL, NULL, '2014-03-19 09:51:09', NULL, NULL, NULL),
(28168, 753, 37, 76, NULL, NULL, NULL, '2014-03-19 09:51:09', NULL, NULL, NULL),
(28169, 753, 30, 83, NULL, NULL, NULL, '2014-03-19 09:51:09', NULL, NULL, NULL),
(28170, 753, 37, 72, NULL, NULL, NULL, '2014-03-19 09:51:09', NULL, NULL, NULL),
(28171, 753, 28, 62, NULL, NULL, NULL, '2014-03-19 09:51:09', NULL, NULL, NULL),
(28172, 753, 37, 74, NULL, NULL, NULL, '2014-03-19 09:51:09', NULL, NULL, NULL),
(28173, 753, 29, 78, NULL, NULL, NULL, '2014-03-19 09:51:09', NULL, NULL, NULL),
(28174, 753, 37, 73, NULL, NULL, NULL, '2014-03-19 09:51:09', NULL, NULL, NULL),
(28175, 753, 29, 81, NULL, NULL, NULL, '2014-03-19 09:51:09', NULL, NULL, NULL),
(28176, 753, 37, 77, NULL, NULL, NULL, '2014-03-19 09:51:09', NULL, NULL, NULL),
(28177, 753, 29, 88, NULL, NULL, NULL, '2014-03-19 09:51:09', NULL, NULL, NULL),
(28178, 753, 28, 89, NULL, NULL, NULL, '2014-03-19 09:51:09', NULL, NULL, NULL),
(28179, 753, 30, 85, NULL, NULL, NULL, '2014-03-19 09:51:09', NULL, NULL, NULL),
(28180, 753, 29, 79, NULL, NULL, NULL, '2014-03-19 09:51:09', NULL, NULL, NULL),
(28181, 753, 29, 86, NULL, NULL, NULL, '2014-03-19 09:51:09', NULL, NULL, NULL),
(28182, 753, 28, 63, NULL, NULL, NULL, '2014-03-19 09:51:09', NULL, NULL, NULL),
(28183, 753, 37, 80, NULL, NULL, NULL, '2014-03-19 09:51:09', NULL, NULL, NULL),
(28184, 753, 28, 64, NULL, NULL, NULL, '2014-03-19 09:51:09', NULL, NULL, NULL),
(28185, 753, 37, 75, NULL, NULL, NULL, '2014-03-19 09:51:09', NULL, NULL, NULL),
(28186, 753, 30, 84, NULL, NULL, NULL, '2014-03-19 09:51:09', NULL, NULL, NULL),
(28187, 753, 30, 82, NULL, NULL, NULL, '2014-03-19 09:51:09', NULL, NULL, NULL),
(28188, 755, 5, 9, NULL, NULL, NULL, '2014-03-19 09:51:10', NULL, NULL, NULL),
(28189, 755, 5, 8, NULL, NULL, NULL, '2014-03-19 09:51:10', NULL, NULL, NULL),
(28190, 755, 5, 10, NULL, NULL, NULL, '2014-03-19 09:51:10', NULL, NULL, NULL),
(28191, 755, 5, 11, NULL, NULL, NULL, '2014-03-19 09:51:10', NULL, NULL, NULL),
(28192, 755, 5, 7, NULL, NULL, NULL, '2014-03-19 09:51:10', NULL, NULL, NULL),
(28193, 755, 4, 6, NULL, NULL, NULL, '2014-03-19 09:51:10', NULL, NULL, NULL),
(28194, 756, 43, 109, NULL, NULL, NULL, '2014-03-19 09:51:10', NULL, NULL, NULL),
(28195, 757, 36, 105, NULL, NULL, NULL, '2014-03-19 09:51:10', NULL, NULL, NULL),
(28196, 757, 36, 104, NULL, NULL, NULL, '2014-03-19 09:51:10', NULL, NULL, NULL),
(28197, 757, 36, 103, NULL, NULL, NULL, '2014-03-19 09:51:10', NULL, NULL, NULL),
(28198, 760, 46, 110, NULL, NULL, NULL, '2014-03-19 09:51:10', NULL, NULL, NULL),
(28199, 761, 16, 55, NULL, NULL, NULL, '2014-03-19 10:10:56', NULL, NULL, NULL),
(28200, 761, 16, 51, NULL, NULL, NULL, '2014-03-19 10:10:56', NULL, NULL, NULL),
(28201, 761, 14, 45, NULL, NULL, NULL, '2014-03-19 10:10:56', NULL, NULL, NULL),
(28202, 761, 33, 71, NULL, NULL, NULL, '2014-03-19 10:10:56', NULL, NULL, NULL),
(28203, 761, 42, 107, NULL, NULL, NULL, '2014-03-19 10:10:56', NULL, NULL, NULL),
(28204, 761, 12, 33, NULL, NULL, NULL, '2014-03-19 10:10:56', NULL, NULL, NULL),
(28205, 761, 42, 106, NULL, NULL, NULL, '2014-03-19 10:10:56', NULL, NULL, NULL),
(28206, 761, 7, 19, NULL, NULL, NULL, '2014-03-19 10:10:56', NULL, NULL, NULL),
(28207, 761, 13, 35, NULL, NULL, NULL, '2014-03-19 10:10:56', NULL, NULL, NULL),
(28208, 761, 8, 25, NULL, NULL, NULL, '2014-03-19 10:10:56', NULL, NULL, NULL),
(28209, 761, 16, 53, NULL, NULL, NULL, '2014-03-19 10:10:56', NULL, NULL, NULL),
(28210, 761, 9, 28, NULL, NULL, NULL, '2014-03-19 10:10:56', NULL, NULL, NULL),
(28211, 761, 7, 26, NULL, NULL, NULL, '2014-03-19 10:10:56', NULL, NULL, NULL),
(28212, 761, 12, 32, NULL, NULL, NULL, '2014-03-19 10:10:56', NULL, NULL, NULL),
(28213, 761, 7, 41, NULL, NULL, NULL, '2014-03-19 10:10:56', NULL, NULL, NULL),
(28214, 761, 33, 67, NULL, NULL, NULL, '2014-03-19 10:10:56', NULL, NULL, NULL),
(28215, 761, 27, 68, NULL, NULL, NULL, '2014-03-19 10:10:56', NULL, NULL, NULL),
(28216, 761, 33, 70, NULL, NULL, NULL, '2014-03-19 10:10:56', NULL, NULL, NULL),
(28217, 761, 42, 108, NULL, NULL, NULL, '2014-03-19 10:10:56', NULL, NULL, NULL),
(28218, 761, 27, 59, NULL, NULL, NULL, '2014-03-19 10:10:56', NULL, NULL, NULL),
(28219, 761, 7, 37, NULL, NULL, NULL, '2014-03-19 10:10:56', NULL, NULL, NULL),
(28220, 761, 16, 52, NULL, NULL, NULL, '2014-03-19 10:10:56', NULL, NULL, NULL),
(28221, 761, 33, 65, NULL, NULL, NULL, '2014-03-19 10:10:56', NULL, NULL, NULL),
(28222, 761, 13, 34, NULL, NULL, NULL, '2014-03-19 10:10:56', NULL, NULL, NULL),
(28223, 761, 8, 23, NULL, NULL, NULL, '2014-03-19 10:10:56', NULL, NULL, NULL),
(28224, 761, 27, 56, NULL, NULL, NULL, '2014-03-19 10:10:56', NULL, NULL, NULL),
(28225, 761, 7, 17, NULL, NULL, NULL, '2014-03-19 10:10:56', NULL, NULL, NULL),
(28226, 761, 14, 43, NULL, NULL, NULL, '2014-03-19 10:10:56', NULL, NULL, NULL),
(28227, 761, 14, 44, NULL, NULL, NULL, '2014-03-19 10:10:56', NULL, NULL, NULL),
(28228, 761, 15, 46, NULL, NULL, NULL, '2014-03-19 10:10:56', NULL, NULL, NULL),
(28229, 761, 7, 12, NULL, NULL, NULL, '2014-03-19 10:10:56', NULL, NULL, NULL),
(28230, 761, 27, 60, NULL, NULL, NULL, '2014-03-19 10:10:56', NULL, NULL, NULL),
(28231, 761, 16, 50, NULL, NULL, NULL, '2014-03-19 10:10:56', NULL, NULL, NULL),
(28232, 761, 7, 21, NULL, NULL, NULL, '2014-03-19 10:10:56', NULL, NULL, NULL),
(28233, 761, 33, 66, NULL, NULL, NULL, '2014-03-19 10:10:56', NULL, NULL, NULL),
(28234, 761, 9, 27, NULL, NULL, NULL, '2014-03-19 10:10:56', NULL, NULL, NULL),
(28235, 761, 12, 30, NULL, NULL, NULL, '2014-03-19 10:10:56', NULL, NULL, NULL),
(28236, 761, 8, 24, NULL, NULL, NULL, '2014-03-19 10:10:56', NULL, NULL, NULL),
(28237, 761, 27, 57, NULL, NULL, NULL, '2014-03-19 10:10:56', NULL, NULL, NULL),
(28238, 761, 14, 42, NULL, NULL, NULL, '2014-03-19 10:10:56', NULL, NULL, NULL),
(28239, 761, 7, 22, NULL, NULL, NULL, '2014-03-19 10:10:56', NULL, NULL, NULL),
(28240, 761, 16, 54, NULL, NULL, NULL, '2014-03-19 10:10:56', NULL, NULL, NULL),
(28241, 761, 8, 20, NULL, NULL, NULL, '2014-03-19 10:10:56', NULL, NULL, NULL),
(28242, 761, 7, 38, NULL, NULL, NULL, '2014-03-19 10:10:56', NULL, NULL, NULL),
(28243, 761, 16, 49, NULL, NULL, NULL, '2014-03-19 10:10:56', NULL, NULL, NULL),
(28244, 761, 7, 40, NULL, NULL, NULL, '2014-03-19 10:10:56', NULL, NULL, NULL),
(28245, 761, 27, 58, NULL, NULL, NULL, '2014-03-19 10:10:56', NULL, NULL, NULL),
(28246, 761, 7, 18, NULL, NULL, NULL, '2014-03-19 10:10:56', NULL, NULL, NULL),
(28247, 761, 27, 69, NULL, NULL, NULL, '2014-03-19 10:10:56', NULL, NULL, NULL),
(28248, 761, 9, 36, NULL, NULL, NULL, '2014-03-19 10:10:56', NULL, NULL, NULL),
(28249, 762, 30, 84, NULL, NULL, NULL, '2014-03-19 10:10:57', NULL, NULL, NULL),
(28250, 762, 28, 62, NULL, NULL, NULL, '2014-03-19 10:10:57', NULL, NULL, NULL),
(28251, 762, 28, 63, NULL, NULL, NULL, '2014-03-19 10:10:57', NULL, NULL, NULL),
(28252, 762, 37, 72, NULL, NULL, NULL, '2014-03-19 10:10:57', NULL, NULL, NULL),
(28253, 762, 30, 83, NULL, NULL, NULL, '2014-03-19 10:10:57', NULL, NULL, NULL),
(28254, 762, 37, 77, NULL, NULL, NULL, '2014-03-19 10:10:57', NULL, NULL, NULL),
(28255, 762, 28, 61, NULL, NULL, NULL, '2014-03-19 10:10:57', NULL, NULL, NULL),
(28256, 762, 29, 81, NULL, NULL, NULL, '2014-03-19 10:10:57', NULL, NULL, NULL),
(28257, 762, 29, 87, NULL, NULL, NULL, '2014-03-19 10:10:57', NULL, NULL, NULL),
(28258, 762, 37, 76, NULL, NULL, NULL, '2014-03-19 10:10:57', NULL, NULL, NULL),
(28259, 762, 30, 82, NULL, NULL, NULL, '2014-03-19 10:10:57', NULL, NULL, NULL),
(28260, 762, 28, 64, NULL, NULL, NULL, '2014-03-19 10:10:57', NULL, NULL, NULL),
(28261, 762, 29, 88, NULL, NULL, NULL, '2014-03-19 10:10:57', NULL, NULL, NULL),
(28262, 762, 37, 80, NULL, NULL, NULL, '2014-03-19 10:10:57', NULL, NULL, NULL),
(28263, 762, 37, 74, NULL, NULL, NULL, '2014-03-19 10:10:57', NULL, NULL, NULL),
(28264, 762, 37, 73, NULL, NULL, NULL, '2014-03-19 10:10:57', NULL, NULL, NULL),
(28265, 762, 28, 89, NULL, NULL, NULL, '2014-03-19 10:10:57', NULL, NULL, NULL),
(28266, 762, 29, 86, NULL, NULL, NULL, '2014-03-19 10:10:57', NULL, NULL, NULL),
(28267, 762, 29, 78, NULL, NULL, NULL, '2014-03-19 10:10:57', NULL, NULL, NULL),
(28268, 762, 30, 85, NULL, NULL, NULL, '2014-03-19 10:10:57', NULL, NULL, NULL),
(28269, 762, 29, 79, NULL, NULL, NULL, '2014-03-19 10:10:57', NULL, NULL, NULL),
(28270, 762, 37, 75, NULL, NULL, NULL, '2014-03-19 10:10:57', NULL, NULL, NULL),
(28271, 764, 5, 11, NULL, NULL, NULL, '2014-03-19 10:10:57', NULL, NULL, NULL),
(28272, 764, 5, 9, NULL, NULL, NULL, '2014-03-19 10:10:57', NULL, NULL, NULL),
(28273, 764, 5, 10, NULL, NULL, NULL, '2014-03-19 10:10:57', NULL, NULL, NULL),
(28274, 764, 5, 7, NULL, NULL, NULL, '2014-03-19 10:10:57', NULL, NULL, NULL),
(28275, 764, 4, 6, NULL, NULL, NULL, '2014-03-19 10:10:57', NULL, NULL, NULL),
(28276, 764, 5, 8, NULL, NULL, NULL, '2014-03-19 10:10:57', NULL, NULL, NULL),
(28277, 765, 43, 109, NULL, NULL, NULL, '2014-03-19 10:10:58', NULL, NULL, NULL),
(28278, 766, 36, 105, NULL, NULL, NULL, '2014-03-19 10:10:58', NULL, NULL, NULL),
(28279, 766, 36, 104, NULL, NULL, NULL, '2014-03-19 10:10:58', NULL, NULL, NULL),
(28280, 766, 36, 103, NULL, NULL, NULL, '2014-03-19 10:10:58', NULL, NULL, NULL),
(28281, 769, 46, 110, NULL, NULL, NULL, '2014-03-19 10:10:58', NULL, NULL, NULL),
(28282, 770, 16, 49, NULL, NULL, NULL, '2014-03-19 10:47:21', NULL, NULL, NULL),
(28283, 770, 7, 18, NULL, NULL, NULL, '2014-03-19 10:47:21', NULL, NULL, NULL),
(28284, 770, 7, 12, NULL, NULL, NULL, '2014-03-19 10:47:21', NULL, NULL, NULL),
(28285, 770, 7, 41, NULL, NULL, NULL, '2014-03-19 10:47:21', NULL, NULL, NULL),
(28286, 770, 14, 43, NULL, NULL, NULL, '2014-03-19 10:47:21', NULL, NULL, NULL),
(28287, 770, 16, 51, NULL, NULL, NULL, '2014-03-19 10:47:21', NULL, NULL, NULL),
(28288, 770, 9, 36, NULL, NULL, NULL, '2014-03-19 10:47:21', NULL, NULL, NULL),
(28289, 770, 33, 70, NULL, NULL, NULL, '2014-03-19 10:47:21', NULL, NULL, NULL),
(28290, 770, 42, 106, NULL, NULL, NULL, '2014-03-19 10:47:21', NULL, NULL, NULL),
(28291, 770, 27, 59, NULL, NULL, NULL, '2014-03-19 10:47:21', NULL, NULL, NULL),
(28292, 770, 9, 28, NULL, NULL, NULL, '2014-03-19 10:47:21', NULL, NULL, NULL),
(28293, 770, 12, 33, NULL, NULL, NULL, '2014-03-19 10:47:21', NULL, NULL, NULL),
(28294, 770, 33, 67, NULL, NULL, NULL, '2014-03-19 10:47:21', NULL, NULL, NULL),
(28295, 770, 7, 22, NULL, NULL, NULL, '2014-03-19 10:47:21', NULL, NULL, NULL),
(28296, 770, 7, 26, NULL, NULL, NULL, '2014-03-19 10:47:21', NULL, NULL, NULL),
(28297, 770, 9, 27, NULL, NULL, NULL, '2014-03-19 10:47:21', NULL, NULL, NULL),
(28298, 770, 7, 38, NULL, NULL, NULL, '2014-03-19 10:47:21', NULL, NULL, NULL),
(28299, 770, 33, 65, NULL, NULL, NULL, '2014-03-19 10:47:21', NULL, NULL, NULL),
(28300, 770, 33, 66, NULL, NULL, NULL, '2014-03-19 10:47:21', NULL, NULL, NULL),
(28301, 770, 7, 40, NULL, NULL, NULL, '2014-03-19 10:47:21', NULL, NULL, NULL),
(28302, 770, 42, 107, NULL, NULL, NULL, '2014-03-19 10:47:21', NULL, NULL, NULL),
(28303, 770, 13, 34, NULL, NULL, NULL, '2014-03-19 10:47:21', NULL, NULL, NULL),
(28304, 770, 12, 30, NULL, NULL, NULL, '2014-03-19 10:47:21', NULL, NULL, NULL),
(28305, 770, 8, 25, NULL, NULL, NULL, '2014-03-19 10:47:21', NULL, NULL, NULL),
(28306, 770, 27, 60, NULL, NULL, NULL, '2014-03-19 10:47:21', NULL, NULL, NULL),
(28307, 770, 27, 68, NULL, NULL, NULL, '2014-03-19 10:47:21', NULL, NULL, NULL),
(28308, 770, 16, 53, NULL, NULL, NULL, '2014-03-19 10:47:21', NULL, NULL, NULL),
(28309, 770, 33, 71, NULL, NULL, NULL, '2014-03-19 10:47:21', NULL, NULL, NULL),
(28310, 770, 16, 50, NULL, NULL, NULL, '2014-03-19 10:47:21', NULL, NULL, NULL),
(28311, 770, 15, 46, NULL, NULL, NULL, '2014-03-19 10:47:21', NULL, NULL, NULL),
(28312, 770, 7, 19, NULL, NULL, NULL, '2014-03-19 10:47:21', NULL, NULL, NULL),
(28313, 770, 13, 35, NULL, NULL, NULL, '2014-03-19 10:47:21', NULL, NULL, NULL),
(28314, 770, 16, 52, NULL, NULL, NULL, '2014-03-19 10:47:21', NULL, NULL, NULL),
(28315, 770, 27, 69, NULL, NULL, NULL, '2014-03-19 10:47:21', NULL, NULL, NULL),
(28316, 770, 7, 21, NULL, NULL, NULL, '2014-03-19 10:47:21', NULL, NULL, NULL),
(28317, 770, 14, 44, NULL, NULL, NULL, '2014-03-19 10:47:21', NULL, NULL, NULL),
(28318, 770, 42, 108, NULL, NULL, NULL, '2014-03-19 10:47:21', NULL, NULL, NULL),
(28319, 770, 27, 58, NULL, NULL, NULL, '2014-03-19 10:47:21', NULL, NULL, NULL),
(28320, 770, 7, 17, NULL, NULL, NULL, '2014-03-19 10:47:21', NULL, NULL, NULL),
(28321, 770, 8, 20, NULL, NULL, NULL, '2014-03-19 10:47:21', NULL, NULL, NULL),
(28322, 770, 16, 54, NULL, NULL, NULL, '2014-03-19 10:47:21', NULL, NULL, NULL),
(28323, 770, 27, 56, NULL, NULL, NULL, '2014-03-19 10:47:21', NULL, NULL, NULL),
(28324, 770, 27, 57, NULL, NULL, NULL, '2014-03-19 10:47:21', NULL, NULL, NULL),
(28325, 770, 14, 45, NULL, NULL, NULL, '2014-03-19 10:47:21', NULL, NULL, NULL),
(28326, 770, 7, 37, NULL, NULL, NULL, '2014-03-19 10:47:21', NULL, NULL, NULL),
(28327, 770, 8, 24, NULL, NULL, NULL, '2014-03-19 10:47:21', NULL, NULL, NULL),
(28328, 770, 14, 42, NULL, NULL, NULL, '2014-03-19 10:47:21', NULL, NULL, NULL),
(28329, 770, 8, 23, NULL, NULL, NULL, '2014-03-19 10:47:21', NULL, NULL, NULL),
(28330, 770, 12, 32, NULL, NULL, NULL, '2014-03-19 10:47:21', NULL, NULL, NULL),
(28331, 770, 16, 55, NULL, NULL, NULL, '2014-03-19 10:47:21', NULL, NULL, NULL),
(28332, 771, 37, 76, NULL, NULL, NULL, '2014-03-19 10:47:21', NULL, NULL, NULL),
(28333, 771, 30, 84, NULL, NULL, NULL, '2014-03-19 10:47:21', NULL, NULL, NULL),
(28334, 771, 29, 79, NULL, NULL, NULL, '2014-03-19 10:47:21', NULL, NULL, NULL),
(28335, 771, 29, 81, NULL, NULL, NULL, '2014-03-19 10:47:21', NULL, NULL, NULL),
(28336, 771, 28, 61, NULL, NULL, NULL, '2014-03-19 10:47:21', NULL, NULL, NULL),
(28337, 771, 37, 73, NULL, NULL, NULL, '2014-03-19 10:47:21', NULL, NULL, NULL),
(28338, 771, 37, 74, NULL, NULL, NULL, '2014-03-19 10:47:21', NULL, NULL, NULL),
(28339, 771, 28, 62, NULL, NULL, NULL, '2014-03-19 10:47:21', NULL, NULL, NULL),
(28340, 771, 30, 82, NULL, NULL, NULL, '2014-03-19 10:47:21', NULL, NULL, NULL),
(28341, 771, 29, 88, NULL, NULL, NULL, '2014-03-19 10:47:21', NULL, NULL, NULL),
(28342, 771, 37, 72, NULL, NULL, NULL, '2014-03-19 10:47:21', NULL, NULL, NULL),
(28343, 771, 29, 86, NULL, NULL, NULL, '2014-03-19 10:47:21', NULL, NULL, NULL),
(28344, 771, 28, 63, NULL, NULL, NULL, '2014-03-19 10:47:21', NULL, NULL, NULL),
(28345, 771, 37, 75, NULL, NULL, NULL, '2014-03-19 10:47:21', NULL, NULL, NULL),
(28346, 771, 30, 85, NULL, NULL, NULL, '2014-03-19 10:47:21', NULL, NULL, NULL),
(28347, 771, 37, 80, NULL, NULL, NULL, '2014-03-19 10:47:21', NULL, NULL, NULL),
(28348, 771, 28, 64, NULL, NULL, NULL, '2014-03-19 10:47:21', NULL, NULL, NULL),
(28349, 771, 28, 89, NULL, NULL, NULL, '2014-03-19 10:47:21', NULL, NULL, NULL),
(28350, 771, 30, 83, NULL, NULL, NULL, '2014-03-19 10:47:21', NULL, NULL, NULL),
(28351, 771, 29, 78, NULL, NULL, NULL, '2014-03-19 10:47:21', NULL, NULL, NULL),
(28352, 771, 29, 87, NULL, NULL, NULL, '2014-03-19 10:47:21', NULL, NULL, NULL),
(28353, 771, 37, 77, NULL, NULL, NULL, '2014-03-19 10:47:21', NULL, NULL, NULL),
(28354, 773, 5, 11, NULL, NULL, NULL, '2014-03-19 10:47:21', NULL, NULL, NULL),
(28355, 773, 5, 7, NULL, NULL, NULL, '2014-03-19 10:47:21', NULL, NULL, NULL),
(28356, 773, 5, 8, NULL, NULL, NULL, '2014-03-19 10:47:21', NULL, NULL, NULL),
(28357, 773, 5, 9, NULL, NULL, NULL, '2014-03-19 10:47:21', NULL, NULL, NULL),
(28358, 773, 4, 6, NULL, NULL, NULL, '2014-03-19 10:47:21', NULL, NULL, NULL),
(28359, 773, 5, 10, NULL, NULL, NULL, '2014-03-19 10:47:21', NULL, NULL, NULL),
(28360, 774, 43, 109, NULL, NULL, NULL, '2014-03-19 10:47:22', NULL, NULL, NULL),
(28361, 775, 36, 103, NULL, NULL, NULL, '2014-03-19 10:47:22', NULL, NULL, NULL),
(28362, 775, 36, 104, NULL, NULL, NULL, '2014-03-19 10:47:22', NULL, NULL, NULL),
(28363, 775, 36, 105, NULL, NULL, NULL, '2014-03-19 10:47:22', NULL, NULL, NULL),
(28364, 778, 46, 110, NULL, NULL, NULL, '2014-03-19 10:47:22', NULL, NULL, NULL),
(28365, 475, 42, 106, NULL, NULL, NULL, '2014-03-19 15:56:53', NULL, NULL, NULL),
(28366, 385, 42, 107, NULL, NULL, NULL, '2014-03-19 15:56:52', NULL, NULL, NULL),
(28367, 407, 43, 109, NULL, NULL, NULL, '2014-03-19 15:56:53', NULL, NULL, NULL),
(28368, 427, 43, 109, NULL, NULL, NULL, '2014-03-19 15:56:53', NULL, NULL, NULL),
(28369, 477, 43, 109, NULL, NULL, NULL, '2014-03-19 15:56:53', NULL, NULL, NULL),
(28370, 415, 42, 106, NULL, NULL, NULL, '2014-03-19 15:56:52', NULL, NULL, NULL),
(28371, 467, 43, 109, NULL, NULL, NULL, '2014-03-19 15:56:53', NULL, NULL, NULL),
(28372, 485, 42, 107, NULL, 1, NULL, '2014-03-26 23:33:09', '2014-03-26 23:33:09', NULL, NULL),
(28373, 445, 42, 107, NULL, NULL, NULL, '2014-03-19 15:56:53', NULL, NULL, NULL),
(28374, 425, 42, 106, NULL, NULL, NULL, '2014-03-19 15:56:52', NULL, NULL, NULL),
(28375, 445, 42, 108, NULL, NULL, NULL, '2014-03-19 15:56:53', NULL, NULL, NULL),
(28376, 355, 42, 107, NULL, NULL, NULL, '2014-03-19 15:56:52', NULL, NULL, NULL),
(28377, 432, 46, 110, NULL, NULL, NULL, '2014-03-19 15:56:52', NULL, NULL, NULL),
(28378, 487, 43, 109, NULL, NULL, NULL, '2014-03-19 15:56:53', NULL, NULL, NULL),
(28379, 382, 46, 110, NULL, NULL, NULL, '2014-03-19 15:56:52', NULL, NULL, NULL),
(28380, 355, 42, 106, NULL, NULL, NULL, '2014-03-19 15:56:52', NULL, NULL, NULL),
(28381, 465, 42, 107, NULL, NULL, NULL, '2014-03-19 15:56:53', NULL, NULL, NULL),
(28382, 435, 42, 108, NULL, NULL, NULL, '2014-03-19 15:56:53', NULL, NULL, NULL),
(28383, 465, 42, 106, NULL, NULL, NULL, '2014-03-19 15:56:53', NULL, NULL, NULL),
(28384, 465, 42, 108, NULL, NULL, NULL, '2014-03-19 15:56:53', NULL, NULL, NULL),
(28385, 485, 42, 106, NULL, 1, NULL, '2014-03-26 23:33:22', '2014-03-26 23:33:22', NULL, NULL),
(28386, 375, 42, 107, NULL, NULL, NULL, '2014-03-19 15:56:52', NULL, NULL, NULL),
(28387, 475, 42, 107, NULL, NULL, NULL, '2014-03-19 15:56:53', NULL, NULL, NULL),
(28388, 405, 42, 106, NULL, NULL, NULL, '2014-03-19 15:56:52', NULL, NULL, NULL),
(28389, 372, 46, 110, NULL, NULL, NULL, '2014-03-19 15:56:52', NULL, NULL, NULL),
(28390, 387, 43, 109, NULL, NULL, NULL, '2014-03-19 15:56:53', NULL, NULL, NULL),
(28391, 375, 42, 108, NULL, NULL, NULL, '2014-03-19 15:56:52', NULL, NULL, NULL),
(28392, 422, 46, 110, NULL, NULL, NULL, '2014-03-19 15:56:52', NULL, NULL, NULL),
(28393, 437, 43, 109, NULL, NULL, NULL, '2014-03-19 15:56:53', NULL, NULL, NULL),
(28394, 365, 42, 108, NULL, NULL, NULL, '2014-03-19 15:56:52', NULL, NULL, NULL),
(28395, 367, 43, 109, NULL, NULL, NULL, '2014-03-19 15:56:53', NULL, NULL, NULL),
(28396, 482, 46, 110, NULL, NULL, NULL, '2014-03-19 15:56:52', NULL, NULL, NULL),
(28397, 462, 46, 110, NULL, NULL, NULL, '2014-03-19 15:56:52', NULL, NULL, NULL),
(28398, 397, 43, 109, NULL, NULL, NULL, '2014-03-19 15:56:53', NULL, NULL, NULL),
(28399, 485, 42, 108, NULL, NULL, NULL, '2014-03-19 15:56:53', NULL, NULL, NULL),
(28400, 472, 46, 110, NULL, NULL, NULL, '2014-03-19 15:56:52', NULL, NULL, NULL),
(28401, 435, 42, 106, NULL, NULL, NULL, '2014-03-19 15:56:53', NULL, NULL, NULL),
(28402, 417, 43, 109, NULL, NULL, NULL, '2014-03-19 15:56:53', NULL, NULL, NULL),
(28403, 355, 42, 108, NULL, NULL, NULL, '2014-03-19 15:56:52', NULL, NULL, NULL),
(28404, 442, 46, 110, NULL, NULL, NULL, '2014-03-19 15:56:52', NULL, NULL, NULL),
(28405, 435, 42, 107, NULL, NULL, NULL, '2014-03-19 15:56:53', NULL, NULL, NULL),
(28406, 395, 42, 107, NULL, NULL, NULL, '2014-03-19 15:56:52', NULL, NULL, NULL),
(28407, 415, 42, 107, NULL, NULL, NULL, '2014-03-19 15:56:52', NULL, NULL, NULL),
(28408, 395, 42, 108, NULL, NULL, NULL, '2014-03-19 15:56:52', NULL, NULL, NULL),
(28409, 457, 43, 109, NULL, NULL, NULL, '2014-03-19 15:56:53', NULL, NULL, NULL),
(28410, 357, 43, 109, NULL, NULL, NULL, '2014-03-19 15:56:53', NULL, NULL, NULL),
(28411, 415, 42, 108, NULL, NULL, NULL, '2014-03-19 15:56:52', NULL, NULL, NULL),
(28412, 475, 42, 108, NULL, NULL, NULL, '2014-03-19 15:56:53', NULL, NULL, NULL),
(28413, 425, 42, 108, NULL, NULL, NULL, '2014-03-19 15:56:53', NULL, NULL, NULL),
(28414, 405, 42, 108, NULL, NULL, NULL, '2014-03-19 15:56:52', NULL, NULL, NULL),
(28415, 385, 42, 106, NULL, NULL, NULL, '2014-03-19 15:56:52', NULL, NULL, NULL),
(28416, 412, 46, 110, NULL, NULL, NULL, '2014-03-19 15:56:52', NULL, NULL, NULL),
(28417, 365, 42, 106, NULL, NULL, NULL, '2014-03-19 15:56:52', NULL, NULL, NULL),
(28418, 455, 42, 106, NULL, NULL, NULL, '2014-03-19 15:56:53', NULL, NULL, NULL),
(28419, 362, 46, 110, NULL, NULL, NULL, '2014-03-19 15:56:52', NULL, NULL, NULL),
(28420, 377, 43, 109, NULL, NULL, NULL, '2014-03-19 15:56:53', NULL, NULL, NULL),
(28421, 425, 42, 107, NULL, NULL, NULL, '2014-03-19 15:56:52', NULL, NULL, NULL),
(28422, 392, 46, 110, NULL, NULL, NULL, '2014-03-19 15:56:52', NULL, NULL, NULL),
(28423, 447, 43, 109, NULL, NULL, NULL, '2014-03-19 15:56:53', NULL, NULL, NULL),
(28424, 452, 46, 110, NULL, NULL, NULL, '2014-03-19 15:56:52', NULL, NULL, NULL),
(28425, 405, 42, 107, NULL, NULL, NULL, '2014-03-19 15:56:52', NULL, NULL, NULL),
(28426, 455, 42, 107, NULL, NULL, NULL, '2014-03-19 15:56:53', NULL, NULL, NULL),
(28427, 445, 42, 106, NULL, NULL, NULL, '2014-03-19 15:56:53', NULL, NULL, NULL),
(28428, 352, 46, 110, NULL, NULL, NULL, '2014-03-19 15:56:52', NULL, NULL, NULL),
(28429, 402, 46, 110, NULL, NULL, NULL, '2014-03-19 15:56:52', NULL, NULL, NULL),
(28430, 455, 42, 108, NULL, NULL, NULL, '2014-03-19 15:56:53', NULL, NULL, NULL),
(28431, 365, 42, 107, NULL, NULL, NULL, '2014-03-19 15:56:52', NULL, NULL, NULL),
(28432, 385, 42, 108, NULL, NULL, NULL, '2014-03-19 15:56:52', NULL, NULL, NULL),
(28433, 395, 42, 106, NULL, NULL, NULL, '2014-03-19 15:56:52', NULL, NULL, NULL),
(28434, 375, 42, 106, NULL, NULL, NULL, '2014-03-19 15:56:52', NULL, NULL, NULL),
(28435, 622, 42, 106, NULL, NULL, NULL, '2014-03-24 22:12:51', NULL, NULL, NULL),
(28436, 644, 28, 62, NULL, NULL, NULL, '2014-03-24 22:12:51', NULL, NULL, NULL),
(28437, 626, 27, 57, NULL, NULL, NULL, '2014-03-24 22:12:51', NULL, NULL, NULL),
(28438, 626, 7, 12, NULL, NULL, NULL, '2014-03-24 22:12:51', NULL, NULL, NULL),
(28439, 642, 30, 84, NULL, NULL, NULL, '2014-03-24 22:12:51', NULL, NULL, NULL),
(28440, 642, 30, 83, NULL, NULL, NULL, '2014-03-24 22:12:51', NULL, NULL, NULL),
(28441, 626, 12, 32, NULL, NULL, NULL, '2014-03-24 22:12:51', NULL, NULL, NULL),
(28442, 630, 42, 107, NULL, NULL, NULL, '2014-03-24 22:12:51', NULL, NULL, NULL),
(28443, 643, 30, 85, NULL, NULL, NULL, '2014-03-24 22:12:51', NULL, NULL, NULL),
(28444, 622, 27, 58, NULL, NULL, NULL, '2014-03-24 22:12:51', NULL, NULL, NULL),
(28445, 630, 16, 49, NULL, NULL, NULL, '2014-03-24 22:12:51', NULL, NULL, NULL),
(28446, 661, 39, 93, NULL, NULL, NULL, '2014-03-24 22:12:51', NULL, NULL, NULL),
(28447, 658, 39, 92, NULL, NULL, NULL, '2014-03-24 22:12:51', NULL, NULL, NULL),
(28448, 622, 13, 34, NULL, NULL, NULL, '2014-03-24 22:12:51', NULL, NULL, NULL),
(28449, 622, 7, 17, NULL, NULL, NULL, '2014-03-24 22:12:51', NULL, NULL, NULL),
(28450, 626, 27, 59, NULL, NULL, NULL, '2014-03-24 22:12:51', NULL, NULL, NULL),
(28451, 657, 38, 90, NULL, NULL, NULL, '2014-03-24 22:12:51', NULL, NULL, NULL),
(28452, 630, 27, 58, NULL, NULL, NULL, '2014-03-24 22:12:51', NULL, NULL, NULL),
(28453, 642, 37, 80, NULL, NULL, NULL, '2014-03-24 22:12:51', NULL, NULL, NULL),
(28454, 630, 16, 54, NULL, NULL, NULL, '2014-03-24 22:12:51', NULL, NULL, NULL),
(28455, 630, 27, 68, NULL, NULL, NULL, '2014-03-24 22:12:51', NULL, NULL, NULL),
(28456, 660, 39, 94, NULL, NULL, NULL, '2014-03-24 22:12:51', NULL, NULL, NULL),
(28457, 630, 8, 23, NULL, NULL, NULL, '2014-03-24 22:12:51', NULL, NULL, NULL),
(28458, 642, 28, 61, NULL, NULL, NULL, '2014-03-24 22:12:51', NULL, NULL, NULL),
(28459, 624, 36, 103, NULL, NULL, NULL, '2014-03-24 22:12:51', NULL, NULL, NULL),
(28460, 618, 16, 51, NULL, NULL, NULL, '2014-03-24 22:12:51', NULL, NULL, NULL),
(28461, 630, 7, 40, NULL, NULL, NULL, '2014-03-24 22:12:51', NULL, NULL, NULL),
(28462, 622, 7, 37, NULL, NULL, NULL, '2014-03-24 22:12:51', NULL, NULL, NULL),
(28463, 642, 29, 81, NULL, NULL, NULL, '2014-03-24 22:12:51', NULL, NULL, NULL),
(28464, 631, 5, 10, NULL, NULL, NULL, '2014-03-24 22:12:51', NULL, NULL, NULL),
(28465, 630, 7, 38, NULL, NULL, NULL, '2014-03-24 22:12:51', NULL, NULL, NULL),
(28466, 642, 28, 64, NULL, NULL, NULL, '2014-03-24 22:12:51', NULL, NULL, NULL),
(28467, 622, 16, 52, NULL, NULL, NULL, '2014-03-24 22:12:51', NULL, NULL, NULL),
(28468, 630, 14, 43, NULL, NULL, NULL, '2014-03-24 22:12:51', NULL, NULL, NULL),
(28469, 643, 37, 72, NULL, NULL, NULL, '2014-03-24 22:12:51', NULL, NULL, NULL),
(28470, 618, 33, 65, NULL, NULL, NULL, '2014-03-24 22:12:51', NULL, NULL, NULL),
(28471, 630, 15, 46, NULL, NULL, NULL, '2014-03-24 22:12:51', NULL, NULL, NULL),
(28472, 630, 9, 28, NULL, NULL, NULL, '2014-03-24 22:12:51', NULL, NULL, NULL),
(28473, 660, 39, 93, NULL, NULL, NULL, '2014-03-24 22:12:51', NULL, NULL, NULL),
(28474, 642, 29, 79, NULL, NULL, NULL, '2014-03-24 22:12:51', NULL, NULL, NULL),
(28475, 630, 42, 108, NULL, NULL, NULL, '2014-03-24 22:12:51', NULL, NULL, NULL),
(28476, 630, 12, 32, NULL, NULL, NULL, '2014-03-24 22:12:51', NULL, NULL, NULL),
(28477, 643, 29, 86, NULL, NULL, NULL, '2014-03-24 22:12:51', NULL, NULL, NULL),
(28478, 618, 12, 30, NULL, NULL, NULL, '2014-03-24 22:12:51', NULL, NULL, NULL),
(28479, 618, 7, 40, NULL, NULL, NULL, '2014-03-24 22:12:51', NULL, NULL, NULL),
(28480, 645, 28, 63, NULL, NULL, NULL, '2014-03-24 22:12:51', NULL, NULL, NULL),
(28481, 626, 7, 21, NULL, NULL, NULL, '2014-03-24 22:12:51', NULL, NULL, NULL),
(28482, 626, 7, 40, NULL, NULL, NULL, '2014-03-24 22:12:51', NULL, NULL, NULL),
(28483, 618, 7, 38, NULL, NULL, NULL, '2014-03-24 22:12:51', NULL, NULL, NULL),
(28484, 644, 28, 89, NULL, NULL, NULL, '2014-03-24 22:12:51', NULL, NULL, NULL),
(28485, 626, 15, 46, NULL, NULL, NULL, '2014-03-24 22:12:51', NULL, NULL, NULL),
(28486, 641, 43, 109, NULL, NULL, NULL, '2014-03-24 22:12:51', NULL, NULL, NULL),
(28487, 618, 16, 53, NULL, NULL, NULL, '2014-03-24 22:12:51', NULL, NULL, NULL),
(28488, 618, 7, 41, NULL, NULL, NULL, '2014-03-24 22:12:51', NULL, NULL, NULL),
(28489, 618, 27, 59, NULL, NULL, NULL, '2014-03-24 22:12:51', NULL, NULL, NULL),
(28490, 618, 14, 45, NULL, NULL, NULL, '2014-03-24 22:12:51', NULL, NULL, NULL),
(28491, 618, 8, 23, NULL, NULL, NULL, '2014-03-24 22:12:51', NULL, NULL, NULL),
(28492, 630, 27, 69, NULL, NULL, NULL, '2014-03-24 22:12:51', NULL, NULL, NULL),
(28493, 626, 8, 20, NULL, NULL, NULL, '2014-03-24 22:12:51', NULL, NULL, NULL),
(28494, 630, 7, 18, NULL, NULL, NULL, '2014-03-24 22:12:51', NULL, NULL, NULL),
(28495, 623, 5, 7, NULL, NULL, NULL, '2014-03-24 22:12:51', NULL, NULL, NULL),
(28496, 622, 7, 12, NULL, NULL, NULL, '2014-03-24 22:12:51', NULL, NULL, NULL),
(28497, 618, 16, 54, NULL, NULL, NULL, '2014-03-24 22:12:51', NULL, NULL, NULL),
(28498, 645, 37, 75, NULL, NULL, NULL, '2014-03-24 22:12:51', NULL, NULL, NULL),
(28499, 626, 8, 23, NULL, NULL, NULL, '2014-03-24 22:12:51', NULL, NULL, NULL),
(28500, 626, 27, 69, NULL, NULL, NULL, '2014-03-24 22:12:51', NULL, NULL, NULL),
(28501, 643, 37, 77, NULL, NULL, NULL, '2014-03-24 22:12:51', NULL, NULL, NULL),
(28502, 630, 14, 45, NULL, NULL, NULL, '2014-03-24 22:12:51', NULL, NULL, NULL),
(28503, 622, 27, 59, NULL, NULL, NULL, '2014-03-24 22:12:51', NULL, NULL, NULL),
(28504, 622, 14, 42, NULL, NULL, NULL, '2014-03-24 22:12:51', NULL, NULL, NULL),
(28505, 645, 28, 89, NULL, NULL, NULL, '2014-03-24 22:12:51', NULL, NULL, NULL),
(28506, 626, 33, 71, NULL, NULL, NULL, '2014-03-24 22:12:51', NULL, NULL, NULL),
(28507, 645, 28, 62, NULL, NULL, NULL, '2014-03-24 22:12:51', NULL, NULL, NULL),
(28508, 658, 39, 93, NULL, NULL, NULL, '2014-03-24 22:12:51', NULL, NULL, NULL),
(28509, 644, 29, 81, NULL, NULL, NULL, '2014-03-24 22:12:51', NULL, NULL, NULL),
(28510, 631, 5, 7, NULL, NULL, NULL, '2014-03-24 22:12:51', NULL, NULL, NULL),
(28511, 622, 12, 32, NULL, NULL, NULL, '2014-03-24 22:12:51', NULL, NULL, NULL),
(28512, 622, 16, 51, NULL, NULL, NULL, '2014-03-24 22:12:51', NULL, NULL, NULL),
(28513, 618, 33, 70, NULL, NULL, NULL, '2014-03-24 22:12:51', NULL, NULL, NULL),
(28514, 630, 8, 24, NULL, NULL, NULL, '2014-03-24 22:12:51', NULL, NULL, NULL),
(28515, 645, 30, 83, NULL, NULL, NULL, '2014-03-24 22:12:51', NULL, NULL, NULL),
(28516, 643, 29, 81, NULL, NULL, NULL, '2014-03-24 22:12:51', NULL, NULL, NULL),
(28517, 619, 5, 9, NULL, NULL, NULL, '2014-03-24 22:12:51', NULL, NULL, NULL),
(28518, 622, 14, 44, NULL, NULL, NULL, '2014-03-24 22:12:51', NULL, NULL, NULL),
(28519, 618, 16, 55, NULL, NULL, NULL, '2014-03-24 22:12:51', NULL, NULL, NULL),
(28520, 622, 42, 108, NULL, NULL, NULL, '2014-03-24 22:12:51', NULL, NULL, NULL),
(28521, 644, 29, 88, NULL, NULL, NULL, '2014-03-24 22:12:51', NULL, NULL, NULL),
(28522, 618, 13, 35, NULL, NULL, NULL, '2014-03-24 22:12:51', NULL, NULL, NULL),
(28523, 644, 37, 80, NULL, NULL, NULL, '2014-03-24 22:12:51', NULL, NULL, NULL),
(28524, 643, 29, 78, NULL, NULL, NULL, '2014-03-24 22:12:51', NULL, NULL, NULL),
(28525, 622, 33, 66, NULL, NULL, NULL, '2014-03-24 22:12:51', NULL, NULL, NULL),
(28526, 644, 37, 75, NULL, NULL, NULL, '2014-03-24 22:12:51', NULL, NULL, NULL),
(28527, 643, 28, 61, NULL, NULL, NULL, '2014-03-24 22:12:51', NULL, NULL, NULL),
(28528, 622, 12, 30, NULL, NULL, NULL, '2014-03-24 22:12:51', NULL, NULL, NULL),
(28529, 645, 30, 82, NULL, NULL, NULL, '2014-03-24 22:12:51', NULL, NULL, NULL),
(28530, 627, 5, 9, NULL, NULL, NULL, '2014-03-24 22:12:51', NULL, NULL, NULL),
(28531, 631, 5, 8, NULL, NULL, NULL, '2014-03-24 22:12:51', NULL, NULL, NULL),
(28532, 644, 29, 86, NULL, NULL, NULL, '2014-03-24 22:12:51', NULL, NULL, NULL),
(28533, 630, 16, 53, NULL, NULL, NULL, '2014-03-24 22:12:51', NULL, NULL, NULL),
(28534, 622, 16, 54, NULL, NULL, NULL, '2014-03-24 22:12:51', NULL, NULL, NULL),
(28535, 630, 33, 65, NULL, NULL, NULL, '2014-03-24 22:12:51', NULL, NULL, NULL),
(28536, 643, 37, 74, NULL, NULL, NULL, '2014-03-24 22:12:51', NULL, NULL, NULL),
(28537, 626, 9, 36, NULL, NULL, NULL, '2014-03-24 22:12:51', NULL, NULL, NULL),
(28538, 626, 8, 25, NULL, NULL, NULL, '2014-03-24 22:12:51', NULL, NULL, NULL),
(28539, 619, 5, 11, NULL, NULL, NULL, '2014-03-24 22:12:51', NULL, NULL, NULL),
(28540, 618, 7, 21, NULL, NULL, NULL, '2014-03-24 22:12:51', NULL, NULL, NULL),
(28541, 643, 30, 82, NULL, NULL, NULL, '2014-03-24 22:12:51', NULL, NULL, NULL),
(28542, 626, 14, 43, NULL, NULL, NULL, '2014-03-24 22:12:51', NULL, NULL, NULL),
(28543, 619, 5, 10, NULL, NULL, NULL, '2014-03-24 22:12:50', NULL, NULL, NULL),
(28544, 622, 16, 55, NULL, NULL, NULL, '2014-03-24 22:12:51', NULL, NULL, NULL),
(28545, 626, 16, 54, NULL, NULL, NULL, '2014-03-24 22:12:51', NULL, NULL, NULL),
(28546, 618, 7, 37, NULL, NULL, NULL, '2014-03-24 22:12:51', NULL, NULL, NULL),
(28547, 626, 7, 22, NULL, NULL, NULL, '2014-03-24 22:12:51', NULL, NULL, NULL),
(28548, 622, 33, 65, NULL, NULL, NULL, '2014-03-24 22:12:51', NULL, NULL, NULL),
(28549, 645, 37, 76, NULL, NULL, NULL, '2014-03-24 22:12:51', NULL, NULL, NULL),
(28550, 659, 39, 93, NULL, NULL, NULL, '2014-03-24 22:12:51', NULL, NULL, NULL),
(28551, 618, 16, 49, NULL, NULL, NULL, '2014-03-24 22:12:51', NULL, NULL, NULL),
(28552, 620, 36, 103, NULL, NULL, NULL, '2014-03-24 22:12:51', NULL, NULL, NULL),
(28553, 626, 12, 33, NULL, NULL, NULL, '2014-03-24 22:12:51', NULL, NULL, NULL),
(28554, 626, 16, 49, NULL, NULL, NULL, '2014-03-24 22:12:51', NULL, NULL, NULL),
(28555, 622, 9, 27, NULL, NULL, NULL, '2014-03-24 22:12:51', NULL, NULL, NULL),
(28556, 630, 33, 66, NULL, NULL, NULL, '2014-03-24 22:12:51', NULL, NULL, NULL),
(28557, 643, 30, 84, NULL, NULL, NULL, '2014-03-24 22:12:51', NULL, NULL, NULL),
(28558, 622, 8, 24, NULL, NULL, NULL, '2014-03-24 22:12:51', NULL, NULL, NULL),
(28559, 642, 28, 89, NULL, NULL, NULL, '2014-03-24 22:12:51', NULL, NULL, NULL),
(28560, 645, 37, 74, NULL, NULL, NULL, '2014-03-24 22:12:51', NULL, NULL, NULL),
(28561, 618, 8, 25, NULL, NULL, NULL, '2014-03-24 22:12:51', NULL, NULL, NULL),
(28562, 626, 9, 28, NULL, NULL, NULL, '2014-03-24 22:12:51', NULL, NULL, NULL),
(28563, 644, 37, 72, NULL, NULL, NULL, '2014-03-24 22:12:51', NULL, NULL, NULL),
(28564, 618, 9, 27, NULL, NULL, NULL, '2014-03-24 22:12:51', NULL, NULL, NULL),
(28565, 622, 27, 60, NULL, NULL, NULL, '2014-03-24 22:12:51', NULL, NULL, NULL),
(28566, 643, 28, 64, NULL, NULL, NULL, '2014-03-24 22:12:51', NULL, NULL, NULL),
(28567, 630, 9, 27, NULL, NULL, NULL, '2014-03-24 22:12:51', NULL, NULL, NULL),
(28568, 630, 7, 12, NULL, NULL, NULL, '2014-03-24 22:12:51', NULL, NULL, NULL),
(28569, 622, 7, 41, NULL, NULL, NULL, '2014-03-24 22:12:51', NULL, NULL, NULL),
(28570, 628, 36, 105, NULL, NULL, NULL, '2014-03-24 22:12:51', NULL, NULL, NULL),
(28571, 622, 16, 49, NULL, NULL, NULL, '2014-03-24 22:12:51', NULL, NULL, NULL),
(28572, 622, 7, 22, NULL, NULL, NULL, '2014-03-24 22:12:51', NULL, NULL, NULL),
(28573, 643, 29, 88, NULL, NULL, NULL, '2014-03-24 22:12:51', NULL, NULL, NULL),
(28574, 630, 27, 56, NULL, NULL, NULL, '2014-03-24 22:12:51', NULL, NULL, NULL),
(28575, 626, 7, 18, NULL, NULL, NULL, '2014-03-24 22:12:51', NULL, NULL, NULL),
(28576, 619, 4, 6, NULL, NULL, NULL, '2014-03-24 22:12:51', NULL, NULL, NULL),
(28577, 633, 46, 110, NULL, NULL, NULL, '2014-03-24 22:12:51', NULL, NULL, NULL),
(28578, 659, 39, 92, NULL, NULL, NULL, '2014-03-24 22:12:51', NULL, NULL, NULL),
(28579, 630, 8, 20, NULL, NULL, NULL, '2014-03-24 22:12:51', NULL, NULL, NULL),
(28580, 654, 38, 90, NULL, NULL, NULL, '2014-03-24 22:12:51', NULL, NULL, NULL),
(28581, 626, 27, 56, NULL, NULL, NULL, '2014-03-24 22:12:51', NULL, NULL, NULL),
(28582, 630, 13, 34, NULL, NULL, NULL, '2014-03-24 22:12:51', NULL, NULL, NULL),
(28583, 619, 5, 8, NULL, NULL, NULL, '2014-03-24 22:12:50', NULL, NULL, NULL),
(28584, 630, 33, 70, NULL, NULL, NULL, '2014-03-24 22:12:51', NULL, NULL, NULL),
(28585, 618, 14, 43, NULL, NULL, NULL, '2014-03-24 22:12:51', NULL, NULL, NULL);
INSERT INTO `courseTraineeActivity` (`courseTraineeActivityID`, `courseTraineeID`, `lessonID`, `activityID`, `ratingID`, `completedFlag`, `comment`, `dateUpdated`, `completionDate`, `refreshRequested`, `completionPercentage`) VALUES
(28586, 630, 7, 22, NULL, NULL, NULL, '2014-03-24 22:12:51', NULL, NULL, NULL),
(28587, 626, 33, 67, NULL, NULL, NULL, '2014-03-24 22:12:51', NULL, NULL, NULL),
(28588, 644, 37, 77, NULL, NULL, NULL, '2014-03-24 22:12:51', NULL, NULL, NULL),
(28589, 658, 39, 94, NULL, NULL, NULL, '2014-03-24 22:12:51', NULL, NULL, NULL),
(28590, 643, 37, 73, NULL, NULL, NULL, '2014-03-24 22:12:51', NULL, NULL, NULL),
(28591, 622, 13, 35, NULL, NULL, NULL, '2014-03-24 22:12:51', NULL, NULL, NULL),
(28592, 622, 14, 45, NULL, NULL, NULL, '2014-03-24 22:12:51', NULL, NULL, NULL),
(28593, 622, 8, 25, NULL, NULL, NULL, '2014-03-24 22:12:51', NULL, NULL, NULL),
(28594, 618, 7, 19, NULL, NULL, NULL, '2014-03-24 22:12:51', NULL, NULL, NULL),
(28595, 645, 30, 85, NULL, NULL, NULL, '2014-03-24 22:12:51', NULL, NULL, NULL),
(28596, 630, 16, 50, NULL, NULL, NULL, '2014-03-24 22:12:51', NULL, NULL, NULL),
(28597, 645, 37, 77, NULL, NULL, NULL, '2014-03-24 22:12:51', NULL, NULL, NULL),
(28598, 630, 9, 36, NULL, NULL, NULL, '2014-03-24 22:12:51', NULL, NULL, NULL),
(28599, 644, 28, 61, NULL, NULL, NULL, '2014-03-24 22:12:51', NULL, NULL, NULL),
(28600, 630, 7, 41, NULL, NULL, NULL, '2014-03-24 22:12:51', NULL, NULL, NULL),
(28601, 626, 7, 41, NULL, NULL, NULL, '2014-03-24 22:12:51', NULL, NULL, NULL),
(28602, 618, 27, 69, NULL, NULL, NULL, '2014-03-24 22:12:51', NULL, NULL, NULL),
(28603, 628, 36, 104, NULL, NULL, NULL, '2014-03-24 22:12:51', NULL, NULL, NULL),
(28604, 630, 16, 51, NULL, NULL, NULL, '2014-03-24 22:12:51', NULL, NULL, NULL),
(28605, 618, 16, 50, NULL, NULL, NULL, '2014-03-24 22:12:51', NULL, NULL, NULL),
(28606, 642, 28, 62, NULL, NULL, NULL, '2014-03-24 22:12:51', NULL, NULL, NULL),
(28607, 624, 36, 104, NULL, NULL, NULL, '2014-03-24 22:12:51', NULL, NULL, NULL),
(28608, 622, 16, 50, NULL, NULL, NULL, '2014-03-24 22:12:51', NULL, NULL, NULL),
(28609, 623, 4, 6, NULL, NULL, NULL, '2014-03-24 22:12:51', NULL, NULL, NULL),
(28610, 626, 16, 52, NULL, NULL, NULL, '2014-03-24 22:12:51', NULL, NULL, NULL),
(28611, 622, 42, 107, NULL, NULL, NULL, '2014-03-24 22:12:51', NULL, NULL, NULL),
(28612, 622, 7, 26, NULL, NULL, NULL, '2014-03-24 22:12:51', NULL, NULL, NULL),
(28613, 618, 14, 42, NULL, NULL, NULL, '2014-03-24 22:12:51', NULL, NULL, NULL),
(28614, 623, 4, 113, NULL, NULL, NULL, '2014-03-24 22:12:51', NULL, NULL, NULL),
(28615, 642, 30, 82, NULL, NULL, NULL, '2014-03-24 22:12:51', NULL, NULL, NULL),
(28616, 618, 9, 28, NULL, NULL, NULL, '2014-03-24 22:12:51', NULL, NULL, NULL),
(28617, 630, 27, 57, NULL, NULL, NULL, '2014-03-24 22:12:51', NULL, NULL, NULL),
(28618, 644, 37, 74, NULL, NULL, NULL, '2014-03-24 22:12:51', NULL, NULL, NULL),
(28619, 619, 4, 113, NULL, NULL, NULL, '2014-03-24 22:12:51', NULL, NULL, NULL),
(28620, 626, 27, 60, NULL, NULL, NULL, '2014-03-24 22:12:51', NULL, NULL, NULL),
(28621, 622, 27, 68, NULL, NULL, NULL, '2014-03-24 22:12:51', NULL, NULL, NULL),
(28622, 642, 29, 86, NULL, NULL, NULL, '2014-03-24 22:12:51', NULL, NULL, NULL),
(28623, 627, 5, 8, NULL, NULL, NULL, '2014-03-24 22:12:51', NULL, NULL, NULL),
(28624, 622, 7, 40, NULL, NULL, NULL, '2014-03-24 22:12:51', NULL, NULL, NULL),
(28625, 618, 27, 57, NULL, NULL, NULL, '2014-03-24 22:12:51', NULL, NULL, NULL),
(28626, 623, 5, 11, NULL, NULL, NULL, '2014-03-24 22:12:51', NULL, NULL, NULL),
(28627, 622, 33, 71, NULL, NULL, NULL, '2014-03-24 22:12:51', NULL, NULL, NULL),
(28628, 622, 8, 23, NULL, NULL, NULL, '2014-03-24 22:12:51', NULL, NULL, NULL),
(28629, 642, 37, 73, NULL, NULL, NULL, '2014-03-24 22:12:51', NULL, NULL, NULL),
(28630, 626, 16, 53, NULL, NULL, NULL, '2014-03-24 22:12:51', NULL, NULL, NULL),
(28631, 644, 37, 76, NULL, NULL, NULL, '2014-03-24 22:12:51', NULL, NULL, NULL),
(28632, 621, 46, 110, NULL, NULL, NULL, '2014-03-24 22:12:51', NULL, NULL, NULL),
(28633, 626, 27, 68, NULL, NULL, NULL, '2014-03-24 22:12:51', NULL, NULL, NULL),
(28634, 618, 27, 60, NULL, NULL, NULL, '2014-03-24 22:12:51', NULL, NULL, NULL),
(28635, 626, 33, 70, NULL, NULL, NULL, '2014-03-24 22:12:51', NULL, NULL, NULL),
(28636, 618, 33, 71, NULL, NULL, NULL, '2014-03-24 22:12:51', NULL, NULL, NULL),
(28637, 630, 8, 25, NULL, NULL, NULL, '2014-03-24 22:12:51', NULL, NULL, NULL),
(28638, 618, 27, 68, NULL, NULL, NULL, '2014-03-24 22:12:51', NULL, NULL, NULL),
(28639, 622, 27, 57, NULL, NULL, NULL, '2014-03-24 22:12:51', NULL, NULL, NULL),
(28640, 630, 13, 35, NULL, NULL, NULL, '2014-03-24 22:12:51', NULL, NULL, NULL),
(28641, 622, 33, 67, NULL, NULL, NULL, '2014-03-24 22:12:51', NULL, NULL, NULL),
(28642, 630, 33, 71, NULL, NULL, NULL, '2014-03-24 22:12:51', NULL, NULL, NULL),
(28643, 626, 8, 24, NULL, NULL, NULL, '2014-03-24 22:12:51', NULL, NULL, NULL),
(28644, 630, 12, 33, NULL, NULL, NULL, '2014-03-24 22:12:51', NULL, NULL, NULL),
(28645, 622, 7, 38, NULL, NULL, NULL, '2014-03-24 22:12:51', NULL, NULL, NULL),
(28646, 626, 16, 51, NULL, NULL, NULL, '2014-03-24 22:12:51', NULL, NULL, NULL),
(28647, 643, 28, 89, NULL, NULL, NULL, '2014-03-24 22:12:51', NULL, NULL, NULL),
(28648, 639, 43, 109, NULL, NULL, NULL, '2014-03-24 22:12:51', NULL, NULL, NULL),
(28649, 661, 39, 94, NULL, NULL, NULL, '2014-03-24 22:12:51', NULL, NULL, NULL),
(28650, 618, 12, 33, NULL, NULL, NULL, '2014-03-24 22:12:51', NULL, NULL, NULL),
(28651, 630, 7, 26, NULL, NULL, NULL, '2014-03-24 22:12:51', NULL, NULL, NULL),
(28652, 618, 42, 108, NULL, NULL, NULL, '2014-03-24 22:12:51', NULL, NULL, NULL),
(28653, 626, 12, 30, NULL, NULL, NULL, '2014-03-24 22:12:51', NULL, NULL, NULL),
(28654, 643, 30, 83, NULL, NULL, NULL, '2014-03-24 22:12:51', NULL, NULL, NULL),
(28655, 622, 9, 28, NULL, NULL, NULL, '2014-03-24 22:12:51', NULL, NULL, NULL),
(28656, 618, 42, 106, NULL, NULL, NULL, '2014-03-24 22:12:51', NULL, NULL, NULL),
(28657, 618, 8, 20, NULL, NULL, NULL, '2014-03-24 22:12:51', NULL, NULL, NULL),
(28658, 622, 7, 19, NULL, NULL, NULL, '2014-03-24 22:12:51', NULL, NULL, NULL),
(28659, 642, 37, 77, NULL, NULL, NULL, '2014-03-24 22:12:51', NULL, NULL, NULL),
(28660, 642, 29, 88, NULL, NULL, NULL, '2014-03-24 22:12:51', NULL, NULL, NULL),
(28661, 622, 14, 43, NULL, NULL, NULL, '2014-03-24 22:12:51', NULL, NULL, NULL),
(28662, 630, 16, 52, NULL, NULL, NULL, '2014-03-24 22:12:51', NULL, NULL, NULL),
(28663, 626, 9, 27, NULL, NULL, NULL, '2014-03-24 22:12:51', NULL, NULL, NULL),
(28664, 632, 36, 103, NULL, NULL, NULL, '2014-03-24 22:12:51', NULL, NULL, NULL),
(28665, 656, 38, 90, NULL, NULL, NULL, '2014-03-24 22:12:51', NULL, NULL, NULL),
(28666, 630, 16, 55, NULL, NULL, NULL, '2014-03-24 22:12:51', NULL, NULL, NULL),
(28667, 626, 13, 34, NULL, NULL, NULL, '2014-03-24 22:12:51', NULL, NULL, NULL),
(28668, 630, 12, 30, NULL, NULL, NULL, '2014-03-24 22:12:51', NULL, NULL, NULL),
(28669, 618, 9, 36, NULL, NULL, NULL, '2014-03-24 22:12:51', NULL, NULL, NULL),
(28670, 644, 37, 73, NULL, NULL, NULL, '2014-03-24 22:12:51', NULL, NULL, NULL),
(28671, 638, 43, 109, NULL, NULL, NULL, '2014-03-24 22:12:51', NULL, NULL, NULL),
(28672, 619, 5, 7, NULL, NULL, NULL, '2014-03-24 22:12:51', NULL, NULL, NULL),
(28673, 654, 38, 91, NULL, NULL, NULL, '2014-03-24 22:12:51', NULL, NULL, NULL),
(28674, 627, 5, 11, NULL, NULL, NULL, '2014-03-24 22:12:51', NULL, NULL, NULL),
(28675, 643, 37, 75, NULL, NULL, NULL, '2014-03-24 22:12:51', NULL, NULL, NULL),
(28676, 626, 7, 26, NULL, NULL, NULL, '2014-03-24 22:12:51', NULL, NULL, NULL),
(28677, 626, 13, 35, NULL, NULL, NULL, '2014-03-24 22:12:51', NULL, NULL, NULL),
(28678, 627, 5, 7, NULL, NULL, NULL, '2014-03-24 22:12:51', NULL, NULL, NULL),
(28679, 631, 4, 6, NULL, NULL, NULL, '2014-03-24 22:12:51', NULL, NULL, NULL),
(28680, 660, 39, 92, NULL, NULL, NULL, '2014-03-24 22:12:51', NULL, NULL, NULL),
(28681, 626, 7, 17, NULL, NULL, NULL, '2014-03-24 22:12:51', NULL, NULL, NULL),
(28682, 627, 4, 6, NULL, NULL, NULL, '2014-03-24 22:12:51', NULL, NULL, NULL),
(28683, 618, 33, 66, NULL, NULL, NULL, '2014-03-24 22:12:51', NULL, NULL, NULL),
(28684, 618, 15, 46, NULL, NULL, NULL, '2014-03-24 22:12:51', NULL, NULL, NULL),
(28685, 631, 5, 9, NULL, NULL, NULL, '2014-03-24 22:12:51', NULL, NULL, NULL),
(28686, 655, 38, 90, NULL, NULL, NULL, '2014-03-24 22:12:51', NULL, NULL, NULL),
(28687, 618, 27, 58, NULL, NULL, NULL, '2014-03-24 22:12:51', NULL, NULL, NULL),
(28688, 622, 33, 70, NULL, NULL, NULL, '2014-03-24 22:12:51', NULL, NULL, NULL),
(28689, 645, 29, 86, NULL, NULL, NULL, '2014-03-24 22:12:51', NULL, NULL, NULL),
(28690, 643, 29, 79, NULL, NULL, NULL, '2014-03-24 22:12:51', NULL, NULL, NULL),
(28691, 626, 42, 107, NULL, NULL, NULL, '2014-03-24 22:12:51', NULL, NULL, NULL),
(28692, 655, 38, 91, NULL, NULL, NULL, '2014-03-24 22:12:51', NULL, NULL, NULL),
(28693, 640, 43, 109, NULL, NULL, NULL, '2014-03-24 22:12:51', NULL, NULL, NULL),
(28694, 631, 5, 11, NULL, NULL, NULL, '2014-03-24 22:12:51', NULL, NULL, NULL),
(28695, 626, 7, 37, NULL, NULL, NULL, '2014-03-24 22:12:51', NULL, NULL, NULL),
(28696, 620, 36, 105, NULL, NULL, NULL, '2014-03-24 22:12:51', NULL, NULL, NULL),
(28697, 645, 28, 64, NULL, NULL, NULL, '2014-03-24 22:12:51', NULL, NULL, NULL),
(28698, 626, 42, 108, NULL, NULL, NULL, '2014-03-24 22:12:51', NULL, NULL, NULL),
(28699, 618, 7, 12, NULL, NULL, NULL, '2014-03-24 22:12:51', NULL, NULL, NULL),
(28700, 630, 14, 42, NULL, NULL, NULL, '2014-03-24 22:12:51', NULL, NULL, NULL),
(28701, 622, 16, 53, NULL, NULL, NULL, '2014-03-24 22:12:51', NULL, NULL, NULL),
(28702, 626, 16, 55, NULL, NULL, NULL, '2014-03-24 22:12:51', NULL, NULL, NULL),
(28703, 645, 37, 80, NULL, NULL, NULL, '2014-03-24 22:12:51', NULL, NULL, NULL),
(28704, 622, 12, 33, NULL, NULL, NULL, '2014-03-24 22:12:51', NULL, NULL, NULL),
(28705, 630, 7, 37, NULL, NULL, NULL, '2014-03-24 22:12:51', NULL, NULL, NULL),
(28706, 645, 29, 78, NULL, NULL, NULL, '2014-03-24 22:12:51', NULL, NULL, NULL),
(28707, 626, 27, 58, NULL, NULL, NULL, '2014-03-24 22:12:51', NULL, NULL, NULL),
(28708, 657, 38, 91, NULL, NULL, NULL, '2014-03-24 22:12:51', NULL, NULL, NULL),
(28709, 645, 37, 73, NULL, NULL, NULL, '2014-03-24 22:12:51', NULL, NULL, NULL),
(28710, 628, 36, 103, NULL, NULL, NULL, '2014-03-24 22:12:51', NULL, NULL, NULL),
(28711, 620, 36, 104, NULL, NULL, NULL, '2014-03-24 22:12:51', NULL, NULL, NULL),
(28712, 632, 36, 105, NULL, NULL, NULL, '2014-03-24 22:12:51', NULL, NULL, NULL),
(28713, 624, 36, 105, NULL, NULL, NULL, '2014-03-24 22:12:51', NULL, NULL, NULL),
(28714, 642, 29, 78, NULL, NULL, NULL, '2014-03-24 22:12:51', NULL, NULL, NULL),
(28715, 622, 7, 21, NULL, NULL, NULL, '2014-03-24 22:12:51', NULL, NULL, NULL),
(28716, 622, 8, 20, NULL, NULL, NULL, '2014-03-24 22:12:51', NULL, NULL, NULL),
(28717, 618, 33, 67, NULL, NULL, NULL, '2014-03-24 22:12:51', NULL, NULL, NULL),
(28718, 618, 7, 22, NULL, NULL, NULL, '2014-03-24 22:12:51', NULL, NULL, NULL),
(28719, 644, 30, 82, NULL, NULL, NULL, '2014-03-24 22:12:51', NULL, NULL, NULL),
(28720, 622, 27, 69, NULL, NULL, NULL, '2014-03-24 22:12:51', NULL, NULL, NULL),
(28721, 643, 28, 63, NULL, NULL, NULL, '2014-03-24 22:12:51', NULL, NULL, NULL),
(28722, 644, 30, 84, NULL, NULL, NULL, '2014-03-24 22:12:51', NULL, NULL, NULL),
(28723, 618, 7, 26, NULL, NULL, NULL, '2014-03-24 22:12:51', NULL, NULL, NULL),
(28724, 627, 4, 113, NULL, NULL, NULL, '2014-03-24 22:12:51', NULL, NULL, NULL),
(28725, 626, 33, 66, NULL, NULL, NULL, '2014-03-24 22:12:51', NULL, NULL, NULL),
(28726, 622, 7, 18, NULL, NULL, NULL, '2014-03-24 22:12:51', NULL, NULL, NULL),
(28727, 626, 33, 65, NULL, NULL, NULL, '2014-03-24 22:12:51', NULL, NULL, NULL),
(28728, 642, 30, 85, NULL, NULL, NULL, '2014-03-24 22:12:51', NULL, NULL, NULL),
(28729, 642, 29, 87, NULL, NULL, NULL, '2014-03-24 22:12:51', NULL, NULL, NULL),
(28730, 645, 29, 88, NULL, NULL, NULL, '2014-03-24 22:12:51', NULL, NULL, NULL),
(28731, 626, 7, 19, NULL, NULL, NULL, '2014-03-24 22:12:51', NULL, NULL, NULL),
(28732, 627, 5, 10, NULL, NULL, NULL, '2014-03-24 22:12:51', NULL, NULL, NULL),
(28733, 643, 29, 87, NULL, NULL, NULL, '2014-03-24 22:12:51', NULL, NULL, NULL),
(28734, 644, 28, 63, NULL, NULL, NULL, '2014-03-24 22:12:51', NULL, NULL, NULL),
(28735, 644, 29, 79, NULL, NULL, NULL, '2014-03-24 22:12:51', NULL, NULL, NULL),
(28736, 645, 28, 61, NULL, NULL, NULL, '2014-03-24 22:12:51', NULL, NULL, NULL),
(28737, 622, 9, 36, NULL, NULL, NULL, '2014-03-24 22:12:51', NULL, NULL, NULL),
(28738, 618, 7, 18, NULL, NULL, NULL, '2014-03-24 22:12:51', NULL, NULL, NULL),
(28739, 626, 14, 45, NULL, NULL, NULL, '2014-03-24 22:12:51', NULL, NULL, NULL),
(28740, 630, 42, 106, NULL, NULL, NULL, '2014-03-24 22:12:51', NULL, NULL, NULL),
(28741, 618, 27, 56, NULL, NULL, NULL, '2014-03-24 22:12:51', NULL, NULL, NULL),
(28742, 642, 37, 74, NULL, NULL, NULL, '2014-03-24 22:12:51', NULL, NULL, NULL),
(28743, 645, 29, 79, NULL, NULL, NULL, '2014-03-24 22:12:51', NULL, NULL, NULL),
(28744, 645, 29, 87, NULL, NULL, NULL, '2014-03-24 22:12:51', NULL, NULL, NULL),
(28745, 659, 39, 94, NULL, NULL, NULL, '2014-03-24 22:12:51', NULL, NULL, NULL),
(28746, 642, 37, 72, NULL, NULL, NULL, '2014-03-24 22:12:51', NULL, NULL, NULL),
(28747, 642, 37, 76, NULL, NULL, NULL, '2014-03-24 22:12:51', NULL, NULL, NULL),
(28748, 622, 15, 46, NULL, NULL, NULL, '2014-03-24 22:12:51', NULL, NULL, NULL),
(28749, 645, 30, 84, NULL, NULL, NULL, '2014-03-24 22:12:51', NULL, NULL, NULL),
(28750, 629, 46, 110, NULL, NULL, NULL, '2014-03-24 22:12:51', NULL, NULL, NULL),
(28751, 630, 7, 19, NULL, NULL, NULL, '2014-03-24 22:12:51', NULL, NULL, NULL),
(28752, 644, 30, 85, NULL, NULL, NULL, '2014-03-24 22:12:51', NULL, NULL, NULL),
(28753, 645, 37, 72, NULL, NULL, NULL, '2014-03-24 22:12:51', NULL, NULL, NULL),
(28754, 630, 33, 67, NULL, NULL, NULL, '2014-03-24 22:12:51', NULL, NULL, NULL),
(28755, 644, 30, 83, NULL, NULL, NULL, '2014-03-24 22:12:51', NULL, NULL, NULL),
(28756, 630, 14, 44, NULL, NULL, NULL, '2014-03-24 22:12:51', NULL, NULL, NULL),
(28757, 618, 7, 17, NULL, NULL, NULL, '2014-03-24 22:12:51', NULL, NULL, NULL),
(28758, 632, 36, 104, NULL, NULL, NULL, '2014-03-24 22:12:51', NULL, NULL, NULL),
(28759, 626, 42, 106, NULL, NULL, NULL, '2014-03-24 22:12:51', NULL, NULL, NULL),
(28760, 618, 8, 24, NULL, NULL, NULL, '2014-03-24 22:12:51', NULL, NULL, NULL),
(28761, 644, 28, 64, NULL, NULL, NULL, '2014-03-24 22:12:51', NULL, NULL, NULL),
(28762, 618, 12, 32, NULL, NULL, NULL, '2014-03-24 22:12:51', NULL, NULL, NULL),
(28763, 642, 28, 63, NULL, NULL, NULL, '2014-03-24 22:12:51', NULL, NULL, NULL),
(28764, 630, 27, 59, NULL, NULL, NULL, '2014-03-24 22:12:51', NULL, NULL, NULL),
(28765, 618, 14, 44, NULL, NULL, NULL, '2014-03-24 22:12:51', NULL, NULL, NULL),
(28766, 626, 14, 44, NULL, NULL, NULL, '2014-03-24 22:12:51', NULL, NULL, NULL),
(28767, 626, 7, 38, NULL, NULL, NULL, '2014-03-24 22:12:51', NULL, NULL, NULL),
(28768, 623, 5, 9, NULL, NULL, NULL, '2014-03-24 22:12:51', NULL, NULL, NULL),
(28769, 630, 27, 60, NULL, NULL, NULL, '2014-03-24 22:12:51', NULL, NULL, NULL),
(28770, 622, 27, 56, NULL, NULL, NULL, '2014-03-24 22:12:51', NULL, NULL, NULL),
(28771, 642, 37, 75, NULL, NULL, NULL, '2014-03-24 22:12:51', NULL, NULL, NULL),
(28772, 618, 42, 107, NULL, NULL, NULL, '2014-03-24 22:12:51', NULL, NULL, NULL),
(28773, 643, 37, 76, NULL, NULL, NULL, '2014-03-24 22:12:51', NULL, NULL, NULL),
(28774, 618, 16, 52, NULL, NULL, NULL, '2014-03-24 22:12:51', NULL, NULL, NULL),
(28775, 630, 7, 17, NULL, NULL, NULL, '2014-03-24 22:12:51', NULL, NULL, NULL),
(28776, 623, 5, 10, NULL, NULL, NULL, '2014-03-24 22:12:51', NULL, NULL, NULL),
(28777, 644, 29, 87, NULL, NULL, NULL, '2014-03-24 22:12:51', NULL, NULL, NULL),
(28778, 661, 39, 92, NULL, NULL, NULL, '2014-03-24 22:12:51', NULL, NULL, NULL),
(28779, 623, 5, 8, NULL, NULL, NULL, '2014-03-24 22:12:51', NULL, NULL, NULL),
(28780, 644, 29, 78, NULL, NULL, NULL, '2014-03-24 22:12:51', NULL, NULL, NULL),
(28781, 631, 4, 113, NULL, NULL, NULL, '2014-03-24 22:12:51', NULL, NULL, NULL),
(28782, 618, 13, 34, NULL, NULL, NULL, '2014-03-24 22:12:51', NULL, NULL, NULL),
(28783, 643, 37, 80, NULL, NULL, NULL, '2014-03-24 22:12:51', NULL, NULL, NULL),
(28784, 625, 46, 110, NULL, NULL, NULL, '2014-03-24 22:12:51', NULL, NULL, NULL),
(28785, 630, 7, 21, NULL, NULL, NULL, '2014-03-24 22:12:51', NULL, NULL, NULL),
(28786, 645, 29, 81, NULL, NULL, NULL, '2014-03-24 22:12:51', NULL, NULL, NULL),
(28787, 626, 16, 50, NULL, NULL, NULL, '2014-03-24 22:12:51', NULL, NULL, NULL),
(28788, 626, 14, 42, NULL, NULL, NULL, '2014-03-24 22:12:51', NULL, NULL, NULL),
(28789, 643, 28, 62, NULL, NULL, NULL, '2014-03-24 22:12:51', NULL, NULL, NULL),
(28790, 656, 38, 91, NULL, NULL, NULL, '2014-03-24 22:12:51', NULL, NULL, NULL),
(28791, 538, 7, 37, NULL, NULL, NULL, '2014-03-24 22:22:16', NULL, NULL, NULL),
(28792, 538, 16, 51, NULL, NULL, NULL, '2014-03-24 22:22:16', NULL, NULL, NULL),
(28793, 548, 5, 7, NULL, NULL, NULL, '2014-03-24 22:22:16', NULL, NULL, NULL),
(28794, 539, 37, 80, NULL, NULL, NULL, '2014-03-24 22:22:17', NULL, NULL, NULL),
(28795, 530, 27, 56, NULL, 1, NULL, '2014-03-26 23:27:03', '2014-03-26 23:27:03', NULL, NULL),
(28796, 530, 27, 57, NULL, NULL, NULL, '2014-03-24 22:22:16', NULL, NULL, NULL),
(28797, 522, 42, 107, NULL, 1, NULL, '2014-03-24 22:38:09', '2014-03-24 22:38:09', NULL, NULL),
(28798, 546, 27, 69, 2, 1, NULL, '2014-03-24 22:27:56', '2014-03-24 22:27:56', NULL, NULL),
(28799, 539, 28, 62, NULL, NULL, NULL, '2014-03-24 22:22:17', NULL, NULL, NULL),
(28800, 530, 14, 44, NULL, NULL, NULL, '2014-03-24 22:22:16', NULL, NULL, NULL),
(28801, 530, 7, 22, NULL, NULL, NULL, '2014-03-24 22:22:16', NULL, NULL, NULL),
(28802, 530, 7, 41, NULL, NULL, NULL, '2014-03-24 22:22:16', NULL, NULL, NULL),
(28803, 541, 43, 109, NULL, NULL, NULL, '2014-03-24 22:22:16', NULL, NULL, NULL),
(28804, 530, 42, 107, NULL, 1, NULL, '2014-03-26 23:27:28', '2014-03-26 23:27:28', NULL, NULL),
(28805, 521, 33, 66, NULL, NULL, NULL, '2014-03-24 22:22:16', NULL, NULL, NULL),
(28806, 534, 36, 103, NULL, NULL, NULL, '2014-03-24 22:22:16', NULL, NULL, NULL),
(28807, 521, 27, 69, NULL, 1, NULL, '2014-03-30 05:45:49', '2014-03-30 05:45:49', NULL, NULL),
(28808, 531, 29, 88, NULL, NULL, NULL, '2014-03-24 22:22:17', NULL, NULL, NULL),
(28809, 526, 36, 105, NULL, NULL, NULL, '2014-03-24 22:22:16', NULL, NULL, NULL),
(28810, 531, 29, 79, NULL, NULL, NULL, '2014-03-24 22:22:17', NULL, NULL, NULL),
(28811, 662, 4, 113, NULL, NULL, NULL, '2014-03-24 22:22:16', NULL, NULL, NULL),
(28812, 530, 8, 20, NULL, NULL, NULL, '2014-03-24 22:22:16', NULL, NULL, NULL),
(28813, 546, 14, 45, NULL, NULL, NULL, '2014-03-24 22:22:16', NULL, NULL, NULL),
(28814, 522, 8, 23, NULL, NULL, NULL, '2014-03-24 22:22:16', NULL, NULL, NULL),
(28815, 522, 16, 51, NULL, NULL, NULL, '2014-03-24 22:22:16', NULL, NULL, NULL),
(28816, 522, 42, 108, NULL, NULL, NULL, '2014-03-24 22:22:16', NULL, NULL, NULL),
(28817, 522, 7, 17, NULL, NULL, NULL, '2014-03-24 22:22:16', NULL, NULL, NULL),
(28818, 521, 12, 30, NULL, NULL, NULL, '2014-03-24 22:22:16', NULL, NULL, NULL),
(28819, 668, 30, 84, NULL, 1, NULL, '2014-03-26 23:29:46', '2014-03-26 23:29:46', NULL, NULL),
(28820, 521, 16, 54, NULL, NULL, NULL, '2014-03-24 22:22:16', NULL, NULL, NULL),
(28821, 539, 30, 85, NULL, NULL, NULL, '2014-03-24 22:22:17', NULL, NULL, NULL),
(28822, 677, 38, 90, NULL, NULL, NULL, '2014-03-24 22:22:17', NULL, NULL, NULL),
(28823, 547, 29, 78, 1, 1, NULL, '2014-03-26 23:38:27', '2014-03-26 23:38:27', NULL, NULL),
(28824, 668, 29, 79, NULL, 1, NULL, '2014-03-26 23:29:18', '2014-03-26 23:29:18', NULL, NULL),
(28825, 530, 7, 40, NULL, NULL, NULL, '2014-03-24 22:22:16', NULL, NULL, NULL),
(28826, 523, 30, 83, NULL, NULL, NULL, '2014-03-24 22:22:16', NULL, NULL, NULL),
(28827, 538, 16, 52, NULL, NULL, NULL, '2014-03-24 22:22:16', NULL, NULL, NULL),
(28828, 522, 27, 69, NULL, 1, NULL, '2014-03-24 22:37:01', '2014-03-24 22:37:01', NULL, NULL),
(28829, 521, 7, 38, NULL, NULL, NULL, '2014-03-24 22:22:16', NULL, NULL, NULL),
(28830, 680, 39, 93, NULL, NULL, NULL, '2014-03-24 22:22:17', NULL, NULL, NULL),
(28831, 530, 27, 69, NULL, NULL, NULL, '2014-03-24 22:22:16', NULL, NULL, NULL),
(28832, 522, 7, 38, NULL, NULL, NULL, '2014-03-24 22:22:16', NULL, NULL, NULL),
(28833, 530, 7, 19, NULL, NULL, NULL, '2014-03-24 22:22:16', NULL, NULL, NULL),
(28834, 530, 16, 54, NULL, 1, NULL, '2014-03-26 23:27:49', '2014-03-26 23:27:49', NULL, NULL),
(28835, 546, 33, 67, 3, 1, NULL, '2014-03-27 18:24:12', '2014-03-27 18:24:12', NULL, NULL),
(28836, 521, 27, 59, NULL, NULL, NULL, '2014-03-24 22:22:16', NULL, NULL, NULL),
(28837, 547, 37, 74, 2, 1, NULL, '2014-03-25 13:50:50', '2014-03-25 13:50:50', NULL, NULL),
(28838, 546, 27, 58, 1, 1, NULL, '2014-03-24 22:28:07', '2014-03-24 22:28:07', NULL, NULL),
(28839, 521, 7, 18, NULL, NULL, NULL, '2014-03-24 22:22:16', NULL, NULL, NULL),
(28840, 546, 7, 19, NULL, NULL, NULL, '2014-03-24 22:22:16', NULL, NULL, NULL),
(28841, 532, 5, 8, NULL, NULL, NULL, '2014-03-24 22:22:16', NULL, NULL, NULL),
(28842, 538, 7, 38, NULL, NULL, NULL, '2014-03-24 22:22:16', NULL, NULL, NULL),
(28843, 546, 7, 41, NULL, NULL, NULL, '2014-03-24 22:22:16', NULL, NULL, NULL),
(28844, 522, 27, 57, NULL, 1, NULL, '2014-03-24 22:37:10', '2014-03-24 22:37:10', NULL, NULL),
(28845, 523, 28, 61, NULL, NULL, NULL, '2014-03-24 22:22:16', NULL, NULL, NULL),
(28846, 521, 8, 20, NULL, NULL, NULL, '2014-03-24 22:22:16', NULL, NULL, NULL),
(28847, 523, 29, 79, NULL, NULL, NULL, '2014-03-24 22:22:16', NULL, NULL, NULL),
(28848, 521, 42, 108, NULL, NULL, NULL, '2014-03-24 22:22:16', NULL, NULL, NULL),
(28849, 522, 12, 32, NULL, NULL, NULL, '2014-03-24 22:22:16', NULL, NULL, NULL),
(28850, 668, 29, 78, NULL, 1, NULL, '2014-03-26 23:29:26', '2014-03-26 23:29:26', NULL, NULL),
(28851, 538, 7, 19, NULL, NULL, NULL, '2014-03-24 22:22:16', NULL, NULL, NULL),
(28852, 678, 38, 90, NULL, NULL, NULL, '2014-03-24 22:22:17', NULL, NULL, NULL),
(28853, 522, 7, 12, NULL, NULL, NULL, '2014-03-24 22:22:16', NULL, NULL, NULL),
(28854, 538, 14, 43, NULL, NULL, NULL, '2014-03-24 22:22:16', NULL, NULL, NULL),
(28855, 529, 46, 110, NULL, NULL, NULL, '2014-03-24 22:22:16', NULL, NULL, NULL),
(28856, 538, 27, 59, NULL, 1, NULL, '2014-03-26 12:52:41', '2014-03-26 12:52:41', NULL, NULL),
(28857, 523, 29, 87, NULL, NULL, NULL, '2014-03-24 22:22:16', NULL, NULL, NULL),
(28858, 668, 28, 64, NULL, 1, NULL, '2014-03-26 23:29:37', '2014-03-26 23:29:37', NULL, NULL),
(28859, 538, 8, 25, NULL, NULL, NULL, '2014-03-24 22:22:16', NULL, NULL, NULL),
(28860, 539, 28, 63, NULL, NULL, NULL, '2014-03-24 22:22:17', NULL, NULL, NULL),
(28861, 530, 7, 21, NULL, NULL, NULL, '2014-03-24 22:22:16', NULL, NULL, NULL),
(28862, 530, 8, 25, NULL, NULL, NULL, '2014-03-24 22:22:16', NULL, NULL, NULL),
(28863, 522, 33, 67, NULL, 1, NULL, '2014-03-24 22:37:24', '2014-03-24 22:37:24', NULL, NULL),
(28864, 546, 12, 30, NULL, NULL, NULL, '2014-03-24 22:22:16', NULL, NULL, NULL),
(28865, 523, 29, 88, NULL, NULL, NULL, '2014-03-24 22:22:16', NULL, NULL, NULL),
(28866, 521, 16, 52, NULL, NULL, NULL, '2014-03-24 22:22:16', NULL, NULL, NULL),
(28867, 681, 39, 94, NULL, NULL, NULL, '2014-03-24 22:22:17', NULL, NULL, NULL),
(28868, 538, 13, 34, NULL, NULL, NULL, '2014-03-24 22:22:16', NULL, NULL, NULL),
(28869, 521, 13, 34, NULL, NULL, NULL, '2014-03-24 22:22:16', NULL, NULL, NULL),
(28870, 530, 16, 52, NULL, 1, NULL, '2014-03-26 23:28:00', '2014-03-26 23:28:00', NULL, NULL),
(28871, 532, 5, 10, NULL, NULL, NULL, '2014-03-24 22:22:16', NULL, NULL, NULL),
(28872, 538, 7, 12, NULL, NULL, NULL, '2014-03-24 22:22:16', NULL, NULL, NULL),
(28873, 530, 7, 12, NULL, NULL, NULL, '2014-03-24 22:22:16', NULL, NULL, NULL),
(28874, 521, 33, 67, NULL, NULL, NULL, '2014-03-24 22:22:16', NULL, NULL, NULL),
(28875, 522, 12, 33, NULL, NULL, NULL, '2014-03-24 22:22:16', NULL, NULL, NULL),
(28876, 534, 36, 104, NULL, NULL, NULL, '2014-03-24 22:22:16', NULL, NULL, NULL),
(28877, 540, 5, 11, NULL, NULL, NULL, '2014-03-24 22:22:16', NULL, NULL, NULL),
(28878, 534, 36, 105, NULL, NULL, NULL, '2014-03-24 22:22:16', NULL, NULL, NULL),
(28879, 530, 14, 42, NULL, NULL, NULL, '2014-03-24 22:22:16', NULL, NULL, NULL),
(28880, 522, 16, 55, NULL, NULL, NULL, '2014-03-24 22:22:16', NULL, NULL, NULL),
(28881, 522, 16, 54, NULL, NULL, NULL, '2014-03-24 22:22:16', NULL, NULL, NULL),
(28882, 546, 7, 17, NULL, NULL, NULL, '2014-03-24 22:22:16', NULL, NULL, NULL),
(28883, 530, 12, 33, NULL, 1, NULL, '2014-03-26 23:28:19', '2014-03-26 23:28:19', NULL, NULL),
(28884, 547, 30, 82, NULL, NULL, NULL, '2014-03-24 22:22:17', NULL, NULL, NULL),
(28885, 526, 36, 104, NULL, NULL, NULL, '2014-03-24 22:22:16', NULL, NULL, NULL),
(28886, 523, 30, 85, NULL, NULL, NULL, '2014-03-24 22:22:16', NULL, NULL, NULL),
(28887, 539, 29, 86, NULL, NULL, NULL, '2014-03-24 22:22:17', NULL, NULL, NULL),
(28888, 539, 29, 78, NULL, NULL, NULL, '2014-03-24 22:22:17', NULL, NULL, NULL),
(28889, 538, 9, 28, NULL, NULL, NULL, '2014-03-24 22:22:16', NULL, NULL, NULL),
(28890, 546, 16, 52, NULL, NULL, NULL, '2014-03-24 22:22:16', NULL, NULL, NULL),
(28891, 539, 37, 73, NULL, NULL, NULL, '2014-03-24 22:22:17', NULL, NULL, NULL),
(28892, 531, 37, 73, NULL, NULL, NULL, '2014-03-24 22:22:16', NULL, NULL, NULL),
(28893, 538, 12, 30, NULL, NULL, NULL, '2014-03-24 22:22:16', NULL, NULL, NULL),
(28894, 521, 16, 55, NULL, NULL, NULL, '2014-03-24 22:22:16', NULL, NULL, NULL),
(28895, 530, 13, 35, NULL, NULL, NULL, '2014-03-24 22:22:16', NULL, NULL, NULL),
(28896, 539, 28, 61, NULL, NULL, NULL, '2014-03-24 22:22:17', NULL, NULL, NULL),
(28897, 521, 7, 37, NULL, NULL, NULL, '2014-03-24 22:22:16', NULL, NULL, NULL),
(28898, 547, 29, 88, 1, 1, NULL, '2014-03-26 23:38:34', '2014-03-26 23:38:34', NULL, NULL),
(28899, 546, 27, 68, NULL, NULL, NULL, '2014-03-24 22:22:16', NULL, NULL, NULL),
(28900, 546, 8, 23, NULL, NULL, NULL, '2014-03-24 22:22:16', NULL, NULL, NULL),
(28901, 530, 27, 60, NULL, NULL, NULL, '2014-03-24 22:22:16', NULL, NULL, NULL),
(28902, 538, 8, 23, NULL, NULL, NULL, '2014-03-24 22:22:16', NULL, NULL, NULL),
(28903, 547, 37, 80, 4, 1, NULL, '2014-03-25 13:51:07', '2014-03-25 13:51:07', NULL, NULL),
(28904, 522, 33, 70, NULL, 1, NULL, '2014-03-24 22:37:45', '2014-03-24 22:37:45', NULL, NULL),
(28905, 546, 12, 32, NULL, NULL, NULL, '2014-03-24 22:22:16', NULL, NULL, NULL),
(28906, 547, 29, 87, 2, 1, NULL, '2014-03-26 23:38:45', '2014-03-26 23:38:45', NULL, NULL),
(28907, 547, 29, 86, NULL, NULL, NULL, '2014-03-24 22:22:17', NULL, NULL, NULL),
(28908, 530, 9, 36, NULL, NULL, NULL, '2014-03-24 22:22:16', NULL, NULL, NULL),
(28909, 668, 30, 83, NULL, 1, NULL, '2014-03-26 23:29:53', '2014-03-26 23:29:53', NULL, NULL),
(28910, 679, 39, 92, NULL, NULL, NULL, '2014-03-24 22:22:17', NULL, NULL, NULL),
(28911, 538, 7, 26, NULL, NULL, NULL, '2014-03-24 22:22:16', NULL, NULL, NULL),
(28912, 539, 37, 72, NULL, NULL, NULL, '2014-03-24 22:22:17', NULL, NULL, NULL),
(28913, 522, 9, 28, NULL, NULL, NULL, '2014-03-24 22:22:16', NULL, NULL, NULL),
(28914, 540, 5, 10, NULL, NULL, NULL, '2014-03-24 22:22:16', NULL, NULL, NULL),
(28915, 547, 29, 81, NULL, NULL, NULL, '2014-03-24 22:22:17', NULL, NULL, NULL),
(28916, 546, 16, 55, NULL, NULL, NULL, '2014-03-24 22:22:16', NULL, NULL, NULL),
(28917, 539, 37, 75, NULL, NULL, NULL, '2014-03-24 22:22:17', NULL, NULL, NULL),
(28918, 538, 15, 46, NULL, NULL, NULL, '2014-03-24 22:22:16', NULL, NULL, NULL),
(28919, 540, 5, 7, NULL, NULL, NULL, '2014-03-24 22:22:16', NULL, NULL, NULL),
(28920, 662, 4, 6, NULL, NULL, NULL, '2014-03-24 22:22:16', NULL, NULL, NULL),
(28921, 538, 14, 42, NULL, NULL, NULL, '2014-03-24 22:22:16', NULL, NULL, NULL),
(28922, 662, 5, 11, NULL, NULL, NULL, '2014-03-24 22:22:16', NULL, NULL, NULL),
(28923, 547, 28, 89, 1, 1, NULL, '2014-03-26 23:38:01', '2014-03-26 23:38:01', NULL, NULL),
(28924, 538, 16, 53, NULL, NULL, NULL, '2014-03-24 22:22:16', NULL, NULL, NULL),
(28925, 522, 7, 40, NULL, NULL, NULL, '2014-03-24 22:22:16', NULL, NULL, NULL),
(28926, 530, 7, 37, NULL, NULL, NULL, '2014-03-24 22:22:16', NULL, NULL, NULL),
(28927, 668, 30, 85, NULL, 1, NULL, '2014-03-26 23:30:02', '2014-03-26 23:30:02', NULL, NULL),
(28928, 531, 28, 63, NULL, NULL, NULL, '2014-03-24 22:22:17', NULL, NULL, NULL),
(28929, 523, 37, 75, NULL, NULL, NULL, '2014-03-24 22:22:16', NULL, NULL, NULL),
(28930, 538, 12, 32, NULL, NULL, NULL, '2014-03-24 22:22:16', NULL, NULL, NULL),
(28931, 537, 46, 110, NULL, NULL, NULL, '2014-03-24 22:22:16', NULL, NULL, NULL),
(28932, 521, 7, 17, NULL, NULL, NULL, '2014-03-24 22:22:16', NULL, NULL, NULL),
(28933, 521, 14, 44, NULL, NULL, NULL, '2014-03-24 22:22:16', NULL, NULL, NULL),
(28934, 664, 36, 103, NULL, NULL, NULL, '2014-03-24 22:22:16', NULL, NULL, NULL),
(28935, 530, 13, 34, NULL, NULL, NULL, '2014-03-24 22:22:16', NULL, NULL, NULL),
(28936, 523, 29, 78, NULL, NULL, NULL, '2014-03-24 22:22:16', NULL, NULL, NULL),
(28937, 521, 7, 12, NULL, NULL, NULL, '2014-03-24 22:22:16', NULL, NULL, NULL),
(28938, 538, 42, 107, NULL, NULL, NULL, '2014-03-24 22:22:16', NULL, NULL, NULL),
(28939, 668, 29, 86, NULL, 1, NULL, '2014-03-26 23:30:54', '2014-03-26 23:30:54', NULL, NULL),
(28940, 522, 7, 21, NULL, NULL, NULL, '2014-03-24 22:22:16', NULL, NULL, NULL),
(28941, 546, 14, 43, NULL, NULL, NULL, '2014-03-24 22:22:16', NULL, NULL, NULL),
(28942, 546, 16, 51, NULL, NULL, NULL, '2014-03-24 22:22:16', NULL, NULL, NULL),
(28943, 538, 33, 66, NULL, NULL, NULL, '2014-03-24 22:22:16', NULL, NULL, NULL),
(28944, 523, 28, 62, NULL, NULL, NULL, '2014-03-24 22:22:16', NULL, NULL, NULL),
(28945, 668, 37, 74, NULL, 1, NULL, '2014-03-26 23:29:08', '2014-03-26 23:29:08', NULL, NULL),
(28946, 531, 29, 78, NULL, NULL, NULL, '2014-03-24 22:22:17', NULL, NULL, NULL),
(28947, 538, 9, 27, NULL, NULL, NULL, '2014-03-24 22:22:16', NULL, NULL, NULL),
(28948, 538, 33, 67, NULL, NULL, NULL, '2014-03-24 22:22:16', NULL, NULL, NULL),
(28949, 550, 36, 104, NULL, NULL, NULL, '2014-03-24 22:22:16', NULL, NULL, NULL),
(28950, 546, 13, 34, NULL, NULL, NULL, '2014-03-24 22:22:16', NULL, NULL, NULL),
(28951, 530, 16, 51, NULL, NULL, NULL, '2014-03-24 22:22:16', NULL, NULL, NULL),
(28952, 546, 14, 42, NULL, NULL, NULL, '2014-03-24 22:22:16', NULL, NULL, NULL),
(28953, 521, 7, 21, NULL, NULL, NULL, '2014-03-24 22:22:16', NULL, NULL, NULL),
(28954, 532, 5, 11, NULL, NULL, NULL, '2014-03-24 22:22:16', NULL, NULL, NULL),
(28955, 546, 16, 50, NULL, NULL, NULL, '2014-03-24 22:22:16', NULL, NULL, NULL),
(28956, 533, 43, 109, NULL, NULL, NULL, '2014-03-24 22:22:16', NULL, NULL, NULL),
(28957, 522, 9, 27, NULL, NULL, NULL, '2014-03-24 22:22:16', NULL, NULL, NULL),
(28958, 668, 37, 77, NULL, NULL, NULL, '2014-03-24 22:22:16', NULL, NULL, NULL),
(28959, 521, 9, 27, NULL, NULL, NULL, '2014-03-24 22:22:16', NULL, NULL, NULL),
(28960, 530, 33, 70, NULL, 1, NULL, '2014-03-26 23:27:15', '2014-03-26 23:27:15', NULL, NULL),
(28961, 539, 30, 84, NULL, NULL, NULL, '2014-03-24 22:22:17', NULL, NULL, NULL),
(28962, 539, 37, 74, NULL, NULL, NULL, '2014-03-24 22:22:17', NULL, NULL, NULL),
(28963, 668, 29, 88, NULL, NULL, NULL, '2014-03-24 22:22:16', NULL, NULL, NULL),
(28964, 546, 7, 37, NULL, NULL, NULL, '2014-03-24 22:22:16', NULL, NULL, NULL),
(28965, 546, 7, 38, NULL, NULL, NULL, '2014-03-24 22:22:16', NULL, NULL, NULL),
(28966, 546, 7, 12, NULL, NULL, NULL, '2014-03-24 22:22:16', NULL, NULL, NULL),
(28967, 547, 28, 62, NULL, NULL, NULL, '2014-03-24 22:22:17', NULL, NULL, NULL),
(28968, 526, 36, 103, NULL, NULL, NULL, '2014-03-24 22:22:16', NULL, NULL, NULL),
(28969, 531, 29, 87, NULL, NULL, NULL, '2014-03-24 22:22:17', NULL, NULL, NULL),
(28970, 521, 7, 41, NULL, NULL, NULL, '2014-03-24 22:22:16', NULL, NULL, NULL),
(28971, 546, 27, 60, NULL, NULL, NULL, '2014-03-24 22:22:16', NULL, NULL, NULL),
(28972, 545, 46, 110, NULL, NULL, NULL, '2014-03-24 22:22:16', NULL, NULL, NULL),
(28973, 532, 5, 9, NULL, NULL, NULL, '2014-03-24 22:22:16', NULL, NULL, NULL),
(28974, 538, 7, 41, NULL, NULL, NULL, '2014-03-24 22:22:16', NULL, NULL, NULL),
(28975, 677, 38, 91, NULL, NULL, NULL, '2014-03-24 22:22:17', NULL, NULL, NULL),
(28976, 530, 33, 67, NULL, NULL, NULL, '2014-03-24 22:22:16', NULL, NULL, NULL),
(28977, 546, 9, 28, NULL, NULL, NULL, '2014-03-24 22:22:16', NULL, NULL, NULL),
(28978, 548, 5, 9, NULL, NULL, NULL, '2014-03-24 22:22:16', NULL, NULL, NULL),
(28979, 546, 27, 56, NULL, NULL, NULL, '2014-03-24 22:22:16', NULL, NULL, NULL),
(28980, 523, 28, 64, NULL, NULL, NULL, '2014-03-24 22:22:16', NULL, NULL, NULL),
(28981, 522, 15, 46, NULL, NULL, NULL, '2014-03-24 22:22:16', NULL, NULL, NULL),
(28982, 683, 39, 93, NULL, NULL, NULL, '2014-03-24 22:22:17', NULL, NULL, NULL),
(28983, 522, 33, 65, NULL, NULL, NULL, '2014-03-24 22:22:16', NULL, NULL, NULL),
(28984, 546, 7, 21, NULL, NULL, NULL, '2014-03-24 22:22:16', NULL, NULL, NULL),
(28985, 668, 37, 76, NULL, NULL, NULL, '2014-03-24 22:22:16', NULL, NULL, NULL),
(28986, 523, 29, 81, NULL, NULL, NULL, '2014-03-24 22:22:16', NULL, NULL, NULL),
(28987, 540, 4, 6, NULL, NULL, NULL, '2014-03-24 22:22:16', NULL, NULL, NULL),
(28988, 522, 14, 44, NULL, NULL, NULL, '2014-03-24 22:22:16', NULL, NULL, NULL),
(28989, 539, 29, 88, NULL, NULL, NULL, '2014-03-24 22:22:17', NULL, NULL, NULL),
(28990, 532, 5, 7, NULL, NULL, NULL, '2014-03-24 22:22:16', NULL, NULL, NULL),
(28991, 522, 14, 45, NULL, NULL, NULL, '2014-03-24 22:22:16', NULL, NULL, NULL),
(28992, 542, 36, 104, NULL, NULL, NULL, '2014-03-24 22:22:16', NULL, NULL, NULL),
(28993, 531, 29, 86, NULL, NULL, NULL, '2014-03-24 22:22:17', NULL, NULL, NULL),
(28994, 531, 30, 82, NULL, NULL, NULL, '2014-03-24 22:22:17', NULL, NULL, NULL),
(28995, 530, 16, 55, NULL, NULL, NULL, '2014-03-24 22:22:16', NULL, NULL, NULL),
(28996, 538, 16, 54, NULL, NULL, NULL, '2014-03-24 22:22:16', NULL, NULL, NULL),
(28997, 524, 4, 113, NULL, NULL, NULL, '2014-03-24 22:22:16', NULL, NULL, NULL),
(28998, 549, 43, 109, NULL, NULL, NULL, '2014-03-24 22:22:16', NULL, NULL, NULL),
(28999, 522, 7, 19, NULL, NULL, NULL, '2014-03-24 22:22:16', NULL, NULL, NULL),
(29000, 521, 7, 40, NULL, NULL, NULL, '2014-03-24 22:22:16', NULL, NULL, NULL),
(29001, 546, 33, 65, NULL, NULL, NULL, '2014-03-24 22:22:16', NULL, NULL, NULL),
(29002, 531, 37, 76, NULL, NULL, NULL, '2014-03-24 22:22:17', NULL, NULL, NULL),
(29003, 547, 37, 73, 1, 1, NULL, '2014-03-26 23:36:42', '2014-03-26 23:36:42', NULL, NULL),
(29004, 546, 27, 57, NULL, NULL, NULL, '2014-03-24 22:22:16', NULL, NULL, NULL),
(29005, 521, 16, 49, NULL, NULL, NULL, '2014-03-24 22:22:16', NULL, NULL, NULL),
(29006, 522, 27, 56, NULL, NULL, NULL, '2014-03-24 22:22:16', NULL, NULL, NULL),
(29007, 540, 5, 8, NULL, NULL, NULL, '2014-03-24 22:22:16', NULL, NULL, NULL),
(29008, 522, 27, 59, NULL, NULL, NULL, '2014-03-24 22:22:16', NULL, NULL, NULL),
(29009, 538, 12, 33, NULL, NULL, NULL, '2014-03-24 22:22:16', NULL, NULL, NULL),
(29010, 531, 29, 81, NULL, NULL, NULL, '2014-03-24 22:22:17', NULL, NULL, NULL),
(29011, 546, 16, 49, NULL, NULL, NULL, '2014-03-24 22:22:16', NULL, NULL, NULL),
(29012, 522, 8, 24, NULL, NULL, NULL, '2014-03-24 22:22:16', NULL, NULL, NULL),
(29013, 531, 28, 89, NULL, NULL, NULL, '2014-03-24 22:22:17', NULL, NULL, NULL),
(29014, 521, 27, 60, NULL, NULL, NULL, '2014-03-24 22:22:16', NULL, NULL, NULL),
(29015, 523, 30, 82, NULL, NULL, NULL, '2014-03-24 22:22:16', NULL, NULL, NULL),
(29016, 530, 8, 23, NULL, NULL, NULL, '2014-03-24 22:22:16', NULL, NULL, NULL),
(29017, 521, 16, 53, NULL, NULL, NULL, '2014-03-24 22:22:16', NULL, NULL, NULL),
(29018, 531, 30, 84, NULL, NULL, NULL, '2014-03-24 22:22:17', NULL, NULL, NULL),
(29019, 522, 42, 106, NULL, NULL, NULL, '2014-03-24 22:22:16', NULL, NULL, NULL),
(29020, 521, 8, 23, NULL, NULL, NULL, '2014-03-24 22:22:16', NULL, NULL, NULL),
(29021, 538, 27, 57, NULL, 1, NULL, '2014-03-26 12:52:51', '2014-03-26 12:52:51', NULL, NULL),
(29022, 521, 13, 35, NULL, NULL, NULL, '2014-03-24 22:22:16', NULL, NULL, NULL),
(29023, 531, 37, 80, NULL, NULL, NULL, '2014-03-24 22:22:17', NULL, NULL, NULL),
(29024, 522, 13, 35, NULL, NULL, NULL, '2014-03-24 22:22:16', NULL, NULL, NULL),
(29025, 521, 42, 107, NULL, NULL, NULL, '2014-03-24 22:22:16', NULL, NULL, NULL),
(29026, 547, 37, 76, 1, 1, NULL, '2014-03-26 23:36:57', '2014-03-26 23:36:57', NULL, NULL),
(29027, 521, 42, 106, NULL, NULL, NULL, '2014-03-24 22:22:16', NULL, NULL, NULL),
(29028, 547, 29, 79, NULL, NULL, NULL, '2014-03-24 22:22:17', NULL, NULL, NULL),
(29029, 521, 8, 24, NULL, NULL, NULL, '2014-03-24 22:22:16', NULL, NULL, NULL),
(29030, 668, 37, 73, NULL, NULL, NULL, '2014-03-24 22:22:16', NULL, NULL, NULL),
(29031, 524, 5, 11, NULL, NULL, NULL, '2014-03-24 22:22:16', NULL, NULL, NULL),
(29032, 678, 38, 91, 5, 1, NULL, '2014-03-27 21:58:21', '2014-03-27 21:58:21', NULL, NULL),
(29033, 523, 37, 72, NULL, NULL, NULL, '2014-03-24 22:22:16', NULL, NULL, NULL),
(29034, 531, 37, 74, NULL, NULL, NULL, '2014-03-24 22:22:17', NULL, NULL, NULL),
(29035, 680, 39, 92, NULL, NULL, NULL, '2014-03-24 22:22:17', NULL, NULL, NULL),
(29036, 530, 7, 26, NULL, NULL, NULL, '2014-03-24 22:22:16', NULL, NULL, NULL),
(29037, 521, 27, 58, NULL, NULL, NULL, '2014-03-24 22:22:16', NULL, NULL, NULL),
(29038, 521, 14, 45, NULL, NULL, NULL, '2014-03-24 22:22:16', NULL, NULL, NULL),
(29039, 522, 7, 26, NULL, NULL, NULL, '2014-03-24 22:22:16', NULL, NULL, NULL),
(29040, 675, 38, 90, NULL, NULL, NULL, '2014-03-24 22:22:17', NULL, NULL, NULL),
(29041, 547, 37, 75, NULL, NULL, NULL, '2014-03-24 22:22:17', NULL, NULL, NULL),
(29042, 548, 5, 8, NULL, NULL, NULL, '2014-03-24 22:22:16', NULL, NULL, NULL),
(29043, 682, 39, 94, NULL, NULL, NULL, '2014-03-24 22:22:17', NULL, NULL, NULL),
(29044, 538, 27, 60, NULL, 1, NULL, '2014-03-26 12:53:04', '2014-03-26 12:53:04', NULL, NULL),
(29045, 540, 5, 9, NULL, NULL, NULL, '2014-03-24 22:22:16', NULL, NULL, NULL),
(29046, 522, 27, 58, NULL, NULL, NULL, '2014-03-24 22:22:16', NULL, NULL, NULL),
(29047, 521, 15, 46, NULL, NULL, NULL, '2014-03-24 22:22:16', NULL, NULL, NULL),
(29048, 521, 9, 36, NULL, NULL, NULL, '2014-03-24 22:22:16', NULL, NULL, NULL),
(29049, 522, 33, 66, NULL, NULL, NULL, '2014-03-24 22:22:16', NULL, NULL, NULL),
(29050, 679, 39, 94, NULL, NULL, NULL, '2014-03-24 22:22:17', NULL, NULL, NULL),
(29051, 521, 27, 56, NULL, NULL, NULL, '2014-03-24 22:22:16', NULL, NULL, NULL),
(29052, 539, 37, 76, NULL, NULL, NULL, '2014-03-24 22:22:17', NULL, NULL, NULL),
(29053, 538, 27, 68, NULL, 1, NULL, '2014-03-26 12:53:19', '2014-03-26 12:53:19', NULL, NULL),
(29054, 531, 30, 85, NULL, NULL, NULL, '2014-03-24 22:22:17', NULL, NULL, NULL),
(29055, 521, 9, 28, NULL, NULL, NULL, '2014-03-24 22:22:16', NULL, NULL, NULL),
(29056, 547, 30, 83, NULL, NULL, NULL, '2014-03-24 22:22:17', NULL, NULL, NULL),
(29057, 668, 37, 80, NULL, NULL, NULL, '2014-03-24 22:22:16', NULL, NULL, NULL),
(29058, 546, 7, 22, NULL, NULL, NULL, '2014-03-24 22:22:16', NULL, NULL, NULL),
(29059, 522, 14, 43, NULL, NULL, NULL, '2014-03-24 22:22:16', NULL, NULL, NULL),
(29060, 546, 16, 54, NULL, NULL, NULL, '2014-03-24 22:22:16', NULL, NULL, NULL),
(29061, 546, 33, 66, NULL, NULL, NULL, '2014-03-24 22:22:16', NULL, NULL, NULL),
(29062, 662, 5, 9, NULL, NULL, NULL, '2014-03-24 22:22:16', NULL, NULL, NULL),
(29063, 539, 28, 64, NULL, NULL, NULL, '2014-03-24 22:22:17', NULL, NULL, NULL),
(29064, 546, 9, 36, NULL, NULL, NULL, '2014-03-24 22:22:16', NULL, NULL, NULL),
(29065, 523, 29, 86, NULL, NULL, NULL, '2014-03-24 22:22:16', NULL, NULL, NULL),
(29066, 539, 28, 89, NULL, NULL, NULL, '2014-03-24 22:22:17', NULL, NULL, NULL),
(29067, 530, 16, 53, NULL, NULL, NULL, '2014-03-24 22:22:16', NULL, NULL, NULL),
(29068, 538, 7, 17, NULL, NULL, NULL, '2014-03-24 22:22:16', NULL, NULL, NULL),
(29069, 538, 42, 106, NULL, NULL, NULL, '2014-03-24 22:22:16', NULL, NULL, NULL),
(29070, 530, 12, 32, NULL, NULL, NULL, '2014-03-24 22:22:16', NULL, NULL, NULL),
(29071, 546, 7, 40, NULL, NULL, NULL, '2014-03-24 22:22:16', NULL, NULL, NULL),
(29072, 521, 12, 33, NULL, NULL, NULL, '2014-03-24 22:22:16', NULL, NULL, NULL),
(29073, 674, 38, 90, NULL, NULL, NULL, '2014-03-24 22:22:17', NULL, NULL, NULL),
(29074, 548, 5, 10, NULL, NULL, NULL, '2014-03-24 22:22:16', NULL, NULL, NULL),
(29075, 539, 29, 79, NULL, NULL, NULL, '2014-03-24 22:22:17', NULL, NULL, NULL),
(29076, 539, 30, 82, NULL, NULL, NULL, '2014-03-24 22:22:17', NULL, NULL, NULL),
(29077, 530, 15, 46, NULL, NULL, NULL, '2014-03-24 22:22:16', NULL, NULL, NULL),
(29078, 664, 36, 104, NULL, NULL, NULL, '2014-03-24 22:22:16', NULL, NULL, NULL),
(29079, 681, 39, 93, NULL, NULL, NULL, '2014-03-24 22:22:17', NULL, NULL, NULL),
(29080, 675, 38, 91, NULL, NULL, NULL, '2014-03-24 22:22:17', NULL, NULL, NULL),
(29081, 662, 5, 8, NULL, NULL, NULL, '2014-03-24 22:22:16', NULL, NULL, NULL),
(29082, 538, 27, 69, NULL, NULL, NULL, '2014-03-24 22:22:16', NULL, NULL, NULL),
(29083, 668, 29, 87, NULL, NULL, NULL, '2014-03-24 22:22:16', NULL, NULL, NULL),
(29084, 547, 37, 72, NULL, NULL, NULL, '2014-03-24 22:22:17', NULL, NULL, NULL),
(29085, 530, 42, 106, NULL, NULL, NULL, '2014-03-24 22:22:16', NULL, NULL, NULL),
(29086, 521, 33, 71, NULL, NULL, NULL, '2014-03-24 22:22:16', NULL, NULL, NULL),
(29087, 522, 8, 25, NULL, NULL, NULL, '2014-03-24 22:22:16', NULL, NULL, NULL),
(29088, 521, 14, 43, NULL, NULL, NULL, '2014-03-24 22:22:16', NULL, NULL, NULL),
(29089, 674, 38, 91, NULL, NULL, NULL, '2014-03-24 22:22:17', NULL, NULL, NULL),
(29090, 523, 37, 76, NULL, NULL, NULL, '2014-03-24 22:22:16', NULL, NULL, NULL),
(29091, 530, 27, 68, NULL, NULL, NULL, '2014-03-24 22:22:16', NULL, NULL, NULL),
(29092, 682, 39, 92, NULL, NULL, NULL, '2014-03-24 22:22:17', NULL, NULL, NULL),
(29093, 538, 16, 55, NULL, NULL, NULL, '2014-03-24 22:22:16', NULL, NULL, NULL),
(29094, 546, 12, 33, NULL, NULL, NULL, '2014-03-24 22:22:16', NULL, NULL, NULL),
(29095, 531, 37, 75, NULL, NULL, NULL, '2014-03-24 22:22:16', NULL, NULL, NULL),
(29096, 530, 14, 43, NULL, NULL, NULL, '2014-03-24 22:22:16', NULL, NULL, NULL),
(29097, 547, 28, 63, NULL, NULL, NULL, '2014-03-24 22:22:17', NULL, NULL, NULL),
(29098, 546, 33, 71, NULL, NULL, NULL, '2014-03-24 22:22:16', NULL, NULL, NULL),
(29099, 683, 39, 94, NULL, NULL, NULL, '2014-03-24 22:22:17', NULL, NULL, NULL),
(29100, 523, 37, 74, NULL, NULL, NULL, '2014-03-24 22:22:16', NULL, NULL, NULL),
(29101, 521, 27, 57, NULL, NULL, NULL, '2014-03-24 22:22:16', NULL, NULL, NULL),
(29102, 668, 28, 89, NULL, 1, NULL, '2014-03-26 23:30:32', '2014-03-26 23:30:32', NULL, NULL),
(29103, 668, 28, 63, NULL, 1, NULL, '2014-03-26 23:30:23', '2014-03-26 23:30:23', NULL, NULL),
(29104, 546, 33, 70, NULL, NULL, NULL, '2014-03-24 22:22:16', NULL, NULL, NULL),
(29105, 525, 43, 109, NULL, NULL, NULL, '2014-03-24 22:22:16', NULL, NULL, NULL),
(29106, 547, 37, 77, NULL, NULL, NULL, '2014-03-24 22:22:17', NULL, NULL, NULL),
(29107, 538, 14, 45, NULL, NULL, NULL, '2014-03-24 22:22:16', NULL, NULL, NULL),
(29108, 523, 37, 73, NULL, NULL, NULL, '2014-03-24 22:22:16', NULL, NULL, NULL),
(29109, 522, 16, 52, NULL, NULL, NULL, '2014-03-24 22:22:16', NULL, NULL, NULL),
(29110, 530, 7, 38, NULL, NULL, NULL, '2014-03-24 22:22:16', NULL, NULL, NULL),
(29111, 532, 4, 113, NULL, NULL, NULL, '2014-03-24 22:22:16', NULL, NULL, NULL),
(29112, 530, 9, 28, NULL, NULL, NULL, '2014-03-24 22:22:16', NULL, NULL, NULL),
(29113, 546, 7, 18, NULL, NULL, NULL, '2014-03-24 22:22:16', NULL, NULL, NULL),
(29114, 530, 7, 17, NULL, NULL, NULL, '2014-03-24 22:22:16', NULL, NULL, NULL),
(29115, 523, 30, 84, NULL, NULL, NULL, '2014-03-24 22:22:16', NULL, NULL, NULL),
(29116, 668, 37, 75, NULL, NULL, NULL, '2014-03-24 22:22:16', NULL, NULL, NULL),
(29117, 521, 12, 32, NULL, NULL, NULL, '2014-03-24 22:22:16', NULL, NULL, NULL),
(29118, 521, 14, 42, NULL, NULL, NULL, '2014-03-24 22:22:16', NULL, NULL, NULL),
(29119, 538, 33, 70, NULL, NULL, NULL, '2014-03-24 22:22:16', NULL, NULL, NULL),
(29120, 521, 7, 26, NULL, NULL, NULL, '2014-03-24 22:22:16', NULL, NULL, NULL),
(29121, 538, 27, 58, NULL, NULL, NULL, '2014-03-24 22:22:16', NULL, NULL, NULL),
(29122, 676, 38, 91, NULL, NULL, NULL, '2014-03-24 22:22:17', NULL, NULL, NULL),
(29123, 530, 42, 108, NULL, NULL, NULL, '2014-03-24 22:22:16', NULL, NULL, NULL),
(29124, 668, 28, 62, NULL, 1, NULL, '2014-03-26 23:30:43', '2014-03-26 23:30:43', NULL, NULL),
(29125, 523, 37, 77, NULL, NULL, NULL, '2014-03-24 22:22:16', NULL, NULL, NULL),
(29126, 521, 16, 50, NULL, NULL, NULL, '2014-03-24 22:22:16', NULL, NULL, NULL),
(29127, 524, 5, 7, NULL, NULL, NULL, '2014-03-24 22:22:16', NULL, NULL, NULL),
(29128, 524, 5, 8, NULL, NULL, NULL, '2014-03-24 22:22:16', NULL, NULL, NULL),
(29129, 522, 14, 42, NULL, NULL, NULL, '2014-03-24 22:22:16', NULL, NULL, NULL),
(29130, 548, 4, 6, NULL, NULL, NULL, '2014-03-24 22:22:16', NULL, NULL, NULL),
(29131, 550, 36, 105, NULL, NULL, NULL, '2014-03-24 22:22:16', NULL, NULL, NULL),
(29132, 538, 16, 50, NULL, NULL, NULL, '2014-03-24 22:22:16', NULL, NULL, NULL),
(29133, 521, 16, 51, NULL, NULL, NULL, '2014-03-24 22:22:16', NULL, NULL, NULL),
(29134, 546, 42, 108, NULL, NULL, NULL, '2014-03-24 22:22:16', NULL, NULL, NULL),
(29135, 547, 30, 85, NULL, NULL, NULL, '2014-03-24 22:22:17', NULL, NULL, NULL),
(29136, 546, 14, 44, NULL, NULL, NULL, '2014-03-24 22:22:16', NULL, NULL, NULL),
(29137, 531, 37, 77, NULL, NULL, NULL, '2014-03-24 22:22:17', NULL, NULL, NULL),
(29138, 680, 39, 94, NULL, NULL, NULL, '2014-03-24 22:22:17', NULL, NULL, NULL),
(29139, 546, 13, 35, NULL, NULL, NULL, '2014-03-24 22:22:16', NULL, NULL, NULL),
(29140, 546, 15, 46, NULL, NULL, NULL, '2014-03-24 22:22:16', NULL, NULL, NULL),
(29141, 530, 7, 18, NULL, NULL, NULL, '2014-03-24 22:22:16', NULL, NULL, NULL),
(29142, 538, 14, 44, NULL, NULL, NULL, '2014-03-24 22:22:16', NULL, NULL, NULL),
(29143, 523, 28, 63, NULL, NULL, NULL, '2014-03-24 22:22:16', NULL, NULL, NULL),
(29144, 522, 33, 71, NULL, NULL, NULL, '2014-03-24 22:22:16', NULL, NULL, NULL),
(29145, 542, 36, 105, NULL, NULL, NULL, '2014-03-24 22:22:16', NULL, NULL, NULL),
(29146, 538, 9, 36, NULL, NULL, NULL, '2014-03-24 22:22:16', NULL, NULL, NULL),
(29147, 522, 7, 18, NULL, NULL, NULL, '2014-03-24 22:22:16', NULL, NULL, NULL),
(29148, 668, 28, 61, NULL, NULL, NULL, '2014-03-24 22:22:16', NULL, NULL, NULL),
(29149, 681, 39, 92, NULL, NULL, NULL, '2014-03-24 22:22:17', NULL, NULL, NULL),
(29150, 547, 28, 61, NULL, NULL, NULL, '2014-03-24 22:22:17', NULL, NULL, NULL),
(29151, 522, 7, 37, NULL, NULL, NULL, '2014-03-24 22:22:16', NULL, NULL, NULL),
(29152, 531, 28, 62, NULL, NULL, NULL, '2014-03-24 22:22:17', NULL, NULL, NULL),
(29153, 521, 7, 22, NULL, NULL, NULL, '2014-03-24 22:22:16', NULL, NULL, NULL),
(29154, 550, 36, 103, NULL, NULL, NULL, '2014-03-24 22:22:16', NULL, NULL, NULL),
(29155, 521, 33, 70, NULL, NULL, NULL, '2014-03-24 22:22:16', NULL, NULL, NULL),
(29156, 546, 16, 53, NULL, NULL, NULL, '2014-03-24 22:22:16', NULL, NULL, NULL),
(29157, 663, 46, 110, NULL, NULL, NULL, '2014-03-24 22:22:16', NULL, NULL, NULL),
(29158, 546, 9, 27, NULL, NULL, NULL, '2014-03-24 22:22:16', NULL, NULL, NULL),
(29159, 668, 37, 72, NULL, NULL, NULL, '2014-03-24 22:22:16', NULL, NULL, NULL),
(29160, 546, 8, 20, NULL, NULL, NULL, '2014-03-24 22:22:16', NULL, NULL, NULL),
(29161, 531, 28, 64, NULL, NULL, NULL, '2014-03-24 22:22:17', NULL, NULL, NULL),
(29162, 546, 42, 107, NULL, NULL, NULL, '2014-03-24 22:22:16', NULL, NULL, NULL),
(29163, 538, 8, 20, NULL, NULL, NULL, '2014-03-24 22:22:16', NULL, NULL, NULL),
(29164, 521, 33, 65, NULL, NULL, NULL, '2014-03-24 22:22:16', NULL, NULL, NULL),
(29165, 530, 14, 45, NULL, NULL, NULL, '2014-03-24 22:22:16', NULL, NULL, NULL),
(29166, 539, 29, 87, NULL, NULL, NULL, '2014-03-24 22:22:17', NULL, NULL, NULL),
(29167, 538, 13, 35, NULL, NULL, NULL, '2014-03-24 22:22:16', NULL, NULL, NULL),
(29168, 521, 8, 25, NULL, NULL, NULL, '2014-03-24 22:22:16', NULL, NULL, NULL),
(29169, 530, 33, 65, NULL, NULL, NULL, '2014-03-24 22:22:16', NULL, NULL, NULL),
(29170, 522, 7, 41, NULL, NULL, NULL, '2014-03-24 22:22:16', NULL, NULL, NULL),
(29171, 553, 46, 110, NULL, NULL, NULL, '2014-03-24 22:22:16', NULL, NULL, NULL),
(29172, 531, 28, 61, NULL, NULL, NULL, '2014-03-24 22:22:17', NULL, NULL, NULL),
(29173, 522, 13, 34, NULL, NULL, NULL, '2014-03-24 22:22:16', NULL, NULL, NULL),
(29174, 531, 30, 83, NULL, NULL, NULL, '2014-03-24 22:22:17', NULL, NULL, NULL),
(29175, 521, 7, 19, NULL, NULL, NULL, '2014-03-24 22:22:16', NULL, NULL, NULL),
(29176, 538, 8, 24, NULL, NULL, NULL, '2014-03-24 22:22:16', NULL, NULL, NULL),
(29177, 683, 39, 92, NULL, NULL, NULL, '2014-03-24 22:22:17', NULL, NULL, NULL),
(29178, 676, 38, 90, NULL, NULL, NULL, '2014-03-24 22:22:17', NULL, NULL, NULL),
(29179, 540, 4, 113, NULL, NULL, NULL, '2014-03-24 22:22:16', NULL, NULL, NULL),
(29180, 547, 30, 84, NULL, NULL, NULL, '2014-03-24 22:22:17', NULL, NULL, NULL),
(29181, 538, 16, 49, NULL, NULL, NULL, '2014-03-24 22:22:16', NULL, NULL, NULL),
(29182, 530, 27, 58, NULL, NULL, NULL, '2014-03-24 22:22:16', NULL, NULL, NULL),
(29183, 522, 7, 22, NULL, NULL, NULL, '2014-03-24 22:22:16', NULL, NULL, NULL),
(29184, 538, 7, 22, NULL, NULL, NULL, '2014-03-24 22:22:16', NULL, NULL, NULL),
(29185, 530, 33, 71, NULL, NULL, NULL, '2014-03-24 22:22:16', NULL, NULL, NULL),
(29186, 530, 16, 49, NULL, NULL, NULL, '2014-03-24 22:22:16', NULL, NULL, NULL),
(29187, 548, 4, 113, NULL, NULL, NULL, '2014-03-24 22:22:16', NULL, NULL, NULL),
(29188, 530, 16, 50, NULL, NULL, NULL, '2014-03-24 22:22:16', NULL, NULL, NULL),
(29189, 532, 4, 6, NULL, NULL, NULL, '2014-03-24 22:22:16', NULL, NULL, NULL),
(29190, 538, 7, 40, NULL, NULL, NULL, '2014-03-24 22:22:16', NULL, NULL, NULL),
(29191, 530, 12, 30, NULL, NULL, NULL, '2014-03-24 22:22:16', NULL, NULL, NULL),
(29192, 547, 28, 64, NULL, NULL, NULL, '2014-03-24 22:22:17', NULL, NULL, NULL),
(29193, 668, 29, 81, NULL, NULL, NULL, '2014-03-24 22:22:16', NULL, NULL, NULL),
(29194, 682, 39, 93, NULL, NULL, NULL, '2014-03-24 22:22:17', NULL, NULL, NULL),
(29195, 522, 16, 49, NULL, NULL, NULL, '2014-03-24 22:22:16', NULL, NULL, NULL),
(29196, 546, 42, 106, NULL, NULL, NULL, '2014-03-24 22:22:16', NULL, NULL, NULL),
(29197, 522, 8, 20, NULL, NULL, NULL, '2014-03-24 22:22:16', NULL, NULL, NULL),
(29198, 524, 5, 9, NULL, NULL, NULL, '2014-03-24 22:22:16', NULL, NULL, NULL),
(29199, 546, 8, 25, NULL, NULL, NULL, '2014-03-24 22:22:16', NULL, NULL, NULL),
(29200, 538, 27, 56, NULL, NULL, NULL, '2014-03-24 22:22:16', NULL, NULL, NULL),
(29201, 546, 7, 26, NULL, NULL, NULL, '2014-03-24 22:22:16', NULL, NULL, NULL),
(29202, 546, 27, 59, NULL, NULL, NULL, '2014-03-24 22:22:16', NULL, NULL, NULL),
(29203, 522, 9, 36, NULL, NULL, NULL, '2014-03-24 22:22:16', NULL, NULL, NULL),
(29204, 531, 37, 72, NULL, NULL, NULL, '2014-03-24 22:22:16', NULL, NULL, NULL),
(29205, 538, 33, 71, NULL, NULL, NULL, '2014-03-24 22:22:16', NULL, NULL, NULL),
(29206, 542, 36, 103, NULL, NULL, NULL, '2014-03-24 22:22:16', NULL, NULL, NULL),
(29207, 530, 8, 24, NULL, NULL, NULL, '2014-03-24 22:22:16', NULL, NULL, NULL),
(29208, 522, 27, 68, NULL, NULL, NULL, '2014-03-24 22:22:16', NULL, NULL, NULL),
(29209, 530, 33, 66, NULL, NULL, NULL, '2014-03-24 22:22:16', NULL, NULL, NULL),
(29210, 662, 5, 7, NULL, NULL, NULL, '2014-03-24 22:22:16', NULL, NULL, NULL);
INSERT INTO `courseTraineeActivity` (`courseTraineeActivityID`, `courseTraineeID`, `lessonID`, `activityID`, `ratingID`, `completedFlag`, `comment`, `dateUpdated`, `completionDate`, `refreshRequested`, `completionPercentage`) VALUES
(29211, 538, 33, 65, NULL, NULL, NULL, '2014-03-24 22:22:16', NULL, NULL, NULL),
(29212, 664, 36, 105, NULL, NULL, NULL, '2014-03-24 22:22:16', NULL, NULL, NULL),
(29213, 523, 37, 80, NULL, NULL, NULL, '2014-03-24 22:22:16', NULL, NULL, NULL),
(29214, 539, 37, 77, NULL, NULL, NULL, '2014-03-24 22:22:17', NULL, NULL, NULL),
(29215, 524, 4, 6, NULL, NULL, NULL, '2014-03-24 22:22:16', NULL, NULL, NULL),
(29216, 667, 43, 109, NULL, NULL, NULL, '2014-03-24 22:22:16', NULL, NULL, NULL),
(29217, 668, 30, 82, NULL, NULL, NULL, '2014-03-24 22:22:16', NULL, NULL, NULL),
(29218, 539, 30, 83, NULL, NULL, NULL, '2014-03-24 22:22:17', NULL, NULL, NULL),
(29219, 679, 39, 93, NULL, NULL, NULL, '2014-03-24 22:22:17', NULL, NULL, NULL),
(29220, 546, 8, 24, NULL, NULL, NULL, '2014-03-24 22:22:16', NULL, NULL, NULL),
(29221, 521, 27, 68, NULL, NULL, NULL, '2014-03-24 22:22:16', NULL, NULL, NULL),
(29222, 522, 16, 50, NULL, NULL, NULL, '2014-03-24 22:22:16', NULL, NULL, NULL),
(29223, 524, 5, 10, NULL, NULL, NULL, '2014-03-24 22:22:16', NULL, NULL, NULL),
(29224, 662, 5, 10, NULL, NULL, NULL, '2014-03-24 22:22:16', NULL, NULL, NULL),
(29225, 539, 29, 81, NULL, NULL, NULL, '2014-03-24 22:22:17', NULL, NULL, NULL),
(29226, 538, 7, 18, NULL, NULL, NULL, '2014-03-24 22:22:16', NULL, NULL, NULL),
(29227, 522, 12, 30, NULL, NULL, NULL, '2014-03-24 22:22:16', NULL, NULL, NULL),
(29228, 523, 28, 89, NULL, NULL, NULL, '2014-03-24 22:22:16', NULL, NULL, NULL),
(29229, 522, 16, 53, NULL, NULL, NULL, '2014-03-24 22:22:16', NULL, NULL, NULL),
(29230, 530, 27, 59, NULL, NULL, NULL, '2014-03-24 22:22:16', NULL, NULL, NULL),
(29231, 530, 9, 27, NULL, NULL, NULL, '2014-03-24 22:22:16', NULL, NULL, NULL),
(29232, 538, 42, 108, NULL, NULL, NULL, '2014-03-24 22:22:16', NULL, NULL, NULL),
(29233, 548, 5, 11, NULL, NULL, NULL, '2014-03-24 22:22:16', NULL, NULL, NULL),
(29234, 538, 7, 21, NULL, NULL, NULL, '2014-03-24 22:22:16', NULL, NULL, NULL),
(29235, 522, 27, 60, NULL, NULL, NULL, '2014-03-24 22:22:16', NULL, NULL, NULL),
(29236, 205, 4, 113, NULL, NULL, NULL, '2014-03-24 22:34:34', NULL, NULL, NULL),
(29237, 733, 4, 113, NULL, NULL, NULL, '2014-03-24 22:34:34', NULL, NULL, NULL),
(29238, 231, 4, 113, NULL, NULL, NULL, '2014-03-24 22:34:34', NULL, NULL, NULL),
(29239, 211, 4, 113, NULL, NULL, NULL, '2014-03-24 22:34:34', NULL, NULL, NULL),
(29240, 281, 4, 113, NULL, NULL, NULL, '2014-03-24 22:34:34', NULL, NULL, NULL),
(29241, 311, 4, 113, NULL, NULL, NULL, '2014-03-24 22:34:34', NULL, NULL, NULL),
(29242, 495, 4, 113, NULL, NULL, NULL, '2014-03-24 22:34:34', NULL, NULL, NULL),
(29243, 745, 4, 113, NULL, NULL, NULL, '2014-03-24 22:34:34', NULL, NULL, NULL),
(29244, 505, 4, 113, NULL, NULL, NULL, '2014-03-24 22:34:34', NULL, NULL, NULL),
(29245, 721, 4, 113, NULL, NULL, NULL, '2014-03-24 22:34:34', NULL, NULL, NULL),
(29246, 341, 4, 113, NULL, NULL, NULL, '2014-03-24 22:34:34', NULL, NULL, NULL),
(29247, 241, 4, 113, NULL, NULL, NULL, '2014-03-24 22:34:34', NULL, NULL, NULL),
(29248, 321, 4, 113, NULL, NULL, NULL, '2014-03-24 22:34:34', NULL, NULL, NULL),
(29249, 221, 4, 113, NULL, NULL, NULL, '2014-03-24 22:34:34', NULL, NULL, NULL),
(29250, 271, 4, 113, NULL, NULL, NULL, '2014-03-24 22:34:34', NULL, NULL, NULL),
(29251, 301, 4, 113, NULL, NULL, NULL, '2014-03-24 22:34:34', NULL, NULL, NULL),
(29252, 291, 4, 113, NULL, NULL, NULL, '2014-03-24 22:34:34', NULL, NULL, NULL),
(29253, 261, 4, 113, NULL, NULL, NULL, '2014-03-24 22:34:34', NULL, NULL, NULL),
(29254, 251, 4, 113, NULL, NULL, NULL, '2014-03-24 22:34:34', NULL, NULL, NULL),
(29255, 515, 4, 113, NULL, NULL, NULL, '2014-03-24 22:34:34', NULL, NULL, NULL),
(29256, 331, 4, 113, NULL, NULL, NULL, '2014-03-24 22:34:34', NULL, NULL, NULL),
(29257, 779, 8, 24, NULL, NULL, NULL, '2014-03-25 15:26:08', NULL, NULL, NULL),
(29258, 779, 7, 17, NULL, NULL, NULL, '2014-03-25 15:26:08', NULL, NULL, NULL),
(29259, 779, 33, 66, NULL, NULL, NULL, '2014-03-25 15:26:08', NULL, NULL, NULL),
(29260, 779, 15, 46, NULL, NULL, NULL, '2014-03-25 15:26:08', NULL, NULL, NULL),
(29261, 779, 7, 18, NULL, NULL, NULL, '2014-03-25 15:26:08', NULL, NULL, NULL),
(29262, 779, 16, 51, NULL, NULL, NULL, '2014-03-25 15:26:08', NULL, NULL, NULL),
(29263, 779, 16, 54, NULL, NULL, NULL, '2014-03-25 15:26:08', NULL, NULL, NULL),
(29264, 779, 7, 12, NULL, NULL, NULL, '2014-03-25 15:26:08', NULL, NULL, NULL),
(29265, 779, 42, 106, NULL, NULL, NULL, '2014-03-25 15:26:08', NULL, NULL, NULL),
(29266, 779, 12, 33, NULL, NULL, NULL, '2014-03-25 15:26:08', NULL, NULL, NULL),
(29267, 779, 33, 71, NULL, NULL, NULL, '2014-03-25 15:26:08', NULL, NULL, NULL),
(29268, 779, 9, 28, NULL, NULL, NULL, '2014-03-25 15:26:08', NULL, NULL, NULL),
(29269, 779, 14, 42, NULL, NULL, NULL, '2014-03-25 15:26:08', NULL, NULL, NULL),
(29270, 779, 42, 107, NULL, NULL, NULL, '2014-03-25 15:26:08', NULL, NULL, NULL),
(29271, 779, 8, 20, NULL, NULL, NULL, '2014-03-25 15:26:08', NULL, NULL, NULL),
(29272, 779, 33, 70, NULL, NULL, NULL, '2014-03-25 15:26:08', NULL, NULL, NULL),
(29273, 779, 7, 26, NULL, NULL, NULL, '2014-03-25 15:26:08', NULL, NULL, NULL),
(29274, 779, 14, 44, NULL, NULL, NULL, '2014-03-25 15:26:08', NULL, NULL, NULL),
(29275, 779, 27, 59, NULL, NULL, NULL, '2014-03-25 15:26:08', NULL, NULL, NULL),
(29276, 779, 7, 21, NULL, NULL, NULL, '2014-03-25 15:26:08', NULL, NULL, NULL),
(29277, 779, 33, 67, NULL, NULL, NULL, '2014-03-25 15:26:08', NULL, NULL, NULL),
(29278, 779, 8, 23, NULL, NULL, NULL, '2014-03-25 15:26:08', NULL, NULL, NULL),
(29279, 779, 7, 40, NULL, NULL, NULL, '2014-03-25 15:26:08', NULL, NULL, NULL),
(29280, 779, 27, 58, NULL, NULL, NULL, '2014-03-25 15:26:08', NULL, NULL, NULL),
(29281, 779, 13, 34, NULL, NULL, NULL, '2014-03-25 15:26:08', NULL, NULL, NULL),
(29282, 779, 33, 65, NULL, NULL, NULL, '2014-03-25 15:26:08', NULL, NULL, NULL),
(29283, 779, 42, 108, NULL, NULL, NULL, '2014-03-25 15:26:08', NULL, NULL, NULL),
(29284, 779, 7, 41, NULL, NULL, NULL, '2014-03-25 15:26:08', NULL, NULL, NULL),
(29285, 779, 7, 19, NULL, NULL, NULL, '2014-03-25 15:26:08', NULL, NULL, NULL),
(29286, 779, 12, 30, NULL, NULL, NULL, '2014-03-25 15:26:08', NULL, NULL, NULL),
(29287, 779, 12, 32, NULL, NULL, NULL, '2014-03-25 15:26:08', NULL, NULL, NULL),
(29288, 779, 16, 52, NULL, NULL, NULL, '2014-03-25 15:26:08', NULL, NULL, NULL),
(29289, 779, 7, 38, NULL, NULL, NULL, '2014-03-25 15:26:08', NULL, NULL, NULL),
(29290, 779, 27, 57, NULL, NULL, NULL, '2014-03-25 15:26:08', NULL, NULL, NULL),
(29291, 779, 27, 56, NULL, NULL, NULL, '2014-03-25 15:26:08', NULL, NULL, NULL),
(29292, 779, 16, 53, NULL, NULL, NULL, '2014-03-25 15:26:08', NULL, NULL, NULL),
(29293, 779, 14, 45, NULL, NULL, NULL, '2014-03-25 15:26:08', NULL, NULL, NULL),
(29294, 779, 16, 55, NULL, NULL, NULL, '2014-03-25 15:26:08', NULL, NULL, NULL),
(29295, 779, 27, 60, NULL, NULL, NULL, '2014-03-25 15:26:08', NULL, NULL, NULL),
(29296, 779, 16, 49, NULL, NULL, NULL, '2014-03-25 15:26:08', NULL, NULL, NULL),
(29297, 779, 8, 25, NULL, NULL, NULL, '2014-03-25 15:26:08', NULL, NULL, NULL),
(29298, 779, 16, 50, NULL, NULL, NULL, '2014-03-25 15:26:08', NULL, NULL, NULL),
(29299, 779, 9, 27, NULL, NULL, NULL, '2014-03-25 15:26:08', NULL, NULL, NULL),
(29300, 779, 27, 69, NULL, NULL, NULL, '2014-03-25 15:26:08', NULL, NULL, NULL),
(29301, 779, 7, 37, NULL, NULL, NULL, '2014-03-25 15:26:08', NULL, NULL, NULL),
(29302, 779, 9, 36, NULL, NULL, NULL, '2014-03-25 15:26:08', NULL, NULL, NULL),
(29303, 779, 27, 68, NULL, NULL, NULL, '2014-03-25 15:26:08', NULL, NULL, NULL),
(29304, 779, 14, 43, NULL, NULL, NULL, '2014-03-25 15:26:08', NULL, NULL, NULL),
(29305, 779, 13, 35, NULL, NULL, NULL, '2014-03-25 15:26:08', NULL, NULL, NULL),
(29306, 779, 7, 22, NULL, NULL, NULL, '2014-03-25 15:26:08', NULL, NULL, NULL),
(29307, 780, 30, 84, NULL, NULL, NULL, '2014-03-25 15:26:08', NULL, NULL, NULL),
(29308, 780, 28, 62, NULL, NULL, NULL, '2014-03-25 15:26:08', NULL, NULL, NULL),
(29309, 780, 37, 77, NULL, NULL, NULL, '2014-03-25 15:26:08', NULL, NULL, NULL),
(29310, 780, 28, 89, NULL, NULL, NULL, '2014-03-25 15:26:08', NULL, NULL, NULL),
(29311, 780, 37, 74, NULL, NULL, NULL, '2014-03-25 15:26:08', NULL, NULL, NULL),
(29312, 780, 28, 61, NULL, NULL, NULL, '2014-03-25 15:26:08', NULL, NULL, NULL),
(29313, 780, 29, 81, NULL, NULL, NULL, '2014-03-25 15:26:08', NULL, NULL, NULL),
(29314, 780, 37, 73, NULL, NULL, NULL, '2014-03-25 15:26:08', NULL, NULL, NULL),
(29315, 780, 28, 64, NULL, NULL, NULL, '2014-03-25 15:26:08', NULL, NULL, NULL),
(29316, 780, 29, 78, NULL, NULL, NULL, '2014-03-25 15:26:08', NULL, NULL, NULL),
(29317, 780, 37, 80, NULL, NULL, NULL, '2014-03-25 15:26:08', NULL, NULL, NULL),
(29318, 780, 37, 75, NULL, NULL, NULL, '2014-03-25 15:26:08', NULL, NULL, NULL),
(29319, 780, 37, 72, NULL, NULL, NULL, '2014-03-25 15:26:08', NULL, NULL, NULL),
(29320, 780, 30, 85, NULL, NULL, NULL, '2014-03-25 15:26:08', NULL, NULL, NULL),
(29321, 780, 29, 88, NULL, NULL, NULL, '2014-03-25 15:26:08', NULL, NULL, NULL),
(29322, 780, 37, 76, NULL, NULL, NULL, '2014-03-25 15:26:08', NULL, NULL, NULL),
(29323, 780, 29, 86, NULL, NULL, NULL, '2014-03-25 15:26:08', NULL, NULL, NULL),
(29324, 780, 29, 79, NULL, NULL, NULL, '2014-03-25 15:26:08', NULL, NULL, NULL),
(29325, 780, 28, 63, NULL, NULL, NULL, '2014-03-25 15:26:08', NULL, NULL, NULL),
(29326, 780, 30, 83, NULL, NULL, NULL, '2014-03-25 15:26:08', NULL, NULL, NULL),
(29327, 780, 29, 87, NULL, NULL, NULL, '2014-03-25 15:26:08', NULL, NULL, NULL),
(29328, 780, 30, 82, NULL, NULL, NULL, '2014-03-25 15:26:08', NULL, NULL, NULL),
(29329, 782, 41, 100, NULL, NULL, NULL, '2014-03-25 15:26:08', NULL, NULL, NULL),
(29330, 782, 41, 99, NULL, NULL, NULL, '2014-03-25 15:26:08', NULL, NULL, NULL),
(29331, 782, 41, 98, NULL, NULL, NULL, '2014-03-25 15:26:08', NULL, NULL, NULL),
(29332, 782, 41, 101, NULL, NULL, NULL, '2014-03-25 15:26:08', NULL, NULL, NULL),
(29333, 782, 41, 102, NULL, NULL, NULL, '2014-03-25 15:26:08', NULL, NULL, NULL),
(29334, 782, 40, 95, NULL, NULL, NULL, '2014-03-25 15:26:08', NULL, NULL, NULL),
(29335, 782, 40, 97, NULL, NULL, NULL, '2014-03-25 15:26:08', NULL, NULL, NULL),
(29336, 782, 40, 96, NULL, NULL, NULL, '2014-03-25 15:26:08', NULL, NULL, NULL),
(29337, 783, 38, 91, NULL, NULL, NULL, '2014-03-25 15:26:08', NULL, NULL, NULL),
(29338, 783, 38, 90, NULL, NULL, NULL, '2014-03-25 15:26:08', NULL, NULL, NULL),
(29339, 784, 5, 9, NULL, NULL, NULL, '2014-03-25 15:26:08', NULL, NULL, NULL),
(29340, 784, 4, 6, NULL, NULL, NULL, '2014-03-25 15:26:08', NULL, NULL, NULL),
(29341, 784, 5, 10, NULL, NULL, NULL, '2014-03-25 15:26:08', NULL, NULL, NULL),
(29342, 784, 5, 7, NULL, NULL, NULL, '2014-03-25 15:26:08', NULL, NULL, NULL),
(29343, 784, 5, 8, NULL, NULL, NULL, '2014-03-25 15:26:08', NULL, NULL, NULL),
(29344, 784, 5, 11, NULL, NULL, NULL, '2014-03-25 15:26:08', NULL, NULL, NULL),
(29345, 784, 4, 113, NULL, NULL, NULL, '2014-03-25 15:26:08', NULL, NULL, NULL),
(29346, 785, 43, 109, NULL, NULL, NULL, '2014-03-25 15:26:08', NULL, NULL, NULL),
(29347, 786, 36, 104, NULL, NULL, NULL, '2014-03-25 15:26:08', NULL, NULL, NULL),
(29348, 786, 36, 103, NULL, NULL, NULL, '2014-03-25 15:26:08', NULL, NULL, NULL),
(29349, 786, 36, 105, NULL, NULL, NULL, '2014-03-25 15:26:08', NULL, NULL, NULL),
(29350, 788, 39, 93, NULL, NULL, NULL, '2014-03-25 15:26:08', NULL, NULL, NULL),
(29351, 788, 39, 94, NULL, NULL, NULL, '2014-03-25 15:26:08', NULL, NULL, NULL),
(29352, 788, 39, 92, NULL, NULL, NULL, '2014-03-25 15:26:08', NULL, NULL, NULL),
(29353, 790, 46, 110, NULL, NULL, NULL, '2014-03-25 15:26:08', NULL, NULL, NULL);

-- --------------------------------------------------------

--
-- Table structure for table `demoAnnouncement`
--

CREATE TABLE IF NOT EXISTS `demoAnnouncement` (
  `demoAnnouncementID` int(11) unsigned NOT NULL AUTO_INCREMENT,
  `demoDate` datetime NOT NULL,
  `teamID` int(11) unsigned DEFAULT NULL,
  `traineeID` int(11) unsigned DEFAULT NULL,
  `trainingClassID` int(11) unsigned NOT NULL,
  `dateRequested` datetime NOT NULL,
  `description` text NOT NULL,
  `cancellationDate` datetime DEFAULT NULL,
  PRIMARY KEY (`demoAnnouncementID`),
  KEY `traineeID` (`traineeID`),
  KEY `trainingClassID` (`trainingClassID`),
  KEY `teamID` (`teamID`)
) ENGINE=InnoDB DEFAULT CHARSET=latin1 AUTO_INCREMENT=1 ;

-- --------------------------------------------------------

--
-- Table structure for table `equipment`
--

CREATE TABLE IF NOT EXISTS `equipment` (
  `equipmentID` int(10) unsigned NOT NULL AUTO_INCREMENT,
  `equipmentName` varchar(100) DEFAULT NULL,
  `companyID` int(10) unsigned NOT NULL,
  `administratorID` int(10) unsigned DEFAULT NULL,
  PRIMARY KEY (`equipmentID`),
  UNIQUE KEY `companyID` (`companyID`,`equipmentName`),
  KEY `index3` (`companyID`),
  KEY `fktrc` (`companyID`),
  KEY `index5` (`administratorID`),
  KEY `jkad` (`administratorID`)
) ENGINE=InnoDB  DEFAULT CHARSET=latin1 AUTO_INCREMENT=113 ;

--
-- Dumping data for table `equipment`
--

INSERT INTO `equipment` (`equipmentID`, `equipmentName`, `companyID`, `administratorID`) VALUES
(1, 'Whiteboard', 1, 1),
(2, 'Tablet', 1, 1),
(3, 'Feature Phone', 1, 1),
(4, 'Desktop Computer', 1, 1),
(5, 'Laptop Computer', 1, 1),
(6, 'Server Computer', 1, 1),
(7, 'Stationery', 1, 1),
(8, 'WIFI Router', 1, 1),
(9, 'Smartphone', 1, 1),
(10, 'High Res Display Monitor', 1, 1),
(11, 'Projector', 1, 1),
(14, 'Laser Pointer', 1, 1),
(15, 'Television ', 1, 1),
(16, 'WiFi Range Extender', 1, 1),
(17, 'Smart Watch', 1, 1),
(87, 'Whiteboard', 25, 14),
(88, 'Display Monitor', 25, 14),
(89, 'Tablet', 25, 14),
(90, 'Laptop Computer', 25, 14),
(91, 'Projector', 25, 14),
(92, 'Smartphone', 25, 14),
(93, 'WIFI Router', 25, 14),
(94, 'Desktop Computer', 25, 14),
(95, 'Stationery', 25, 14),
(96, 'Server Computer', 25, 14),
(97, 'Feature Phone', 25, 14),
(98, 'Server Computer', 27, 17),
(99, 'Projector', 27, 17),
(100, 'Stationery', 27, 17),
(101, 'Feature Phone', 27, 17),
(102, 'Laptop Computer', 27, 17),
(103, 'Whiteboard', 27, 17),
(104, 'Smartphone', 27, 17),
(105, 'Display Monitor', 27, 17),
(106, 'Desktop Computer', 27, 17),
(107, 'WIFI Router', 27, 17),
(108, 'Tablet', 27, 17),
(109, 'Acardia Group', 28, 18),
(110, 'MLab', 28, 18),
(111, 'Huawei LTE Router', 1, 22),
(112, 'Test 1 Equipment 1', 1, 22);

-- --------------------------------------------------------

--
-- Table structure for table `errorStore`
--

CREATE TABLE IF NOT EXISTS `errorStore` (
  `errorStoreID` int(10) unsigned NOT NULL AUTO_INCREMENT,
  `statusCode` int(11) NOT NULL,
  `message` text NOT NULL,
  `dateOccured` datetime NOT NULL,
  `origin` varchar(255) NOT NULL,
  PRIMARY KEY (`errorStoreID`),
  KEY `dateOccured` (`dateOccured`)
) ENGINE=InnoDB  DEFAULT CHARSET=latin1 AUTO_INCREMENT=847 ;

--
-- Dumping data for table `errorStore`
--

INSERT INTO `errorStore` (`errorStoreID`, `statusCode`, `message`, `dateOccured`, `origin`) VALUES
(1, 105, 'Intruder request', '2014-03-10 21:29:22', 'AdministratorServlet'),
(2, 105, 'Intruder request', '2014-03-10 21:36:48', 'AdministratorServlet'),
(3, 105, 'Intruder request', '2014-03-10 21:36:59', 'AdministratorServlet'),
(4, 105, 'Unknown request', '2014-03-10 22:26:52', 'TraineeServlet'),
(5, 105, 'Unknown request', '2014-03-10 22:44:39', 'AuthorServlet'),
(6, 105, 'Unknown request', '2014-03-10 22:44:48', 'AuthorServlet'),
(7, 105, 'Unknown request', '2014-03-10 22:45:08', 'TraineeServlet'),
(8, 100, 'An exception occurred while creating a query in EntityManager: \nException Description: Problem compiling [select a from Company a  order by a.company.companyName]. \n[33, 54] The state field path ''a.company.companyName'' cannot be resolved to a valid type.', '2014-03-12 12:57:12', 'PlatformServlet'),
(9, 105, 'Unknown request', '2014-03-12 17:50:59', 'TraineeServlet'),
(10, 105, 'Unknown request', '2014-03-12 17:51:27', 'TraineeServlet'),
(11, 105, 'Intruder request', '2014-03-12 17:51:39', 'TraineeServlet'),
(12, 105, 'Intruder request', '2014-03-12 17:52:01', 'TraineeServlet'),
(13, 105, 'Intruder request', '2014-03-12 17:52:12', 'TraineeServlet'),
(14, 105, 'Intruder request', '2014-03-12 18:01:38', 'AdministratorServlet'),
(15, 105, 'Intruder request', '2014-03-12 18:01:55', 'AdministratorServlet'),
(16, 120, 'Failed to add helptype\nnull', '2014-03-12 18:02:23', 'AdministratorServlet'),
(17, 120, 'Failed to update helptype\nnull', '2014-03-12 18:03:56', 'AdministratorServlet'),
(18, 120, 'Failed to update helptype\nnull', '2014-03-12 18:14:06', 'AdministratorServlet'),
(19, 120, 'Failed to update helptype\njava.lang.NullPointerException\n\nClass: com.boha.coursemaker.util.AdministratorUtil\nMethod: updateHelpType\nLine Number: 126\n', '2014-03-12 18:44:33', 'AdministratorServlet'),
(20, 120, 'Failed to update helptype\njava.lang.NullPointerException\n\nClass: com.boha.coursemaker.util.AdministratorUtil\nMethod: updateHelpType\nLine Number: 126\n', '2014-03-12 18:44:33', 'AdministratorServlet'),
(21, 120, 'Failed to update helptype\njava.lang.NullPointerException\n\nClass: com.boha.coursemaker.util.AdministratorUtil\nMethod: updateHelpType\nLine Number: 126\n', '2014-03-12 18:44:33', 'AdministratorServlet'),
(22, 120, 'Failed to update helptype\njava.lang.NullPointerException\n\nClass: com.boha.coursemaker.util.AdministratorUtil\nMethod: updateHelpType\nLine Number: 126\n', '2014-03-12 18:44:33', 'AdministratorServlet'),
(23, 105, 'Unknown Request', '2014-03-12 18:46:52', 'AdministratorServlet'),
(24, 120, 'Failed to delete rating\njava.lang.NullPointerException\n\nClass: com.boha.coursemaker.util.AdministratorUtil\nMethod: deleteRating\nLine Number: 202\n', '2014-03-12 18:47:04', 'AdministratorServlet'),
(25, 120, 'Failed to update rating\njava.lang.NullPointerException\n\nClass: com.boha.coursemaker.util.AdministratorUtil\nMethod: updateRating\nLine Number: 177\n', '2014-03-12 18:47:53', 'AdministratorServlet'),
(26, 120, 'Failed to delete rating\njava.lang.NullPointerException\n\nClass: com.boha.coursemaker.util.AdministratorUtil\nMethod: deleteRating\nLine Number: 202\n', '2014-03-12 18:48:50', 'AdministratorServlet'),
(27, 120, 'Failed to update helptype\njava.lang.NullPointerException\n\nClass: com.boha.coursemaker.util.AdministratorUtil\nMethod: deleteHelpType\nLine Number: 108\n', '2014-03-12 18:49:40', 'AdministratorServlet'),
(28, 105, 'Unknown Request', '2014-03-12 18:50:29', 'AdministratorServlet'),
(29, 120, 'Failed to update helptype\njava.lang.NullPointerException\n\nClass: com.boha.coursemaker.util.AdministratorUtil\nMethod: deleteHelpType\nLine Number: 108\n', '2014-03-12 18:53:53', 'AdministratorServlet'),
(30, 105, 'Unknown Request', '2014-03-12 18:56:37', 'AdministratorServlet'),
(31, 120, 'Failed to update rating\njava.lang.NullPointerException\n\nClass: com.boha.coursemaker.util.AdministratorUtil\nMethod: updateRating\nLine Number: 177\n', '2014-03-12 20:18:52', 'AdministratorServlet'),
(32, 120, 'Failed to add helptype\njava.lang.NullPointerException\n\nClass: com.boha.coursemaker.util.AdministratorUtil\nMethod: addHelpType\nLine Number: 84\n', '2014-03-12 20:28:10', 'AdministratorServlet'),
(33, 0, 'New Trainee Registered', '2014-03-12 22:06:57', 'AdministratorServlet'),
(34, 0, 'New Trainee Registered\nGerald Zeiss-Krause\nBoha Hacker Academy', '2014-03-12 22:06:57', 'AdministratorServlet'),
(35, 0, 'New Trainee Registered\nDlamani Malenga\nBoha Hacker Academy', '2014-03-12 22:33:57', 'AdministratorServlet'),
(36, 120, 'Failed to update helptype\njava.lang.NullPointerException\n\nClass: com.boha.coursemaker.util.AdministratorUtil\nMethod: updateHelpType\nLine Number: 126\n', '2014-03-12 22:34:52', 'AdministratorServlet'),
(37, 105, 'Intruder request detected. Ignored.', '2014-03-12 22:35:10', 'AdministratorServlet'),
(38, 105, 'Intruder request detected. Ignored.', '2014-03-12 22:35:57', 'AdministratorServlet'),
(39, 0, 'New Instructor Registered\nSipho Bro Hlungwane\nBoha Hacker Academy', '2014-03-12 22:37:40', 'AdministratorServlet'),
(40, 120, 'Failed to update helptype\njava.lang.NullPointerException\n\nClass: com.boha.coursemaker.util.AdministratorUtil\nMethod: updateHelpType\nLine Number: 126\n', '2014-03-12 23:19:35', 'AdministratorServlet'),
(41, 105, 'Intruder request detected. Ignored.', '2014-03-13 00:31:16', 'AdministratorServlet'),
(42, 105, 'Intruder request detected. Ignored', '2014-03-13 00:33:34', 'TraineeServlet'),
(43, 120, 'Failed to add helptype\njava.lang.NullPointerException\n\nClass: com.boha.coursemaker.util.AdministratorUtil\nMethod: addHelpType\nLine Number: 84\n', '2014-03-13 01:00:49', 'AdministratorServlet'),
(44, 120, 'Failed to update helptype\njava.lang.NullPointerException\n\nClass: com.boha.coursemaker.util.AdministratorUtil\nMethod: updateHelpType\nLine Number: 126\n', '2014-03-13 01:01:06', 'AdministratorServlet'),
(45, 105, 'Intruder request detected. Ignored', '2014-03-13 01:01:22', 'TraineeServlet'),
(46, 0, 'Administrator Logging and registering device\nBoha Hacker AcademyAubrey V Malabie\n', '2014-03-13 21:21:02', 'AdministratorServlet'),
(47, 0, 'Administrator Logging and registering device\nBoha Hacker AcademyAubrey V Malabie\n', '2014-03-13 21:22:18', 'AdministratorServlet'),
(48, 0, 'Photo downloaded to web app', '2014-03-14 02:56:41', 'PhotoServlet'),
(49, 120, 'Failed to update helptype\njava.lang.NullPointerException\n\nClass: com.boha.coursemaker.util.AdministratorUtil\nMethod: deleteHelpType\nLine Number: 110\n', '2014-03-14 04:19:02', 'AdministratorServlet'),
(50, 0, 'Administrator Logging and registering device\nBoha Hacker AcademyAubrey V Malabie\n', '2014-03-14 13:21:12', 'AdministratorServlet'),
(51, 0, 'Photo downloaded to web app', '2014-03-14 13:53:36', 'PhotoServlet'),
(52, 0, 'Administrator Logging and registering device\nBoha Hacker AcademyAubrey V Malabie\n', '2014-03-14 13:55:01', 'AdministratorServlet'),
(53, 0, 'Photo downloaded to web app', '2014-03-14 14:11:58', 'PhotoServlet'),
(54, 0, 'Photo downloaded to web app', '2014-03-14 14:31:22', 'PhotoServlet'),
(55, 0, 'Photo downloaded to web app\nfile: /opt/glassfish4/glassfish/domains/coursemaker-prod/docroot/coursemaker_images/company1/admin/1.jpg', '2014-03-14 16:01:47', 'PhotoServlet'),
(56, 0, 'Photo downloaded to web app\nfile: /opt/glassfish4/glassfish/domains/coursemaker-prod/docroot/coursemaker_images/company1/admin/1.jpg', '2014-03-14 16:12:50', 'PhotoServlet'),
(57, 0, 'Photo downloaded to web app\nfile: /opt/glassfish4/glassfish/domains/coursemaker-prod/docroot/coursemaker_images/company1/admin/1.jpg', '2014-03-14 18:46:31', 'PhotoServlet'),
(58, 0, 'Photo downloaded to web app\nfile: /opt/glassfish4/glassfish/domains/coursemaker-prod/docroot/coursemaker_images/company1/admin/1.jpg', '2014-03-14 18:56:31', 'PhotoServlet'),
(59, 0, 'Photo downloaded to web app\nfile: /opt/glassfish4/glassfish/domains/coursemaker-prod/docroot/coursemaker_images/company1/admin/1.jpg', '2014-03-14 19:04:18', 'PhotoServlet'),
(60, 0, 'Photo downloaded to web app\nfile: /opt/glassfish4/glassfish/domains/coursemaker-prod/docroot/coursemaker_images/company1/admin/1.jpg', '2014-03-14 19:08:31', 'PhotoServlet'),
(61, 0, 'Photo downloaded to web app\nfile: /opt/glassfish4/glassfish/domains/coursemaker-prod/docroot/coursemaker_images/company1/trainee/117.jpg', '2014-03-14 22:00:28', 'PhotoServlet'),
(62, 0, 'Photo downloaded to web app\nfile: /opt/glassfish4/glassfish/domains/coursemaker-prod/docroot/coursemaker_images/company1/trainee/117.jpg', '2014-03-14 22:24:54', 'PhotoServlet'),
(63, 0, 'Photo downloaded to web app\nfile: /opt/glassfish4/glassfish/domains/coursemaker-prod/docroot/coursemaker_images/company1/trainee/117.jpg', '2014-03-15 01:06:52', 'PhotoServlet'),
(64, 0, 'Instructor logging in with new device\nBoha Hacker AcademyAubrey Malabie\n', '2014-03-15 03:03:46', 'InstructorServlet'),
(65, 0, 'Author logging in with new device\nBoha Hacker AcademyAubrey St Vincent Malabie\n', '2014-03-15 12:54:29', 'AuthorServlet'),
(66, 0, 'Staring Cleanup of temporary files', '2014-03-15 15:43:22', 'HouseKeeping'),
(67, 0, 'Completed Cleanup of temporary files', '2014-03-15 15:43:23', 'HouseKeeping'),
(68, 0, 'Staring Cleanup of temporary files', '2014-03-15 15:53:59', 'HouseKeeping'),
(69, 0, 'Completed Cleanup of temporary files: 0 cleaned up.', '2014-03-15 15:54:00', 'HouseKeeping'),
(70, 0, 'Staring Cleanup of temporary files', '2014-03-15 16:23:56', 'HouseKeeping'),
(71, 0, 'Completed Cleanup of temporary files: 0 cleaned up.', '2014-03-15 16:23:56', 'HouseKeeping'),
(72, 0, 'Staring Cleanup of temporary files', '2014-03-15 16:53:56', 'HouseKeeping'),
(73, 0, 'Completed Cleanup of temporary files: 2 cleaned up.', '2014-03-15 16:53:56', 'HouseKeeping'),
(74, 0, 'Staring Cleanup of temporary files', '2014-03-15 17:23:56', 'HouseKeeping'),
(75, 0, 'Completed Cleanup of temporary files: 5 cleaned up.', '2014-03-15 17:23:56', 'HouseKeeping'),
(76, 0, 'Temporary files HouseKeeping task completed\nNumber of files cleaned up: 6\nTime elapsed: 0.003 seconds', '2014-03-15 17:46:41', 'Server HouseKeeping'),
(77, 120, 'Server Database Error\nFailed to update helptype\njava.lang.NullPointerException\n\nClass: com.boha.coursemaker.util.AdministratorUtil\nMethod: deleteHelpType\nLine Number: 110\n', '2014-03-15 17:50:14', 'Administrator Services'),
(78, 105, 'Intruder request detected. Ignored.', '2014-03-15 17:50:34', 'Administrator Services'),
(79, 0, 'New Trainee Registered\n\nJonathan Zuckerberg\nBoha Hacker Academy', '2014-03-15 18:32:38', 'Administrator Services'),
(80, 0, 'New Trainee Registered\n\nBokgabane Thamae\nBoha Hacker Academy', '2014-03-15 18:33:58', 'Administrator Services'),
(81, 0, 'Temporary files HouseKeeping task completed\nNumber of files cleaned up: 2\nTime elapsed: 0.003 seconds', '2014-03-15 18:46:37', 'Server HouseKeeping'),
(82, 0, 'Temporary files HouseKeeping task completed\nNumber of files cleaned up: 19\nTime elapsed: 0.002 seconds', '2014-03-15 19:46:37', 'Server HouseKeeping'),
(83, 0, 'Temporary files HouseKeeping task completed\nNumber of files cleaned up: 6\nTime elapsed: 0.002 seconds', '2014-03-15 20:46:37', 'Server HouseKeeping'),
(84, 0, 'Temporary files HouseKeeping task completed\nNumber of files cleaned up: 5\nTime elapsed: 0.002 seconds', '2014-03-15 21:46:37', 'Server HouseKeeping'),
(85, 0, 'Temporary files HouseKeeping task completed\nNumber of files cleaned up: 0\nTime elapsed: 0.002 seconds', '2014-03-15 22:46:37', 'Server HouseKeeping'),
(86, 0, 'Temporary files HouseKeeping task completed\nNumber of files cleaned up: 1\nTime elapsed: 0.001 seconds', '2014-03-15 23:46:37', 'Server HouseKeeping'),
(87, 0, 'New Instructor Registered\n\nJonathan Zinstructor\nBoha Hacker Academy', '2014-03-15 23:57:04', 'Administrator Services'),
(88, 120, 'Server Database Error\nFailed to add helptype\njava.lang.NullPointerException\n\nClass: com.boha.coursemaker.util.AdministratorUtil\nMethod: addHelpType\nLine Number: 86\n', '2014-03-16 00:08:37', 'Administrator Services'),
(89, 120, 'Server Database Error\nFailed to update rating\njava.lang.NullPointerException\n\nClass: com.boha.coursemaker.util.AdministratorUtil\nMethod: updateRating\nLine Number: 179\n', '2014-03-16 00:08:47', 'Administrator Services'),
(90, 0, 'Temporary files HouseKeeping task completed\nNumber of files cleaned up: 11\nTime elapsed: 0.002 seconds', '2014-03-16 00:46:37', 'Server HouseKeeping'),
(91, 0, 'Temporary files HouseKeeping task completed\nNumber of files cleaned up: 14\nTime elapsed: 0.002 seconds', '2014-03-16 01:46:37', 'Server HouseKeeping'),
(92, 0, 'Temporary files HouseKeeping task completed\nNumber of files cleaned up: 5\nTime elapsed: 0.002 seconds', '2014-03-16 02:46:37', 'Server HouseKeeping'),
(93, 0, 'Temporary files HouseKeeping task completed\nNumber of files cleaned up: 0\nTime elapsed: 0.002 seconds', '2014-03-16 03:46:37', 'Server HouseKeeping'),
(94, 0, 'Temporary files HouseKeeping task completed\nNumber of files cleaned up: 0\nTime elapsed: 0.001 seconds', '2014-03-16 04:46:37', 'Server HouseKeeping'),
(95, 0, 'Temporary files HouseKeeping task completed\nNumber of files cleaned up: 0\nTime elapsed: 0.002 seconds', '2014-03-16 05:46:37', 'Server HouseKeeping'),
(96, 0, 'Temporary files HouseKeeping task completed\nNumber of files cleaned up: 0\nTime elapsed: 0.002 seconds', '2014-03-16 06:46:37', 'Server HouseKeeping'),
(97, 0, 'Temporary files HouseKeeping task completed\nNumber of files cleaned up: 0\nTime elapsed: 0.002 seconds', '2014-03-16 07:46:37', 'Server HouseKeeping'),
(98, 0, 'Temporary files HouseKeeping task completed\nNumber of files cleaned up: 0\nTime elapsed: 0.002 seconds', '2014-03-16 08:46:37', 'Server HouseKeeping'),
(99, 0, 'Temporary files HouseKeeping task completed\nNumber of files cleaned up: 0\nTime elapsed: 0.003 seconds', '2014-03-16 09:46:37', 'Server HouseKeeping'),
(100, 0, 'Temporary files HouseKeeping task completed\nNumber of files cleaned up: 0\nTime elapsed: 0.004 seconds', '2014-03-16 10:46:37', 'Server HouseKeeping'),
(101, 0, 'Temporary files HouseKeeping task completed\nNumber of files cleaned up: 0\nTime elapsed: 0.002 seconds', '2014-03-16 11:46:37', 'Server HouseKeeping'),
(102, 0, 'Temporary files HouseKeeping task completed\nNumber of files cleaned up: 2\nTime elapsed: 0.002 seconds', '2014-03-16 12:14:27', 'Server HouseKeeping'),
(103, 0, 'Temporary files HouseKeeping task completed\nNumber of files cleaned up: 1\nTime elapsed: 0.001 seconds', '2014-03-16 13:14:27', 'Server HouseKeeping'),
(104, 0, 'Temporary files HouseKeeping task completed\nNumber of files cleaned up: 2\nTime elapsed: 0.011 seconds', '2014-03-16 13:58:23', 'Server HouseKeeping'),
(105, 0, 'Temporary files HouseKeeping task completed\nNumber of files cleaned up: 0\nTime elapsed: 0.001 seconds', '2014-03-16 14:00:16', 'Server HouseKeeping'),
(106, 0, 'Temporary files HouseKeeping task completed\nNumber of files cleaned up: 0\nTime elapsed: 0.002 seconds', '2014-03-17 02:08:30', 'Server HouseKeeping'),
(107, 0, 'Google Cloud Messaging device registered to Google successfully\nThis device can now participate in push messaging', '2014-03-17 02:09:11', 'Cloud Messaging Service'),
(108, 0, 'Administrator signing in and registering device\nBoha Hacker Academy\n\nAubrey Vincent Malabie\n', '2014-03-17 02:09:11', 'Administrator Services'),
(109, 0, 'Google Cloud Messaging device registered to Google successfully\nThis device can now participate in push messaging', '2014-03-17 02:13:27', 'Cloud Messaging Service'),
(110, 0, 'Author logging in with new device\nBoha Hacker Academy\n\nAubrey St Vincent Malabie\n', '2014-03-17 02:13:27', 'Author Services'),
(111, 0, 'Google Cloud Messaging device registered to Google successfully\nThis device can now participate in push messaging', '2014-03-17 02:17:11', 'Cloud Messaging Service'),
(112, 0, 'Instructor logging in with new device\nBoha Hacker Academy\n\nAubrey Malabie\n', '2014-03-17 02:17:11', 'Instructor Services'),
(113, 0, 'Google Cloud Messaging device registered to Google successfully\nThis device can now participate in push messaging', '2014-03-17 02:29:04', 'Cloud Messaging Service'),
(114, 0, 'Trainee logging in with new device\nBoha Hacker Academy\n\nTiger Malabie\n', '2014-03-17 02:29:04', 'Trainee Services'),
(115, 0, 'Temporary files HouseKeeping task completed\nNumber of files cleaned up: 0\nTime elapsed: 0.087 seconds', '2014-03-17 02:33:11', 'Server HouseKeeping'),
(116, 0, 'Temporary files HouseKeeping task completed\nNumber of files cleaned up: 24\nTime elapsed: 0.003 seconds', '2014-03-17 03:33:06', 'Server HouseKeeping'),
(117, 120, 'Server Database Error\nFailed to update helptype\njava.lang.NullPointerException\n\nClass: com.boha.coursemaker.util.AdministratorUtil\nMethod: deleteHelpType\nLine Number: 111\n', '2014-03-17 03:45:08', 'Administrator Services'),
(118, 105, 'Intruder request detected. Ignored.', '2014-03-17 03:45:27', 'Administrator Services'),
(119, 0, 'Temporary files HouseKeeping task completed\nNumber of files cleaned up: 1\nTime elapsed: 0.003 seconds', '2014-03-17 03:45:54', 'Server HouseKeeping'),
(120, 0, 'Temporary files HouseKeeping task completed\nNumber of files cleaned up: 4\nTime elapsed: 0.002 seconds', '2014-03-17 07:45:54', 'Server HouseKeeping'),
(121, 0, 'Google Cloud Messaging device registered to Google successfully\nThis device can now participate in push messaging', '2014-03-17 10:11:21', 'Cloud Messaging Service'),
(122, 0, 'Administrator signing in and registering device\nBoha Hacker Academy\n\nAubrey Vincent Malabie\n', '2014-03-17 10:11:22', 'Administrator Services'),
(123, 0, 'Google Cloud Messaging device registered to Google successfully\nThis device can now participate in push messaging', '2014-03-17 10:15:51', 'Cloud Messaging Service'),
(124, 0, 'Author logging in with new device\nBoha Hacker Academy\n\nAubrey St Vincent Malabie\n', '2014-03-17 10:15:51', 'Author Services'),
(125, 0, 'Google Cloud Messaging device registered to Google successfully\nThis device can now participate in push messaging', '2014-03-17 10:19:04', 'Cloud Messaging Service'),
(126, 0, 'Instructor logging in with new device\nBoha Hacker Academy\n\nGwen Marianne Ramokgopa\n', '2014-03-17 10:19:04', 'Instructor Services'),
(127, 0, 'Google Cloud Messaging device registered to Google successfully\nThis device can now participate in push messaging', '2014-03-17 10:22:52', 'Cloud Messaging Service'),
(128, 0, 'Trainee logging in with new device\nBoha Hacker Academy\n\nTiger Malabie\n', '2014-03-17 10:22:53', 'Trainee Services'),
(129, 105, 'Intruder request detected. Ignored.', '2014-03-17 10:25:31', 'Administrator Services'),
(130, 120, 'Server Database Error\nFailed to update helptype\njava.lang.NullPointerException\n\nClass: com.boha.coursemaker.util.AdministratorUtil\nMethod: deleteHelpType\nLine Number: 111\n', '2014-03-17 10:25:51', 'Administrator Services'),
(131, 0, 'Temporary files HouseKeeping task completed\nNumber of files cleaned up: 17\nTime elapsed: 0.002 seconds', '2014-03-17 11:45:54', 'Server HouseKeeping'),
(132, 0, 'Google Cloud Messaging device registered to Google successfully\nThis device can now participate in push messaging', '2014-03-17 12:37:03', 'Cloud Messaging Service'),
(133, 0, 'Administrator signing in and registering device\nRulani Group\n\nRulani Nevhufumba\n', '2014-03-17 12:37:03', 'Administrator Services'),
(134, 0, 'New Instructor Registered\n\nSina Botha\nRulani Group', '2014-03-17 12:40:18', 'Administrator Services'),
(135, 0, 'New Trainee Registered\n\nVictor Lebogo\nRulani Group', '2014-03-17 12:58:17', 'Administrator Services'),
(136, 0, 'New Trainee Registered\n\nTshiwela Tshivhasa\nRulani Group', '2014-03-17 13:00:20', 'Administrator Services'),
(137, 0, 'New Trainee Registered\n\nChristiaan Tshilenga\nRulani Group', '2014-03-17 13:10:24', 'Administrator Services'),
(138, 120, 'Server Database Error\nFailed to update instructor\njava.lang.NullPointerException\n\nClass: com.boha.coursemaker.util.AdministratorUtil\nMethod: deactivateInstructor\nLine Number: 1927\n', '2014-03-17 13:20:00', 'Administrator Services'),
(139, 0, 'Google Cloud Messaging device registered to Google successfully\nThis device can now participate in push messaging', '2014-03-17 13:23:42', 'Cloud Messaging Service'),
(140, 0, 'Author logging in with new device\nRulani Group\n\nRulani Nevhufumba\n', '2014-03-17 13:23:42', 'Author Services'),
(141, 0, 'Google Cloud Messaging device registered to Google successfully\nThis device can now participate in push messaging', '2014-03-17 13:27:22', 'Cloud Messaging Service'),
(142, 0, 'Instructor logging in with new device\nRulani Group\n\nRulani Nevuufumba\n', '2014-03-17 13:27:22', 'Instructor Services'),
(143, 0, 'Google Cloud Messaging device registered to Google successfully\nThis device can now participate in push messaging', '2014-03-17 13:38:49', 'Cloud Messaging Service'),
(144, 0, 'Trainee logging in with new device\nRulani Group\n\nVictor Lebogo\n', '2014-03-17 13:38:49', 'Trainee Services'),
(145, 0, 'Google Cloud Messaging device registered to Google successfully\nThis device can now participate in push messaging', '2014-03-17 14:45:17', 'Cloud Messaging Service'),
(146, 0, 'Trainee logging in with new device\nRulani Group\n\nRulani Nevhufumba\n', '2014-03-17 14:45:17', 'Trainee Services'),
(147, 0, 'Temporary files HouseKeeping task completed\nNumber of files cleaned up: 53\nTime elapsed: 0.004 seconds', '2014-03-17 15:45:54', 'Server HouseKeeping'),
(148, 0, 'Temporary files HouseKeeping task completed\nNumber of files cleaned up: 5\nTime elapsed: 0.005 seconds', '2014-03-17 17:13:20', 'Server HouseKeeping'),
(149, 0, 'Temporary files HouseKeeping task completed\nNumber of files cleaned up: 12\nTime elapsed: 0.002 seconds', '2014-03-17 19:06:19', 'Server HouseKeeping'),
(150, 0, 'Temporary files HouseKeeping task completed\nNumber of files cleaned up: 7\nTime elapsed: 0.003 seconds', '2014-03-17 20:25:45', 'Server HouseKeeping'),
(151, 150, 'Server Exception\njava.lang.NullPointerException\n\nClass: com.boha.coursemaker.servlet.AdministratorServlet\nMethod: processRequest\nLine Number: 145\n', '2014-03-17 20:49:25', 'Administrator Services'),
(152, 0, 'New Administrator Registered\n\nObakeng Matlhoko\nBoha Hacker Academy', '2014-03-17 21:11:37', 'Administrator Services'),
(153, 0, 'Temporary files HouseKeeping task completed\nNumber of files cleaned up: 0\nTime elapsed: 0.003 seconds', '2014-03-17 21:12:58', 'Server HouseKeeping'),
(154, 120, 'Server Database Error\nFailed to update helptype\njava.lang.NullPointerException\n\nClass: com.boha.coursemaker.util.AdministratorUtil\nMethod: deleteHelpType\nLine Number: 111\n', '2014-03-17 21:14:41', 'Administrator Services'),
(155, 120, 'Server Database Error\nFailed to add helptype\njava.lang.NullPointerException\n\nClass: com.boha.coursemaker.util.AdministratorUtil\nMethod: addHelpType\nLine Number: 87\n', '2014-03-17 21:14:49', 'Administrator Services'),
(156, 105, 'Intruder request detected. Ignored.', '2014-03-17 21:14:59', 'Administrator Services'),
(157, 0, 'Temporary files HouseKeeping task completed\nNumber of files cleaned up: 1\nTime elapsed: 0.002 seconds', '2014-03-18 01:12:58', 'Server HouseKeeping'),
(158, 0, 'Temporary files HouseKeeping task completed\nNumber of files cleaned up: 0\nTime elapsed: 0.003 seconds', '2014-03-18 05:12:58', 'Server HouseKeeping'),
(159, 0, 'Temporary files HouseKeeping task completed\nNumber of files cleaned up: 2\nTime elapsed: 0.002 seconds', '2014-03-18 09:12:58', 'Server HouseKeeping'),
(160, 0, 'Temporary files HouseKeeping task completed\nNumber of files cleaned up: 1\nTime elapsed: 0.025 seconds', '2014-03-18 12:48:31', 'Server HouseKeeping'),
(161, 0, 'New Administrator Registered\n\nObakeng Matlhoko\nBoha Hacker Academy', '2014-03-18 13:11:31', 'Administrator Services'),
(162, 0, 'New Administrator Registered\n\nAubrey Another Admin\nBoha Hacker Academy', '2014-03-18 13:16:52', 'Administrator Services'),
(163, 0, 'Temporary files HouseKeeping task completed\nNumber of files cleaned up: 9\nTime elapsed: 0.003 seconds', '2014-03-18 16:48:26', 'Server HouseKeeping'),
(164, 0, 'Temporary files HouseKeeping task completed\nNumber of files cleaned up: 1\nTime elapsed: 0.052 seconds', '2014-03-18 20:48:26', 'Server HouseKeeping'),
(165, 111, 'Servlet took more than 5 seconds to process request\nRequest type is 107\nElapsed time in seconds: 6.08', '2014-03-18 22:27:09', 'Administrator Services'),
(166, 0, 'Temporary files HouseKeeping task completed\nNumber of files cleaned up: 0\nTime elapsed: 0.004 seconds', '2014-03-18 22:30:02', 'Server HouseKeeping'),
(167, 120, 'Server Database Error\nFailed to update helptype\njava.lang.NullPointerException\n\nClass: com.boha.coursemaker.util.AdministratorUtil\nMethod: deleteHelpType\nLine Number: 112\n', '2014-03-18 22:34:14', 'Administrator Services'),
(168, 0, 'Temporary files HouseKeeping task completed\nNumber of files cleaned up: 16\nTime elapsed: 0.003 seconds', '2014-03-19 02:30:02', 'Server HouseKeeping'),
(169, 0, 'Temporary files HouseKeeping task completed\nNumber of files cleaned up: 0\nTime elapsed: 0.002 seconds', '2014-03-19 06:30:02', 'Server HouseKeeping'),
(170, 0, 'Google Cloud Messaging device registered to Google successfully\nThis device can now participate in push messaging', '2014-03-19 07:44:54', 'Cloud Messaging Service'),
(171, 0, 'Trainee logging in with new device\nBoha Hacker Academy\n\nTiger Malabie\n', '2014-03-19 07:44:54', 'Trainee Services'),
(172, 0, 'Google Cloud Messaging device registered to Google successfully\nThis device can now participate in push messaging', '2014-03-19 07:46:28', 'Cloud Messaging Service'),
(173, 0, 'Administrator signing in and registering device\nBoha Hacker Academy\n\nObakeng Matlhoko\n', '2014-03-19 07:46:28', 'Administrator Services'),
(174, 0, 'Google Cloud Messaging device registered to Google successfully\nThis device can now participate in push messaging', '2014-03-19 07:51:49', 'Cloud Messaging Service'),
(175, 0, 'Trainee logging in with new device\nBoha Hacker Academy\n\nPortia  Marule-Thamage\n', '2014-03-19 07:51:49', 'Trainee Services'),
(176, 0, 'Google Cloud Messaging device registered to Google successfully\nThis device can now participate in push messaging', '2014-03-19 08:00:23', 'Cloud Messaging Service'),
(177, 0, 'Administrator signing in and registering device\nBoha Hacker Academy\n\nAubrey Another Admin\n', '2014-03-19 08:00:23', 'Administrator Services'),
(178, 0, 'Google Cloud Messaging device registered to Google successfully\nThis device can now participate in push messaging', '2014-03-19 08:04:20', 'Cloud Messaging Service'),
(179, 0, 'Author logging in with new device\nBoha Hacker Academy\n\nMalenga Tiger Maxakadzi\n', '2014-03-19 08:04:20', 'Author Services'),
(180, 0, 'Google Cloud Messaging device registered to Google successfully\nThis device can now participate in push messaging', '2014-03-19 08:05:48', 'Cloud Messaging Service'),
(181, 0, 'Instructor logging in with new device\nBoha Hacker Academy\n\nRonnelle Makhubela\n', '2014-03-19 08:05:48', 'Instructor Services'),
(182, 111, 'Servlet took more than 5 seconds to process request\nRequest type is 107\nElapsed time in seconds: 5.313', '2014-03-19 09:16:47', 'Administrator Services'),
(183, 0, 'Temporary files HouseKeeping task completed\nNumber of files cleaned up: 26\nTime elapsed: 0.006 seconds', '2014-03-19 09:21:04', 'Server HouseKeeping'),
(184, 150, 'Server Exception\njava.lang.NullPointerException\n\nClass: com.boha.coursemaker.servlet.AdministratorServlet\nMethod: processRequest\nLine Number: 122\n', '2014-03-19 09:51:10', 'Administrator Services'),
(185, 0, 'New Trainee Registered\n\nDesiree Bopape\nBoha Hacker Academy', '2014-03-19 10:10:58', 'Administrator Services'),
(186, 0, 'Temporary files HouseKeeping task completed\nNumber of files cleaned up: 8\nTime elapsed: 0.004 seconds', '2014-03-19 10:13:35', 'Server HouseKeeping'),
(187, 0, 'New Instructor Registered\n\nMelvin Hackersen\nBoha Hacker Academy', '2014-03-19 10:21:01', 'Administrator Services'),
(188, 0, 'New CourseMaker Author Registered\n\nNomakhepu Goniwe\nBoha Hacker Academy', '2014-03-19 10:45:52', 'Administrator Services'),
(189, 0, 'New Trainee Registered\n\nDaniella Bamuza\nBoha Hacker Academy', '2014-03-19 10:47:22', 'Administrator Services'),
(190, 0, 'Temporary files HouseKeeping task completed\nNumber of files cleaned up: 31\nTime elapsed: 0.075 seconds', '2014-03-19 14:13:36', 'Server HouseKeeping'),
(191, 0, 'Temporary files HouseKeeping task completed\nNumber of files cleaned up: 4\nTime elapsed: 0.003 seconds', '2014-03-19 18:13:35', 'Server HouseKeeping'),
(192, 0, 'Temporary files HouseKeeping task completed\nNumber of files cleaned up: 1\nTime elapsed: 0.002 seconds', '2014-03-19 22:13:35', 'Server HouseKeeping'),
(193, 0, 'Google Cloud Messaging device registered to Google successfully\nThis device can now participate in push messaging', '2014-03-19 23:30:17', 'Cloud Messaging Service'),
(194, 0, 'Administrator signing in and registering device\nBoha Hacker Academy\n\nObakeng Matlhoko\n', '2014-03-19 23:30:17', 'Administrator Services'),
(195, 0, 'Temporary files HouseKeeping task completed\nNumber of files cleaned up: 4\nTime elapsed: 0.052 seconds', '2014-03-20 00:58:59', 'Server HouseKeeping'),
(196, 0, 'Temporary files HouseKeeping task completed\nNumber of files cleaned up: 31\nTime elapsed: 0.003 seconds', '2014-03-20 04:58:54', 'Server HouseKeeping'),
(197, 0, 'Temporary files HouseKeeping task completed\nNumber of files cleaned up: 0\nTime elapsed: 0.002 seconds', '2014-03-20 08:58:54', 'Server HouseKeeping'),
(198, 0, 'Temporary files HouseKeeping task completed\nNumber of files cleaned up: 5\nTime elapsed: 0.003 seconds', '2014-03-20 12:58:54', 'Server HouseKeeping'),
(199, 0, 'Temporary files HouseKeeping task completed\nNumber of files cleaned up: 28\nTime elapsed: 0.004 seconds', '2014-03-20 16:58:54', 'Server HouseKeeping'),
(200, 0, 'Temporary files HouseKeeping task completed\nNumber of files cleaned up: 0\nTime elapsed: 0.003 seconds', '2014-03-20 20:58:54', 'Server HouseKeeping'),
(201, 0, 'Temporary files HouseKeeping task completed\nNumber of files cleaned up: 0\nTime elapsed: 0.002 seconds', '2014-03-21 00:58:54', 'Server HouseKeeping'),
(202, 0, 'Temporary files HouseKeeping task completed\nNumber of files cleaned up: 0\nTime elapsed: 0.002 seconds', '2014-03-21 04:58:54', 'Server HouseKeeping'),
(203, 0, 'Temporary files HouseKeeping task completed\nNumber of files cleaned up: 0\nTime elapsed: 0.002 seconds', '2014-03-21 08:58:54', 'Server HouseKeeping'),
(204, 0, 'Temporary files HouseKeeping task completed\nNumber of files cleaned up: 4\nTime elapsed: 0.003 seconds', '2014-03-21 12:58:54', 'Server HouseKeeping'),
(205, 0, 'Temporary files HouseKeeping task completed\nNumber of files cleaned up: 0\nTime elapsed: 0.002 seconds', '2014-03-21 16:58:54', 'Server HouseKeeping'),
(206, 0, 'Temporary files HouseKeeping task completed\nNumber of files cleaned up: 0\nTime elapsed: 0.002 seconds', '2014-03-21 20:58:54', 'Server HouseKeeping'),
(207, 0, 'Temporary files HouseKeeping task completed\nNumber of files cleaned up: 0\nTime elapsed: 0.002 seconds', '2014-03-22 00:58:54', 'Server HouseKeeping'),
(208, 0, 'Temporary files HouseKeeping task completed\nNumber of files cleaned up: 0\nTime elapsed: 0.002 seconds', '2014-03-22 04:58:54', 'Server HouseKeeping'),
(209, 0, 'Temporary files HouseKeeping task completed\nNumber of files cleaned up: 0\nTime elapsed: 0.003 seconds', '2014-03-22 08:58:54', 'Server HouseKeeping'),
(210, 0, 'Temporary files HouseKeeping task completed\nNumber of files cleaned up: 0\nTime elapsed: 0.002 seconds', '2014-03-22 12:58:54', 'Server HouseKeeping'),
(211, 0, 'Temporary files HouseKeeping task completed\nNumber of files cleaned up: 2\nTime elapsed: 0.002 seconds', '2014-03-22 16:58:54', 'Server HouseKeeping'),
(212, 0, 'Temporary files HouseKeeping task completed\nNumber of files cleaned up: 0\nTime elapsed: 0.002 seconds', '2014-03-22 20:58:54', 'Server HouseKeeping'),
(213, 0, 'Temporary files HouseKeeping task completed\nNumber of files cleaned up: 2\nTime elapsed: 0.002 seconds', '2014-03-23 00:58:54', 'Server HouseKeeping'),
(214, 0, 'Temporary files HouseKeeping task completed\nNumber of files cleaned up: 0\nTime elapsed: 0.002 seconds', '2014-03-23 04:58:54', 'Server HouseKeeping'),
(215, 0, 'Temporary files HouseKeeping task completed\nNumber of files cleaned up: 0\nTime elapsed: 0.002 seconds', '2014-03-23 08:58:54', 'Server HouseKeeping'),
(216, 0, 'Temporary files HouseKeeping task completed\nNumber of files cleaned up: 0\nTime elapsed: 0.003 seconds', '2014-03-23 12:58:54', 'Server HouseKeeping'),
(217, 0, 'Temporary files HouseKeeping task completed\nNumber of files cleaned up: 0\nTime elapsed: 0.003 seconds', '2014-03-23 16:58:54', 'Server HouseKeeping'),
(218, 0, 'Temporary files HouseKeeping task completed\nNumber of files cleaned up: 0\nTime elapsed: 0.002 seconds', '2014-03-23 20:58:54', 'Server HouseKeeping'),
(219, 0, 'Temporary files HouseKeeping task completed\nNumber of files cleaned up: 0\nTime elapsed: 0.003 seconds', '2014-03-24 00:58:54', 'Server HouseKeeping'),
(220, 0, 'Temporary files HouseKeeping task completed\nNumber of files cleaned up: 0\nTime elapsed: 0.002 seconds', '2014-03-24 04:58:54', 'Server HouseKeeping'),
(221, 0, 'Temporary files HouseKeeping task completed\nNumber of files cleaned up: 0\nTime elapsed: 0.002 seconds', '2014-03-24 08:58:54', 'Server HouseKeeping'),
(222, 0, 'Temporary files HouseKeeping task completed\nNumber of files cleaned up: 0\nTime elapsed: 0.003 seconds', '2014-03-24 12:58:54', 'Server HouseKeeping'),
(223, 0, 'Temporary files HouseKeeping task completed\nNumber of files cleaned up: 0\nTime elapsed: 0.002 seconds', '2014-03-24 16:58:54', 'Server HouseKeeping'),
(224, 0, 'Temporary files HouseKeeping task completed\nNumber of files cleaned up: 0\nTime elapsed: 0.002 seconds', '2014-03-24 20:58:54', 'Server HouseKeeping'),
(225, 111, 'Servlet took more than 5 seconds to process request\nRequest type is 224\nElapsed time in seconds: 6.545', '2014-03-24 21:44:43', 'Author Services'),
(226, 111, 'Servlet took more than 5 seconds to process request\nRequest type is 618\nElapsed time in seconds: 8.709', '2014-03-24 22:02:56', 'Instructor Services'),
(227, 0, 'Temporary files HouseKeeping task completed\nNumber of files cleaned up: 0\nTime elapsed: 0.004 seconds', '2014-03-24 22:12:32', 'Server HouseKeeping'),
(228, 111, 'Servlet took more than 5 seconds to process request\nRequest type is 303\nElapsed time in seconds: 6.464', '2014-03-24 22:12:57', 'Instructor Services'),
(229, 0, 'Photo downloaded to web app\nfile: /opt/glassfish4/glassfish/domains/coursemaker-prod/docroot/coursemaker_images/company1/instructor/16.jpg', '2014-03-24 22:36:33', 'PhotoServlet'),
(230, 0, 'Google Cloud Messaging device registered to Google successfully\nThis device can now participate in push messaging', '2014-03-24 22:47:57', 'Cloud Messaging Service'),
(231, 0, 'Administrator signing in and registering device\nBoha Hacker Academy\n\nMark von Famous\n', '2014-03-24 22:47:57', 'Administrator Services'),
(232, 0, 'Google Cloud Messaging device registered to Google successfully\nThis device can now participate in push messaging', '2014-03-24 23:23:11', 'Cloud Messaging Service'),
(233, 0, 'Author logging in with new device\nBoha Hacker Academy\n\nMalenga Tiger Maxakadzi\n', '2014-03-24 23:23:11', 'Author Services'),
(234, 0, 'Temporary files HouseKeeping task completed\nNumber of files cleaned up: 68\nTime elapsed: 0.005 seconds', '2014-03-25 02:12:32', 'Server HouseKeeping'),
(235, 0, 'Temporary files HouseKeeping task completed\nNumber of files cleaned up: 0\nTime elapsed: 0.002 seconds', '2014-03-25 06:12:32', 'Server HouseKeeping'),
(236, 0, 'Google Cloud Messaging device registered to Google successfully\nThis device can now participate in push messaging', '2014-03-25 08:46:33', 'Cloud Messaging Service'),
(237, 0, 'Trainee logging in with new device\nBoha Hacker Academy\n\nAubrey Maluleke\n', '2014-03-25 08:46:33', 'Trainee Services'),
(238, 0, 'Temporary files HouseKeeping task completed\nNumber of files cleaned up: 9\nTime elapsed: 0.003 seconds', '2014-03-25 10:12:32', 'Server HouseKeeping'),
(239, 0, 'Photo downloaded to web app\nfile: /opt/glassfish4/glassfish/domains/coursemaker-prod/docroot/coursemaker_images/company1/author/1.jpg', '2014-03-25 13:32:04', 'PhotoServlet'),
(240, 0, 'Temporary files HouseKeeping task completed\nNumber of files cleaned up: 39\nTime elapsed: 0.005 seconds', '2014-03-25 14:12:32', 'Server HouseKeeping'),
(241, 0, 'Google Cloud Messaging device registered to Google successfully\nThis device can now participate in push messaging', '2014-03-25 14:47:20', 'Cloud Messaging Service'),
(242, 0, 'Instructor logging in with new device\nBoha Hacker Academy\n\nObakeng  Matlhoko\n', '2014-03-25 14:47:20', 'Instructor Services'),
(243, 0, 'New CourseMaker Author Registered\n\nObakeng Matlhoko\nBoha Hacker Academy', '2014-03-25 14:50:46', 'Administrator Services'),
(244, 0, 'Google Cloud Messaging device registered to Google successfully\nThis device can now participate in push messaging', '2014-03-25 14:53:56', 'Cloud Messaging Service'),
(245, 0, 'Author logging in with new device\nBoha Hacker Academy\n\nObakeng Matlhoko\n', '2014-03-25 14:53:56', 'Author Services'),
(246, 0, 'New Trainee Registered\n\nObakeng  Matlhoko\nBoha Hacker Academy', '2014-03-25 15:26:08', 'Administrator Services'),
(247, 0, 'Google Cloud Messaging device registered to Google successfully\nThis device can now participate in push messaging', '2014-03-25 16:00:14', 'Cloud Messaging Service'),
(248, 0, 'Trainee logging in with new device\nBoha Hacker Academy\n\nObakeng  Matlhoko\n', '2014-03-25 16:00:14', 'Trainee Services'),
(249, 0, 'Temporary files HouseKeeping task completed\nNumber of files cleaned up: 71\nTime elapsed: 0.006 seconds', '2014-03-25 18:12:32', 'Server HouseKeeping'),
(250, 0, 'Temporary files HouseKeeping task completed\nNumber of files cleaned up: 0\nTime elapsed: 0.003 seconds', '2014-03-25 22:12:32', 'Server HouseKeeping'),
(251, 0, 'Temporary files HouseKeeping task completed\nNumber of files cleaned up: 0\nTime elapsed: 0.004 seconds', '2014-03-26 02:12:32', 'Server HouseKeeping'),
(252, 0, 'Temporary files HouseKeeping task completed\nNumber of files cleaned up: 11\nTime elapsed: 0.003 seconds', '2014-03-26 06:12:32', 'Server HouseKeeping'),
(253, 0, 'Temporary files HouseKeeping task completed\nNumber of files cleaned up: 0\nTime elapsed: 0.002 seconds', '2014-03-26 10:12:32', 'Server HouseKeeping'),
(254, 0, 'Temporary files HouseKeeping task completed\nNumber of files cleaned up: 11\nTime elapsed: 0.003 seconds', '2014-03-26 14:12:32', 'Server HouseKeeping'),
(255, 0, 'Temporary files HouseKeeping task completed\nNumber of files cleaned up: 0\nTime elapsed: 0.002 seconds', '2014-03-26 18:12:32', 'Server HouseKeeping'),
(256, 0, 'Temporary files HouseKeeping task completed\nNumber of files cleaned up: 2\nTime elapsed: 0.003 seconds', '2014-03-26 22:12:32', 'Server HouseKeeping'),
(257, 0, 'Temporary files HouseKeeping task completed\nNumber of files cleaned up: 41\nTime elapsed: 0.003 seconds', '2014-03-27 02:12:32', 'Server HouseKeeping'),
(258, 0, 'Temporary files HouseKeeping task completed\nNumber of files cleaned up: 0\nTime elapsed: 0.002 seconds', '2014-03-27 06:12:32', 'Server HouseKeeping'),
(259, 0, 'Temporary files HouseKeeping task completed\nNumber of files cleaned up: 1\nTime elapsed: 0.002 seconds', '2014-03-27 10:12:32', 'Server HouseKeeping'),
(260, 0, 'Temporary files HouseKeeping task completed\nNumber of files cleaned up: 0\nTime elapsed: 0.001 seconds', '2014-03-27 14:12:32', 'Server HouseKeeping'),
(261, 0, 'Temporary files HouseKeeping task completed\nNumber of files cleaned up: 17\nTime elapsed: 0.004 seconds', '2014-03-27 18:12:32', 'Server HouseKeeping'),
(262, 0, 'Temporary files HouseKeeping task completed\nNumber of files cleaned up: 6\nTime elapsed: 0.015 seconds', '2014-03-27 19:43:50', 'Server HouseKeeping'),
(263, 0, 'Temporary files HouseKeeping task completed\nNumber of files cleaned up: 0\nTime elapsed: 0.004 seconds', '2014-03-29 20:52:35', 'Server HouseKeeping'),
(264, 111, 'Servlet took more than 5 seconds to process request\nRequest type is 6181\nElapsed time in seconds: 5.864', '2014-03-29 21:09:35', 'Instructor Services'),
(265, 0, 'Temporary files HouseKeeping task completed\nNumber of files cleaned up: 15\nTime elapsed: 0.003 seconds', '2014-03-30 00:52:35', 'Server HouseKeeping'),
(266, 0, 'Temporary files HouseKeeping task completed\nNumber of files cleaned up: 0\nTime elapsed: 0.003 seconds', '2014-03-30 04:52:35', 'Server HouseKeeping'),
(267, 0, 'Temporary files HouseKeeping task completed\nNumber of files cleaned up: 9\nTime elapsed: 0.008 seconds', '2014-03-30 08:52:35', 'Server HouseKeeping'),
(268, 0, 'Temporary files HouseKeeping task completed\nNumber of files cleaned up: 0\nTime elapsed: 0.002 seconds', '2014-03-30 12:52:35', 'Server HouseKeeping'),
(269, 0, 'Temporary files HouseKeeping task completed\nNumber of files cleaned up: 0\nTime elapsed: 0.002 seconds', '2014-03-30 16:52:35', 'Server HouseKeeping'),
(270, 0, 'Temporary files HouseKeeping task completed\nNumber of files cleaned up: 2\nTime elapsed: 0.003 seconds', '2014-03-30 20:52:35', 'Server HouseKeeping'),
(271, 0, 'Temporary files HouseKeeping task completed\nNumber of files cleaned up: 4\nTime elapsed: 0.003 seconds', '2014-03-31 00:52:35', 'Server HouseKeeping'),
(272, 0, 'Temporary files HouseKeeping task completed\nNumber of files cleaned up: 0\nTime elapsed: 0.003 seconds', '2014-03-31 04:52:35', 'Server HouseKeeping'),
(273, 0, 'Temporary files HouseKeeping task completed\nNumber of files cleaned up: 0\nTime elapsed: 0.003 seconds', '2014-03-31 08:52:35', 'Server HouseKeeping'),
(274, 0, 'New Trainee Registered\n\nTest Trainee\nBoha Hacker Academy', '2014-03-31 09:41:36', 'Administrator Services'),
(275, 120, 'Server Database Error\nFailed to update class\nAn instance of a null PK has been incorrectly provided for this find operation.\n\njava.lang.IllegalArgumentException: An instance of a null PK has been incorrectly provided for this find operation.\n\nClass: org.eclipse.persistence.internal.jpa.EntityManagerImpl\nMethod: findInternal\nLine Number: 775\n', '2014-03-31 09:54:25', 'Administrator Services'),
(276, 120, 'Server Database Error\nFailed to update class\nAn instance of a null PK has been incorrectly provided for this find operation.\n\njava.lang.IllegalArgumentException: An instance of a null PK has been incorrectly provided for this find operation.\n\nClass: org.eclipse.persistence.internal.jpa.EntityManagerImpl\nMethod: findInternal\nLine Number: 775\n', '2014-03-31 09:55:29', 'Administrator Services'),
(277, 120, 'Server Database Error\nFailed to update class\nAn instance of a null PK has been incorrectly provided for this find operation.\n\njava.lang.IllegalArgumentException: An instance of a null PK has been incorrectly provided for this find operation.\n\nClass: org.eclipse.persistence.internal.jpa.EntityManagerImpl\nMethod: findInternal\nLine Number: 775\n', '2014-03-31 09:56:53', 'Administrator Services'),
(278, 0, 'Temporary files HouseKeeping task completed\nNumber of files cleaned up: 4\nTime elapsed: 0.003 seconds', '2014-03-31 12:52:35', 'Server HouseKeeping'),
(279, 0, 'Temporary files HouseKeeping task completed\nNumber of files cleaned up: 3\nTime elapsed: 0.003 seconds', '2014-03-31 16:52:35', 'Server HouseKeeping'),
(280, 0, 'Temporary files HouseKeeping task completed\nNumber of files cleaned up: 0\nTime elapsed: 0.002 seconds', '2014-03-31 20:52:35', 'Server HouseKeeping'),
(281, 120, 'Server Database Error\nFailed to register Trainee\nException [EclipseLink-4002] (Eclipse Persistence Services - 2.5.0.v20130507-3faac2b): org.eclipse.persistence.exceptions.DatabaseException\nInternal Exception: com.mysql.jdbc.exceptions.jdbc4.MySQLIntegrityConstraintViolationException: Duplicate entry ''info@sowertech.com'' for key ''email''\nError Code: 1062\nCall: INSERT INTO trainee (activeFlag, address, cellphone, dateRegistered, dateUpdated, email, firstName, GCMRegistrationID, gender, IDNumber, lastName, middleName, password, administratorID, cityID, companyID, institutionID, trainingClassID) VALUES (?, ?, ?, ?, ?, ?, ?, ?, ?, ?, ?, ?, ?, ?, ?, ?, ?, ?)\n	bind => [18 parameters bound]\nQuery: InsertObjectQuery(com.boha.coursemaker.data.Trainee[ traineeID=null ])\n\njavax.persistence.PersistenceException: Exception [EclipseLink-4002] (Eclipse Persistence Services - 2.5.0.v20130507-3faac2b): org.eclipse.persistence.exceptions.DatabaseException\nInternal Exception: com.mysql.jdbc.exceptions.jdbc4.MySQLIntegrityConstraintViolationException: Duplicate entry ''info@sowertech.com'' for key ''email''\nError Code: 1062\nCall: INSERT INTO trainee (activeFlag, address, cellphone, dateRegistered, dateUpdated, email, firstName, GCMRegistrationID, gender, IDNumber, lastName, middleName, password, administratorID, cityID, companyID, institutionID, trainingClassID) VALUES (?, ?, ?, ?, ?, ?, ?, ?, ?, ?, ?, ?, ?, ?, ?, ?, ?, ?)\n	bind => [18 parameters bound]\nQuery: InsertObjectQuery(com.boha.coursemaker.data.Trainee[ traineeID=null ])\n\nClass: org.eclipse.persistence.internal.jpa.EntityManagerImpl\nMethod: flush\nLine Number: 851\n', '2014-03-31 22:43:38', 'Administrator Services'),
(282, 120, 'Server Database Error\nFailed to register Trainee\nException [EclipseLink-4002] (Eclipse Persistence Services - 2.5.0.v20130507-3faac2b): org.eclipse.persistence.exceptions.DatabaseException\nInternal Exception: com.mysql.jdbc.exceptions.jdbc4.MySQLIntegrityConstraintViolationException: Duplicate entry ''info@sowertech.com'' for key ''email''\nError Code: 1062\nCall: INSERT INTO trainee (activeFlag, address, cellphone, dateRegistered, dateUpdated, email, firstName, GCMRegistrationID, gender, IDNumber, lastName, middleName, password, administratorID, cityID, companyID, institutionID, trainingClassID) VALUES (?, ?, ?, ?, ?, ?, ?, ?, ?, ?, ?, ?, ?, ?, ?, ?, ?, ?)\n	bind => [18 parameters bound]\nQuery: InsertObjectQuery(com.boha.coursemaker.data.Trainee[ traineeID=null ])\n\njavax.persistence.PersistenceException: Exception [EclipseLink-4002] (Eclipse Persistence Services - 2.5.0.v20130507-3faac2b): org.eclipse.persistence.exceptions.DatabaseException\nInternal Exception: com.mysql.jdbc.exceptions.jdbc4.MySQLIntegrityConstraintViolationException: Duplicate entry ''info@sowertech.com'' for key ''email''\nError Code: 1062\nCall: INSERT INTO trainee (activeFlag, address, cellphone, dateRegistered, dateUpdated, email, firstName, GCMRegistrationID, gender, IDNumber, lastName, middleName, password, administratorID, cityID, companyID, institutionID, trainingClassID) VALUES (?, ?, ?, ?, ?, ?, ?, ?, ?, ?, ?, ?, ?, ?, ?, ?, ?, ?)\n	bind => [18 parameters bound]\nQuery: InsertObjectQuery(com.boha.coursemaker.data.Trainee[ traineeID=null ])\n\nClass: org.eclipse.persistence.internal.jpa.EntityManagerImpl\nMethod: flush\nLine Number: 851\n', '2014-03-31 22:44:12', 'Administrator Services'),
(283, 0, 'New Trainee Registered\n\nTest 2 Trainee 2\nBoha Hacker Academy', '2014-03-31 22:53:18', 'Administrator Services'),
(284, 120, 'Server Database Error\nFailed to update trainee\njava.lang.NullPointerException\n\nClass: com.boha.coursemaker.util.AdministratorUtil\nMethod: deactivateTrainee\nLine Number: 1949\n', '2014-03-31 23:16:40', 'Administrator Services'),
(285, 120, 'Server Database Error\nFailed to update password', '2014-03-31 23:20:03', 'Administrator Services'),
(286, 0, 'New Instructor Registered\n\nTest 1  Instructor 1\nBoha Hacker Academy', '2014-03-31 23:40:34', 'Administrator Services'),
(287, 120, 'Server Database Error\nFailed to update instructor\njava.lang.NullPointerException\n\nClass: com.boha.coursemaker.util.AdministratorUtil\nMethod: deactivateInstructor\nLine Number: 1974\n', '2014-03-31 23:53:43', 'Administrator Services'),
(288, 120, 'Server Database Error\nFailed to update password', '2014-04-01 00:02:26', 'Administrator Services'),
(289, 0, 'New CourseMaker Author Registered\n\nTest 1 Test 1\nBoha Hacker Academy', '2014-04-01 00:07:24', 'Administrator Services'),
(290, 105, 'Intruder request detected. Ignored.', '2014-04-01 00:10:58', 'Administrator Services'),
(291, 120, 'Server Database Error\nFailed to update password', '2014-04-01 00:12:41', 'Administrator Services'),
(292, 120, 'Server Database Error\nFailed to update password', '2014-04-01 00:13:39', 'Administrator Services'),
(293, 120, 'Server Database Error\nFailed to update password', '2014-04-01 00:13:50', 'Administrator Services'),
(294, 0, 'Temporary files HouseKeeping task completed\nNumber of files cleaned up: 10\nTime elapsed: 0.003 seconds', '2014-04-01 00:52:35', 'Server HouseKeeping'),
(295, 0, 'Temporary files HouseKeeping task completed\nNumber of files cleaned up: 8\nTime elapsed: 0.002 seconds', '2014-04-01 04:52:35', 'Server HouseKeeping'),
(296, 111, 'Servlet took more than 5 seconds to process request\nRequest type is 6181\nElapsed time in seconds: 19.689', '2014-04-01 08:24:36', 'Instructor Services'),
(297, 111, 'Servlet took more than 5 seconds to process request\nRequest type is 6181\nElapsed time in seconds: 5.339', '2014-04-01 08:29:38', 'Instructor Services'),
(298, 0, 'Temporary files HouseKeeping task completed\nNumber of files cleaned up: 1\nTime elapsed: 0.004 seconds', '2014-04-01 08:33:39', 'Server HouseKeeping'),
(299, 0, 'Temporary files HouseKeeping task completed\nNumber of files cleaned up: 17\nTime elapsed: 0.003 seconds', '2014-04-01 12:33:39', 'Server HouseKeeping'),
(300, 0, 'Temporary files HouseKeeping task completed\nNumber of files cleaned up: 0\nTime elapsed: 0.002 seconds', '2014-04-01 16:33:39', 'Server HouseKeeping'),
(301, 0, 'Temporary files HouseKeeping task completed\nNumber of files cleaned up: 8\nTime elapsed: 0.002 seconds', '2014-04-01 20:33:39', 'Server HouseKeeping'),
(302, 0, 'Temporary files HouseKeeping task completed\nNumber of files cleaned up: 21\nTime elapsed: 0.003 seconds', '2014-04-02 00:33:39', 'Server HouseKeeping');
INSERT INTO `errorStore` (`errorStoreID`, `statusCode`, `message`, `dateOccured`, `origin`) VALUES
(303, 0, 'Temporary files HouseKeeping task completed\nNumber of files cleaned up: 0\nTime elapsed: 0.003 seconds', '2014-04-02 04:33:39', 'Server HouseKeeping'),
(304, 0, 'Temporary files HouseKeeping task completed\nNumber of files cleaned up: 0\nTime elapsed: 0.003 seconds', '2014-04-02 08:33:39', 'Server HouseKeeping'),
(305, 0, 'Temporary files HouseKeeping task completed\nNumber of files cleaned up: 0\nTime elapsed: 0.002 seconds', '2014-04-02 12:33:39', 'Server HouseKeeping'),
(306, 0, 'Temporary files HouseKeeping task completed\nNumber of files cleaned up: 9\nTime elapsed: 0.003 seconds', '2014-04-02 16:33:39', 'Server HouseKeeping'),
(307, 0, 'Temporary files HouseKeeping task completed\nNumber of files cleaned up: 0\nTime elapsed: 0.003 seconds', '2014-04-02 20:33:39', 'Server HouseKeeping'),
(308, 0, 'Temporary files HouseKeeping task completed\nNumber of files cleaned up: 12\nTime elapsed: 0.003 seconds', '2014-04-03 00:33:39', 'Server HouseKeeping'),
(309, 0, 'Temporary files HouseKeeping task completed\nNumber of files cleaned up: 3\nTime elapsed: 0.002 seconds', '2014-04-03 04:33:39', 'Server HouseKeeping'),
(310, 0, 'Temporary files HouseKeeping task completed\nNumber of files cleaned up: 0\nTime elapsed: 0.002 seconds', '2014-04-03 08:33:39', 'Server HouseKeeping'),
(311, 0, 'Temporary files HouseKeeping task completed\nNumber of files cleaned up: 0\nTime elapsed: 0.002 seconds', '2014-04-03 12:33:39', 'Server HouseKeeping'),
(312, 0, 'Temporary files HouseKeeping task completed\nNumber of files cleaned up: 0\nTime elapsed: 0.002 seconds', '2014-04-03 16:33:39', 'Server HouseKeeping'),
(313, 0, 'Temporary files HouseKeeping task completed\nNumber of files cleaned up: 0\nTime elapsed: 0.002 seconds', '2014-04-03 20:33:39', 'Server HouseKeeping'),
(314, 0, 'Temporary files HouseKeeping task completed\nNumber of files cleaned up: 0\nTime elapsed: 0.013 seconds', '2014-04-04 00:33:39', 'Server HouseKeeping'),
(315, 0, 'Temporary files HouseKeeping task completed\nNumber of files cleaned up: 0\nTime elapsed: 0.003 seconds', '2014-04-04 04:33:39', 'Server HouseKeeping'),
(316, 0, 'Temporary files HouseKeeping task completed\nNumber of files cleaned up: 0\nTime elapsed: 0.018 seconds', '2014-04-04 08:33:39', 'Server HouseKeeping'),
(317, 0, 'Temporary files HouseKeeping task completed\nNumber of files cleaned up: 22\nTime elapsed: 0.003 seconds', '2014-04-04 12:33:39', 'Server HouseKeeping'),
(318, 0, 'Temporary files HouseKeeping task completed\nNumber of files cleaned up: 3\nTime elapsed: 0.003 seconds', '2014-04-04 16:33:39', 'Server HouseKeeping'),
(319, 0, 'Temporary files HouseKeeping task completed\nNumber of files cleaned up: 0\nTime elapsed: 0.002 seconds', '2014-04-04 20:33:39', 'Server HouseKeeping'),
(320, 0, 'Temporary files HouseKeeping task completed\nNumber of files cleaned up: 1\nTime elapsed: 0.002 seconds', '2014-04-05 00:33:39', 'Server HouseKeeping'),
(321, 0, 'Temporary files HouseKeeping task completed\nNumber of files cleaned up: 0\nTime elapsed: 0.003 seconds', '2014-04-05 04:33:39', 'Server HouseKeeping'),
(322, 0, 'Temporary files HouseKeeping task completed\nNumber of files cleaned up: 0\nTime elapsed: 0.003 seconds', '2014-04-05 08:33:39', 'Server HouseKeeping'),
(323, 0, 'Temporary files HouseKeeping task completed\nNumber of files cleaned up: 0\nTime elapsed: 0.002 seconds', '2014-04-05 12:33:39', 'Server HouseKeeping'),
(324, 0, 'Temporary files HouseKeeping task completed\nNumber of files cleaned up: 0\nTime elapsed: 0.002 seconds', '2014-04-05 16:33:39', 'Server HouseKeeping'),
(325, 0, 'Temporary files HouseKeeping task completed\nNumber of files cleaned up: 0\nTime elapsed: 0.003 seconds', '2014-04-05 20:33:39', 'Server HouseKeeping'),
(326, 0, 'Temporary files HouseKeeping task completed\nNumber of files cleaned up: 0\nTime elapsed: 0.002 seconds', '2014-04-06 00:33:39', 'Server HouseKeeping'),
(327, 0, 'Temporary files HouseKeeping task completed\nNumber of files cleaned up: 0\nTime elapsed: 0.002 seconds', '2014-04-06 04:33:39', 'Server HouseKeeping'),
(328, 0, 'Temporary files HouseKeeping task completed\nNumber of files cleaned up: 0\nTime elapsed: 0.003 seconds', '2014-04-06 08:33:39', 'Server HouseKeeping'),
(329, 0, 'Temporary files HouseKeeping task completed\nNumber of files cleaned up: 0\nTime elapsed: 0.002 seconds', '2014-04-06 12:33:39', 'Server HouseKeeping'),
(330, 0, 'Temporary files HouseKeeping task completed\nNumber of files cleaned up: 0\nTime elapsed: 0.003 seconds', '2014-04-06 16:33:39', 'Server HouseKeeping'),
(331, 0, 'Temporary files HouseKeeping task completed\nNumber of files cleaned up: 0\nTime elapsed: 0.002 seconds', '2014-04-06 20:33:39', 'Server HouseKeeping'),
(332, 0, 'Temporary files HouseKeeping task completed\nNumber of files cleaned up: 0\nTime elapsed: 0.003 seconds', '2014-04-07 00:33:39', 'Server HouseKeeping'),
(333, 0, 'Temporary files HouseKeeping task completed\nNumber of files cleaned up: 0\nTime elapsed: 0.039 seconds', '2014-04-07 02:18:04', 'Server HouseKeeping'),
(334, 111, 'Servlet took more than 5 seconds to process request\nRequest type is 6181\nElapsed time in seconds: 5.61', '2014-04-07 02:32:56', 'Instructor Services'),
(335, 0, 'Temporary files HouseKeeping task completed\nNumber of files cleaned up: 14\nTime elapsed: 0.003 seconds', '2014-04-07 06:18:04', 'Server HouseKeeping'),
(336, 0, 'Temporary files HouseKeeping task completed\nNumber of files cleaned up: 0\nTime elapsed: 0.002 seconds', '2014-04-07 10:18:04', 'Server HouseKeeping'),
(337, 120, 'Server Database Error\nNamedQuery of name: TrainingClassCourse.findByTrainingInstructor not found.\n\njava.lang.IllegalArgumentException: NamedQuery of name: TrainingClassCourse.findByTrainingInstructor not found.\n\nClass: org.eclipse.persistence.internal.jpa.QueryImpl\nMethod: getDatabaseQueryInternal\nLine Number: 350\n', '2014-04-07 11:48:44', 'Instructor Services'),
(338, 120, 'Server Database Error\nNamedQuery of name: TrainingClassCourse.findByTrainingInstructor not found.\n\njava.lang.IllegalArgumentException: NamedQuery of name: TrainingClassCourse.findByTrainingInstructor not found.\n\nClass: org.eclipse.persistence.internal.jpa.QueryImpl\nMethod: getDatabaseQueryInternal\nLine Number: 350\n', '2014-04-07 11:50:46', 'Instructor Services'),
(339, 0, 'Temporary files HouseKeeping task completed\nNumber of files cleaned up: 14\nTime elapsed: 0.004 seconds', '2014-04-07 12:11:33', 'Server HouseKeeping'),
(340, 0, 'Temporary files HouseKeeping task completed\nNumber of files cleaned up: 15\nTime elapsed: 0.004 seconds', '2014-04-07 16:11:33', 'Server HouseKeeping'),
(341, 0, 'Temporary files HouseKeeping task completed\nNumber of files cleaned up: 0\nTime elapsed: 0.003 seconds', '2014-04-07 20:11:33', 'Server HouseKeeping'),
(342, 111, 'Servlet took more than 5 seconds to process request\nRequest type is 6181\nElapsed time in seconds: 5.204', '2014-04-07 22:56:11', 'Instructor Services'),
(343, 0, 'Temporary files HouseKeeping task completed\nNumber of files cleaned up: 3\nTime elapsed: 0.002 seconds', '2014-04-08 00:11:33', 'Server HouseKeeping'),
(344, 120, 'Server Database Error\nException [EclipseLink-4002] (Eclipse Persistence Services - 2.5.0.v20130507-3faac2b): org.eclipse.persistence.exceptions.DatabaseException\nInternal Exception: com.mysql.jdbc.exceptions.jdbc4.MySQLIntegrityConstraintViolationException: Cannot delete or update a parent row: a foreign key constraint fails (`coursemaker-prod`.`course`, CONSTRAINT `fkd91` FOREIGN KEY (`categoryID`) REFERENCES `category` (`categoryID`) ON DELETE NO ACTION ON UPDATE NO ACTION)\nError Code: 1451\nCall: DELETE FROM category WHERE (categoryID = ?)\n	bind => [1 parameter bound]\nQuery: DeleteObjectQuery(com.boha.coursemaker.data.Category[ categoryID=14 ])\n\njavax.persistence.PersistenceException: Exception [EclipseLink-4002] (Eclipse Persistence Services - 2.5.0.v20130507-3faac2b): org.eclipse.persistence.exceptions.DatabaseException\nInternal Exception: com.mysql.jdbc.exceptions.jdbc4.MySQLIntegrityConstraintViolationException: Cannot delete or update a parent row: a foreign key constraint fails (`coursemaker-prod`.`course`, CONSTRAINT `fkd91` FOREIGN KEY (`categoryID`) REFERENCES `category` (`categoryID`) ON DELETE NO ACTION ON UPDATE NO ACTION)\nError Code: 1451\nCall: DELETE FROM category WHERE (categoryID = ?)\n	bind => [1 parameter bound]\nQuery: DeleteObjectQuery(com.boha.coursemaker.data.Category[ categoryID=14 ])\n\nClass: org.eclipse.persistence.internal.jpa.EntityManagerImpl\nMethod: flush\nLine Number: 851\n', '2014-04-08 03:51:39', 'Author Services'),
(345, 0, 'Temporary files HouseKeeping task completed\nNumber of files cleaned up: 7\nTime elapsed: 0.003 seconds', '2014-04-08 04:11:33', 'Server HouseKeeping'),
(346, 0, 'Temporary files HouseKeeping task completed\nNumber of files cleaned up: 8\nTime elapsed: 0.004 seconds', '2014-04-08 08:11:33', 'Server HouseKeeping'),
(347, 0, 'Temporary files HouseKeeping task completed\nNumber of files cleaned up: 0\nTime elapsed: 0.003 seconds', '2014-04-08 12:11:33', 'Server HouseKeeping'),
(348, 0, 'Temporary files HouseKeeping task completed\nNumber of files cleaned up: 0\nTime elapsed: 0.002 seconds', '2014-04-08 16:11:33', 'Server HouseKeeping'),
(349, 0, 'Temporary files HouseKeeping task completed\nNumber of files cleaned up: 0\nTime elapsed: 0.002 seconds', '2014-04-08 20:11:33', 'Server HouseKeeping'),
(350, 0, 'Temporary files HouseKeeping task completed\nNumber of files cleaned up: 0\nTime elapsed: 0.003 seconds', '2014-04-09 00:11:33', 'Server HouseKeeping'),
(351, 0, 'Temporary files HouseKeeping task completed\nNumber of files cleaned up: 0\nTime elapsed: 0.003 seconds', '2014-04-09 04:11:33', 'Server HouseKeeping'),
(352, 0, 'Temporary files HouseKeeping task completed\nNumber of files cleaned up: 0\nTime elapsed: 0.003 seconds', '2014-04-09 08:11:33', 'Server HouseKeeping'),
(353, 0, 'Temporary files HouseKeeping task completed\nNumber of files cleaned up: 0\nTime elapsed: 0.002 seconds', '2014-04-09 12:11:33', 'Server HouseKeeping'),
(354, 0, 'Temporary files HouseKeeping task completed\nNumber of files cleaned up: 0\nTime elapsed: 0.003 seconds', '2014-04-09 16:11:33', 'Server HouseKeeping'),
(355, 0, 'Temporary files HouseKeeping task completed\nNumber of files cleaned up: 0\nTime elapsed: 0.004 seconds', '2014-04-09 20:11:33', 'Server HouseKeeping'),
(356, 0, 'Temporary files HouseKeeping task completed\nNumber of files cleaned up: 0\nTime elapsed: 0.003 seconds', '2014-04-10 00:11:33', 'Server HouseKeeping'),
(357, 0, 'Temporary files HouseKeeping task completed\nNumber of files cleaned up: 0\nTime elapsed: 0.003 seconds', '2014-04-10 04:11:33', 'Server HouseKeeping'),
(358, 0, 'Temporary files HouseKeeping task completed\nNumber of files cleaned up: 0\nTime elapsed: 0.002 seconds', '2014-04-10 08:11:33', 'Server HouseKeeping'),
(359, 0, 'Temporary files HouseKeeping task completed\nNumber of files cleaned up: 0\nTime elapsed: 0.002 seconds', '2014-04-10 12:11:33', 'Server HouseKeeping'),
(360, 0, 'Temporary files HouseKeeping task completed\nNumber of files cleaned up: 0\nTime elapsed: 0.002 seconds', '2014-04-10 16:11:33', 'Server HouseKeeping'),
(361, 0, 'Temporary files HouseKeeping task completed\nNumber of files cleaned up: 0\nTime elapsed: 0.003 seconds', '2014-04-10 20:11:33', 'Server HouseKeeping'),
(362, 0, 'Temporary files HouseKeeping task completed\nNumber of files cleaned up: 0\nTime elapsed: 0.003 seconds', '2014-04-11 00:11:33', 'Server HouseKeeping'),
(363, 0, 'Temporary files HouseKeeping task completed\nNumber of files cleaned up: 0\nTime elapsed: 0.002 seconds', '2014-04-11 04:11:33', 'Server HouseKeeping'),
(364, 0, 'Temporary files HouseKeeping task completed\nNumber of files cleaned up: 0\nTime elapsed: 0.002 seconds', '2014-04-11 08:11:33', 'Server HouseKeeping'),
(365, 0, 'Temporary files HouseKeeping task completed\nNumber of files cleaned up: 0\nTime elapsed: 0.167 seconds', '2014-04-11 12:11:33', 'Server HouseKeeping'),
(366, 0, 'Temporary files HouseKeeping task completed\nNumber of files cleaned up: 0\nTime elapsed: 0.002 seconds', '2014-04-11 16:11:33', 'Server HouseKeeping'),
(367, 120, 'Server Database Error\nFailed to login admin\njavax.ejb.EJBTransactionRolledbackException\n\nClass: com.sun.ejb.containers.BaseContainer\nMethod: mapLocal3xException\nLine Number: 2279\n', '2014-04-11 17:38:09', 'Administrator Services'),
(368, 120, 'Server Database Error\nFailed to login admin\njavax.ejb.EJBTransactionRolledbackException\n\nClass: com.sun.ejb.containers.BaseContainer\nMethod: mapLocal3xException\nLine Number: 2279\n', '2014-04-11 17:38:17', 'Administrator Services'),
(369, 0, 'Google Cloud Messaging device registered to Google successfully\nThis device can now participate in push messaging', '2014-04-11 17:38:31', 'Cloud Messaging Service'),
(370, 0, 'Author logging in with new device\nRulani Group\n\nRulani Nevhufumba\n', '2014-04-11 17:38:31', 'Author Services'),
(371, 120, 'Server Database Error\nFailed to login admin\njavax.ejb.EJBTransactionRolledbackException\n\nClass: com.sun.ejb.containers.BaseContainer\nMethod: mapLocal3xException\nLine Number: 2279\n', '2014-04-11 17:38:54', 'Administrator Services'),
(372, 0, 'Google Cloud Messaging device registered to Google successfully\nThis device can now participate in push messaging', '2014-04-11 17:41:48', 'Cloud Messaging Service'),
(373, 0, 'Instructor logging in with new device\nRulani Group\n\nRulani Nevhufumba\n', '2014-04-11 17:41:48', 'Instructor Services'),
(374, 120, 'Server Database Error\nFailed to login admin\njavax.ejb.EJBTransactionRolledbackException\n\nClass: com.sun.ejb.containers.BaseContainer\nMethod: mapLocal3xException\nLine Number: 2279\n', '2014-04-11 18:27:44', 'Administrator Services'),
(375, 0, 'Temporary files HouseKeeping task completed\nNumber of files cleaned up: 24\nTime elapsed: 0.003 seconds', '2014-04-11 20:11:33', 'Server HouseKeeping'),
(376, 0, 'Temporary files HouseKeeping task completed\nNumber of files cleaned up: 0\nTime elapsed: 0.004 seconds', '2014-04-12 00:11:33', 'Server HouseKeeping'),
(377, 0, 'Temporary files HouseKeeping task completed\nNumber of files cleaned up: 0\nTime elapsed: 0.002 seconds', '2014-04-12 04:11:33', 'Server HouseKeeping'),
(378, 0, 'Temporary files HouseKeeping task completed\nNumber of files cleaned up: 0\nTime elapsed: 0.002 seconds', '2014-04-12 08:11:33', 'Server HouseKeeping'),
(379, 0, 'Temporary files HouseKeeping task completed\nNumber of files cleaned up: 0\nTime elapsed: 0.002 seconds', '2014-04-12 12:11:33', 'Server HouseKeeping'),
(380, 0, 'Temporary files HouseKeeping task completed\nNumber of files cleaned up: 0\nTime elapsed: 0.003 seconds', '2014-04-12 16:11:33', 'Server HouseKeeping'),
(381, 0, 'Temporary files HouseKeeping task completed\nNumber of files cleaned up: 0\nTime elapsed: 0.002 seconds', '2014-04-12 20:11:33', 'Server HouseKeeping'),
(382, 0, 'Temporary files HouseKeeping task completed\nNumber of files cleaned up: 0\nTime elapsed: 0.003 seconds', '2014-04-13 00:11:33', 'Server HouseKeeping'),
(383, 0, 'Temporary files HouseKeeping task completed\nNumber of files cleaned up: 0\nTime elapsed: 0.002 seconds', '2014-04-13 04:11:33', 'Server HouseKeeping'),
(384, 0, 'Temporary files HouseKeeping task completed\nNumber of files cleaned up: 0\nTime elapsed: 0.002 seconds', '2014-04-13 08:11:33', 'Server HouseKeeping'),
(385, 0, 'Temporary files HouseKeeping task completed\nNumber of files cleaned up: 0\nTime elapsed: 0.002 seconds', '2014-04-13 12:11:33', 'Server HouseKeeping'),
(386, 0, 'Temporary files HouseKeeping task completed\nNumber of files cleaned up: 0\nTime elapsed: 0.002 seconds', '2014-04-13 16:11:33', 'Server HouseKeeping'),
(387, 0, 'Temporary files HouseKeeping task completed\nNumber of files cleaned up: 0\nTime elapsed: 0.002 seconds', '2014-04-13 20:11:33', 'Server HouseKeeping'),
(388, 0, 'Temporary files HouseKeeping task completed\nNumber of files cleaned up: 6\nTime elapsed: 0.003 seconds', '2014-04-14 00:11:33', 'Server HouseKeeping'),
(389, 0, 'Temporary files HouseKeeping task completed\nNumber of files cleaned up: 0\nTime elapsed: 0.002 seconds', '2014-04-14 04:11:33', 'Server HouseKeeping'),
(390, 0, 'Temporary files HouseKeeping task completed\nNumber of files cleaned up: 0\nTime elapsed: 0.003 seconds', '2014-04-14 08:11:33', 'Server HouseKeeping'),
(391, 0, 'Temporary files HouseKeeping task completed\nNumber of files cleaned up: 0\nTime elapsed: 0.002 seconds', '2014-04-14 12:11:33', 'Server HouseKeeping'),
(392, 0, 'Temporary files HouseKeeping task completed\nNumber of files cleaned up: 0\nTime elapsed: 0.002 seconds', '2014-04-14 16:11:33', 'Server HouseKeeping'),
(393, 0, 'Temporary files HouseKeeping task completed\nNumber of files cleaned up: 0\nTime elapsed: 0.002 seconds', '2014-04-14 20:11:33', 'Server HouseKeeping'),
(394, 0, 'Temporary files HouseKeeping task completed\nNumber of files cleaned up: 0\nTime elapsed: 0.002 seconds', '2014-04-15 00:11:33', 'Server HouseKeeping'),
(395, 0, 'Temporary files HouseKeeping task completed\nNumber of files cleaned up: 0\nTime elapsed: 0.002 seconds', '2014-04-15 04:11:33', 'Server HouseKeeping'),
(396, 0, 'Temporary files HouseKeeping task completed\nNumber of files cleaned up: 0\nTime elapsed: 0.002 seconds', '2014-04-15 08:11:33', 'Server HouseKeeping'),
(397, 0, 'Temporary files HouseKeeping task completed\nNumber of files cleaned up: 0\nTime elapsed: 0.115 seconds', '2014-04-15 12:11:33', 'Server HouseKeeping'),
(398, 0, 'Temporary files HouseKeeping task completed\nNumber of files cleaned up: 0\nTime elapsed: 0.002 seconds', '2014-04-15 16:11:33', 'Server HouseKeeping'),
(399, 0, 'Temporary files HouseKeeping task completed\nNumber of files cleaned up: 0\nTime elapsed: 0.003 seconds', '2014-04-15 20:11:33', 'Server HouseKeeping'),
(400, 0, 'Temporary files HouseKeeping task completed\nNumber of files cleaned up: 0\nTime elapsed: 0.227 seconds', '2014-04-16 00:11:33', 'Server HouseKeeping'),
(401, 0, 'Temporary files HouseKeeping task completed\nNumber of files cleaned up: 0\nTime elapsed: 0.002 seconds', '2014-04-16 04:11:33', 'Server HouseKeeping'),
(402, 0, 'Temporary files HouseKeeping task completed\nNumber of files cleaned up: 0\nTime elapsed: 0.003 seconds', '2014-04-16 08:11:33', 'Server HouseKeeping'),
(403, 0, 'Temporary files HouseKeeping task completed\nNumber of files cleaned up: 0\nTime elapsed: 0.003 seconds', '2014-04-16 12:11:33', 'Server HouseKeeping'),
(404, 0, 'Temporary files HouseKeeping task completed\nNumber of files cleaned up: 0\nTime elapsed: 0.002 seconds', '2014-04-16 16:11:33', 'Server HouseKeeping'),
(405, 0, 'Temporary files HouseKeeping task completed\nNumber of files cleaned up: 0\nTime elapsed: 0.002 seconds', '2014-04-16 20:11:33', 'Server HouseKeeping'),
(406, 0, 'Temporary files HouseKeeping task completed\nNumber of files cleaned up: 0\nTime elapsed: 0.145 seconds', '2014-04-17 00:11:33', 'Server HouseKeeping'),
(407, 0, 'Temporary files HouseKeeping task completed\nNumber of files cleaned up: 0\nTime elapsed: 0.028 seconds', '2014-04-17 04:11:33', 'Server HouseKeeping'),
(408, 0, 'Temporary files HouseKeeping task completed\nNumber of files cleaned up: 0\nTime elapsed: 0.002 seconds', '2014-04-17 08:11:33', 'Server HouseKeeping'),
(409, 0, 'Temporary files HouseKeeping task completed\nNumber of files cleaned up: 0\nTime elapsed: 0.12 seconds', '2014-04-17 12:11:33', 'Server HouseKeeping'),
(410, 0, 'Temporary files HouseKeeping task completed\nNumber of files cleaned up: 0\nTime elapsed: 0.167 seconds', '2014-04-17 16:11:33', 'Server HouseKeeping'),
(411, 0, 'Temporary files HouseKeeping task completed\nNumber of files cleaned up: 0\nTime elapsed: 0.002 seconds', '2014-04-17 20:11:33', 'Server HouseKeeping'),
(412, 0, 'Temporary files HouseKeeping task completed\nNumber of files cleaned up: 0\nTime elapsed: 0.011 seconds', '2014-04-18 00:11:33', 'Server HouseKeeping'),
(413, 0, 'Temporary files HouseKeeping task completed\nNumber of files cleaned up: 0\nTime elapsed: 0.002 seconds', '2014-04-18 04:11:33', 'Server HouseKeeping'),
(414, 0, 'Temporary files HouseKeeping task completed\nNumber of files cleaned up: 0\nTime elapsed: 0.002 seconds', '2014-04-18 08:11:33', 'Server HouseKeeping'),
(415, 0, 'Temporary files HouseKeeping task completed\nNumber of files cleaned up: 1\nTime elapsed: 0.003 seconds', '2014-04-18 12:11:33', 'Server HouseKeeping'),
(416, 0, 'Temporary files HouseKeeping task completed\nNumber of files cleaned up: 0\nTime elapsed: 0.003 seconds', '2014-04-18 16:11:33', 'Server HouseKeeping'),
(417, 0, 'Temporary files HouseKeeping task completed\nNumber of files cleaned up: 0\nTime elapsed: 0.002 seconds', '2014-04-18 20:11:33', 'Server HouseKeeping'),
(418, 0, 'Temporary files HouseKeeping task completed\nNumber of files cleaned up: 0\nTime elapsed: 0.003 seconds', '2014-04-19 00:11:33', 'Server HouseKeeping'),
(419, 0, 'Temporary files HouseKeeping task completed\nNumber of files cleaned up: 0\nTime elapsed: 0.002 seconds', '2014-04-19 04:11:33', 'Server HouseKeeping'),
(420, 0, 'Temporary files HouseKeeping task completed\nNumber of files cleaned up: 0\nTime elapsed: 0.003 seconds', '2014-04-19 08:11:33', 'Server HouseKeeping'),
(421, 0, 'Temporary files HouseKeeping task completed\nNumber of files cleaned up: 0\nTime elapsed: 0.002 seconds', '2014-04-19 12:11:33', 'Server HouseKeeping'),
(422, 0, 'Temporary files HouseKeeping task completed\nNumber of files cleaned up: 0\nTime elapsed: 0.002 seconds', '2014-04-19 16:11:33', 'Server HouseKeeping'),
(423, 0, 'Temporary files HouseKeeping task completed\nNumber of files cleaned up: 0\nTime elapsed: 0.002 seconds', '2014-04-19 20:11:33', 'Server HouseKeeping'),
(424, 0, 'Temporary files HouseKeeping task completed\nNumber of files cleaned up: 0\nTime elapsed: 0.002 seconds', '2014-04-20 00:11:33', 'Server HouseKeeping'),
(425, 0, 'Temporary files HouseKeeping task completed\nNumber of files cleaned up: 0\nTime elapsed: 0.002 seconds', '2014-04-20 04:11:33', 'Server HouseKeeping'),
(426, 0, 'Temporary files HouseKeeping task completed\nNumber of files cleaned up: 0\nTime elapsed: 0.002 seconds', '2014-04-20 08:11:33', 'Server HouseKeeping'),
(427, 0, 'Temporary files HouseKeeping task completed\nNumber of files cleaned up: 0\nTime elapsed: 0.002 seconds', '2014-04-20 12:11:33', 'Server HouseKeeping'),
(428, 0, 'Temporary files HouseKeeping task completed\nNumber of files cleaned up: 0\nTime elapsed: 0.002 seconds', '2014-04-20 16:11:33', 'Server HouseKeeping'),
(429, 0, 'Temporary files HouseKeeping task completed\nNumber of files cleaned up: 0\nTime elapsed: 0.003 seconds', '2014-04-20 20:11:33', 'Server HouseKeeping'),
(430, 0, 'Temporary files HouseKeeping task completed\nNumber of files cleaned up: 0\nTime elapsed: 0.026 seconds', '2014-04-21 00:11:33', 'Server HouseKeeping'),
(431, 0, 'Temporary files HouseKeeping task completed\nNumber of files cleaned up: 0\nTime elapsed: 0.002 seconds', '2014-04-21 04:11:33', 'Server HouseKeeping'),
(432, 0, 'Temporary files HouseKeeping task completed\nNumber of files cleaned up: 0\nTime elapsed: 0.002 seconds', '2014-04-21 08:11:33', 'Server HouseKeeping'),
(433, 0, 'Temporary files HouseKeeping task completed\nNumber of files cleaned up: 0\nTime elapsed: 0.002 seconds', '2014-04-21 12:11:33', 'Server HouseKeeping'),
(434, 0, 'Temporary files HouseKeeping task completed\nNumber of files cleaned up: 0\nTime elapsed: 0.003 seconds', '2014-04-21 16:11:33', 'Server HouseKeeping'),
(435, 0, 'Temporary files HouseKeeping task completed\nNumber of files cleaned up: 0\nTime elapsed: 0.002 seconds', '2014-04-21 20:11:33', 'Server HouseKeeping'),
(436, 0, 'Temporary files HouseKeeping task completed\nNumber of files cleaned up: 0\nTime elapsed: 0.002 seconds', '2014-04-22 00:11:33', 'Server HouseKeeping'),
(437, 0, 'Temporary files HouseKeeping task completed\nNumber of files cleaned up: 0\nTime elapsed: 0.003 seconds', '2014-04-22 04:11:33', 'Server HouseKeeping'),
(438, 0, 'Temporary files HouseKeeping task completed\nNumber of files cleaned up: 0\nTime elapsed: 0.002 seconds', '2014-04-22 08:11:33', 'Server HouseKeeping'),
(439, 0, 'Temporary files HouseKeeping task completed\nNumber of files cleaned up: 0\nTime elapsed: 0.002 seconds', '2014-04-22 12:11:33', 'Server HouseKeeping'),
(440, 0, 'Temporary files HouseKeeping task completed\nNumber of files cleaned up: 0\nTime elapsed: 0.003 seconds', '2014-04-22 16:11:33', 'Server HouseKeeping'),
(441, 0, 'Temporary files HouseKeeping task completed\nNumber of files cleaned up: 0\nTime elapsed: 0.002 seconds', '2014-04-22 20:11:33', 'Server HouseKeeping'),
(442, 0, 'Temporary files HouseKeeping task completed\nNumber of files cleaned up: 0\nTime elapsed: 0.003 seconds', '2014-04-23 00:11:33', 'Server HouseKeeping'),
(443, 0, 'Temporary files HouseKeeping task completed\nNumber of files cleaned up: 0\nTime elapsed: 0.002 seconds', '2014-04-23 04:11:33', 'Server HouseKeeping'),
(444, 0, 'Temporary files HouseKeeping task completed\nNumber of files cleaned up: 0\nTime elapsed: 0.002 seconds', '2014-04-23 08:11:33', 'Server HouseKeeping'),
(445, 0, 'Temporary files HouseKeeping task completed\nNumber of files cleaned up: 0\nTime elapsed: 0.008 seconds', '2014-04-23 12:11:33', 'Server HouseKeeping'),
(446, 0, 'Temporary files HouseKeeping task completed\nNumber of files cleaned up: 0\nTime elapsed: 0.003 seconds', '2014-04-23 16:11:33', 'Server HouseKeeping'),
(447, 0, 'Temporary files HouseKeeping task completed\nNumber of files cleaned up: 0\nTime elapsed: 0.002 seconds', '2014-04-23 20:11:33', 'Server HouseKeeping'),
(448, 0, 'Temporary files HouseKeeping task completed\nNumber of files cleaned up: 0\nTime elapsed: 0.002 seconds', '2014-04-24 00:11:33', 'Server HouseKeeping'),
(449, 0, 'Temporary files HouseKeeping task completed\nNumber of files cleaned up: 0\nTime elapsed: 0.002 seconds', '2014-04-24 04:11:33', 'Server HouseKeeping'),
(450, 0, 'Temporary files HouseKeeping task completed\nNumber of files cleaned up: 0\nTime elapsed: 0.002 seconds', '2014-04-24 08:11:33', 'Server HouseKeeping'),
(451, 0, 'Temporary files HouseKeeping task completed\nNumber of files cleaned up: 0\nTime elapsed: 0.003 seconds', '2014-04-24 12:11:33', 'Server HouseKeeping'),
(452, 0, 'Temporary files HouseKeeping task completed\nNumber of files cleaned up: 0\nTime elapsed: 0.002 seconds', '2014-04-24 16:11:33', 'Server HouseKeeping'),
(453, 0, 'Temporary files HouseKeeping task completed\nNumber of files cleaned up: 0\nTime elapsed: 0.002 seconds', '2014-04-24 20:11:33', 'Server HouseKeeping'),
(454, 0, 'Temporary files HouseKeeping task completed\nNumber of files cleaned up: 0\nTime elapsed: 0.011 seconds', '2014-04-25 00:11:33', 'Server HouseKeeping'),
(455, 0, 'Temporary files HouseKeeping task completed\nNumber of files cleaned up: 0\nTime elapsed: 0.002 seconds', '2014-04-25 04:11:33', 'Server HouseKeeping'),
(456, 0, 'Temporary files HouseKeeping task completed\nNumber of files cleaned up: 0\nTime elapsed: 0.003 seconds', '2014-04-25 08:11:33', 'Server HouseKeeping'),
(457, 0, 'Temporary files HouseKeeping task completed\nNumber of files cleaned up: 0\nTime elapsed: 0.085 seconds', '2014-04-25 12:11:33', 'Server HouseKeeping'),
(458, 0, 'Temporary files HouseKeeping task completed\nNumber of files cleaned up: 0\nTime elapsed: 0.003 seconds', '2014-04-25 16:11:33', 'Server HouseKeeping'),
(459, 0, 'Temporary files HouseKeeping task completed\nNumber of files cleaned up: 0\nTime elapsed: 0.003 seconds', '2014-04-25 20:11:33', 'Server HouseKeeping'),
(460, 0, 'Temporary files HouseKeeping task completed\nNumber of files cleaned up: 0\nTime elapsed: 0.192 seconds', '2014-04-26 00:11:33', 'Server HouseKeeping'),
(461, 0, 'Temporary files HouseKeeping task completed\nNumber of files cleaned up: 0\nTime elapsed: 0.002 seconds', '2014-04-26 04:11:33', 'Server HouseKeeping'),
(462, 0, 'Temporary files HouseKeeping task completed\nNumber of files cleaned up: 0\nTime elapsed: 0.002 seconds', '2014-04-26 08:11:33', 'Server HouseKeeping'),
(463, 0, 'Temporary files HouseKeeping task completed\nNumber of files cleaned up: 0\nTime elapsed: 0.002 seconds', '2014-04-26 12:11:33', 'Server HouseKeeping'),
(464, 0, 'Temporary files HouseKeeping task completed\nNumber of files cleaned up: 0\nTime elapsed: 0.002 seconds', '2014-04-26 16:11:33', 'Server HouseKeeping'),
(465, 0, 'Temporary files HouseKeeping task completed\nNumber of files cleaned up: 0\nTime elapsed: 0.002 seconds', '2014-04-26 20:11:33', 'Server HouseKeeping'),
(466, 0, 'Temporary files HouseKeeping task completed\nNumber of files cleaned up: 0\nTime elapsed: 0.133 seconds', '2014-04-27 00:11:33', 'Server HouseKeeping'),
(467, 0, 'Temporary files HouseKeeping task completed\nNumber of files cleaned up: 0\nTime elapsed: 0.002 seconds', '2014-04-27 04:11:33', 'Server HouseKeeping'),
(468, 0, 'Temporary files HouseKeeping task completed\nNumber of files cleaned up: 0\nTime elapsed: 0.002 seconds', '2014-04-27 08:11:33', 'Server HouseKeeping'),
(469, 0, 'Temporary files HouseKeeping task completed\nNumber of files cleaned up: 0\nTime elapsed: 0.075 seconds', '2014-04-27 12:11:33', 'Server HouseKeeping'),
(470, 0, 'Temporary files HouseKeeping task completed\nNumber of files cleaned up: 0\nTime elapsed: 0.011 seconds', '2014-04-27 16:11:33', 'Server HouseKeeping'),
(471, 0, 'Temporary files HouseKeeping task completed\nNumber of files cleaned up: 0\nTime elapsed: 0.003 seconds', '2014-04-27 20:11:33', 'Server HouseKeeping'),
(472, 0, 'Temporary files HouseKeeping task completed\nNumber of files cleaned up: 0\nTime elapsed: 0.168 seconds', '2014-04-28 00:11:33', 'Server HouseKeeping'),
(473, 0, 'Temporary files HouseKeeping task completed\nNumber of files cleaned up: 0\nTime elapsed: 0.002 seconds', '2014-04-28 04:11:33', 'Server HouseKeeping'),
(474, 0, 'Temporary files HouseKeeping task completed\nNumber of files cleaned up: 0\nTime elapsed: 0.002 seconds', '2014-04-28 08:11:33', 'Server HouseKeeping'),
(475, 0, 'Temporary files HouseKeeping task completed\nNumber of files cleaned up: 0\nTime elapsed: 0.002 seconds', '2014-04-28 12:11:33', 'Server HouseKeeping'),
(476, 0, 'Temporary files HouseKeeping task completed\nNumber of files cleaned up: 0\nTime elapsed: 0.013 seconds', '2014-04-28 16:11:33', 'Server HouseKeeping'),
(477, 0, 'Temporary files HouseKeeping task completed\nNumber of files cleaned up: 0\nTime elapsed: 0.003 seconds', '2014-04-28 20:11:33', 'Server HouseKeeping'),
(478, 0, 'Temporary files HouseKeeping task completed\nNumber of files cleaned up: 0\nTime elapsed: 0.119 seconds', '2014-04-29 00:11:33', 'Server HouseKeeping'),
(479, 0, 'Temporary files HouseKeeping task completed\nNumber of files cleaned up: 0\nTime elapsed: 0.002 seconds', '2014-04-29 04:11:33', 'Server HouseKeeping'),
(480, 0, 'Temporary files HouseKeeping task completed\nNumber of files cleaned up: 0\nTime elapsed: 0.002 seconds', '2014-04-29 08:11:33', 'Server HouseKeeping'),
(481, 0, 'Temporary files HouseKeeping task completed\nNumber of files cleaned up: 0\nTime elapsed: 0.002 seconds', '2014-04-29 12:11:33', 'Server HouseKeeping'),
(482, 0, 'Temporary files HouseKeeping task completed\nNumber of files cleaned up: 0\nTime elapsed: 0.002 seconds', '2014-04-29 16:11:33', 'Server HouseKeeping'),
(483, 0, 'Temporary files HouseKeeping task completed\nNumber of files cleaned up: 0\nTime elapsed: 0.002 seconds', '2014-04-29 20:11:33', 'Server HouseKeeping'),
(484, 0, 'Temporary files HouseKeeping task completed\nNumber of files cleaned up: 0\nTime elapsed: 0.023 seconds', '2014-04-30 00:11:33', 'Server HouseKeeping'),
(485, 0, 'Temporary files HouseKeeping task completed\nNumber of files cleaned up: 0\nTime elapsed: 0.002 seconds', '2014-04-30 04:11:33', 'Server HouseKeeping'),
(486, 0, 'Temporary files HouseKeeping task completed\nNumber of files cleaned up: 0\nTime elapsed: 0.002 seconds', '2014-04-30 08:11:33', 'Server HouseKeeping'),
(487, 0, 'Temporary files HouseKeeping task completed\nNumber of files cleaned up: 0\nTime elapsed: 0.003 seconds', '2014-04-30 12:11:33', 'Server HouseKeeping'),
(488, 0, 'Temporary files HouseKeeping task completed\nNumber of files cleaned up: 0\nTime elapsed: 0.012 seconds', '2014-04-30 16:11:33', 'Server HouseKeeping'),
(489, 0, 'Temporary files HouseKeeping task completed\nNumber of files cleaned up: 0\nTime elapsed: 0.002 seconds', '2014-04-30 20:11:33', 'Server HouseKeeping'),
(490, 0, 'Temporary files HouseKeeping task completed\nNumber of files cleaned up: 0\nTime elapsed: 0.119 seconds', '2014-05-01 00:11:33', 'Server HouseKeeping'),
(491, 0, 'Temporary files HouseKeeping task completed\nNumber of files cleaned up: 0\nTime elapsed: 0.003 seconds', '2014-05-01 04:11:33', 'Server HouseKeeping'),
(492, 0, 'Temporary files HouseKeeping task completed\nNumber of files cleaned up: 0\nTime elapsed: 0.015 seconds', '2014-05-01 08:11:33', 'Server HouseKeeping'),
(493, 0, 'Temporary files HouseKeeping task completed\nNumber of files cleaned up: 0\nTime elapsed: 0.002 seconds', '2014-05-01 12:11:33', 'Server HouseKeeping'),
(494, 0, 'Temporary files HouseKeeping task completed\nNumber of files cleaned up: 0\nTime elapsed: 0.023 seconds', '2014-05-01 16:11:33', 'Server HouseKeeping'),
(495, 0, 'Temporary files HouseKeeping task completed\nNumber of files cleaned up: 0\nTime elapsed: 0.002 seconds', '2014-05-01 20:11:33', 'Server HouseKeeping'),
(496, 0, 'Temporary files HouseKeeping task completed\nNumber of files cleaned up: 0\nTime elapsed: 0.106 seconds', '2014-05-02 00:11:33', 'Server HouseKeeping'),
(497, 0, 'Temporary files HouseKeeping task completed\nNumber of files cleaned up: 0\nTime elapsed: 0.003 seconds', '2014-05-02 04:11:33', 'Server HouseKeeping'),
(498, 0, 'Temporary files HouseKeeping task completed\nNumber of files cleaned up: 0\nTime elapsed: 0.006 seconds', '2014-05-02 08:11:33', 'Server HouseKeeping'),
(499, 0, 'Temporary files HouseKeeping task completed\nNumber of files cleaned up: 0\nTime elapsed: 0.002 seconds', '2014-05-02 12:11:33', 'Server HouseKeeping'),
(500, 0, 'Temporary files HouseKeeping task completed\nNumber of files cleaned up: 0\nTime elapsed: 0.013 seconds', '2014-05-02 16:11:33', 'Server HouseKeeping'),
(501, 0, 'Temporary files HouseKeeping task completed\nNumber of files cleaned up: 0\nTime elapsed: 0.003 seconds', '2014-05-02 20:11:33', 'Server HouseKeeping'),
(502, 0, 'Temporary files HouseKeeping task completed\nNumber of files cleaned up: 0\nTime elapsed: 0.044 seconds', '2014-05-03 00:11:33', 'Server HouseKeeping'),
(503, 0, 'Temporary files HouseKeeping task completed\nNumber of files cleaned up: 0\nTime elapsed: 0.003 seconds', '2014-05-03 04:11:33', 'Server HouseKeeping'),
(504, 0, 'Temporary files HouseKeeping task completed\nNumber of files cleaned up: 0\nTime elapsed: 0.002 seconds', '2014-05-03 08:11:33', 'Server HouseKeeping'),
(505, 0, 'Temporary files HouseKeeping task completed\nNumber of files cleaned up: 0\nTime elapsed: 0.003 seconds', '2014-05-03 12:11:33', 'Server HouseKeeping'),
(506, 0, 'Temporary files HouseKeeping task completed\nNumber of files cleaned up: 0\nTime elapsed: 0.003 seconds', '2014-05-03 16:11:33', 'Server HouseKeeping'),
(507, 0, 'Temporary files HouseKeeping task completed\nNumber of files cleaned up: 0\nTime elapsed: 0.002 seconds', '2014-05-03 20:11:33', 'Server HouseKeeping'),
(508, 0, 'Temporary files HouseKeeping task completed\nNumber of files cleaned up: 0\nTime elapsed: 0.002 seconds', '2014-05-04 00:11:33', 'Server HouseKeeping'),
(509, 0, 'Temporary files HouseKeeping task completed\nNumber of files cleaned up: 0\nTime elapsed: 0.003 seconds', '2014-05-04 04:11:33', 'Server HouseKeeping'),
(510, 0, 'Temporary files HouseKeeping task completed\nNumber of files cleaned up: 0\nTime elapsed: 0.003 seconds', '2014-05-04 08:11:33', 'Server HouseKeeping'),
(511, 0, 'Temporary files HouseKeeping task completed\nNumber of files cleaned up: 0\nTime elapsed: 0.002 seconds', '2014-05-04 12:11:33', 'Server HouseKeeping'),
(512, 0, 'Temporary files HouseKeeping task completed\nNumber of files cleaned up: 0\nTime elapsed: 0.003 seconds', '2014-05-04 16:11:33', 'Server HouseKeeping'),
(513, 0, 'Temporary files HouseKeeping task completed\nNumber of files cleaned up: 0\nTime elapsed: 0.003 seconds', '2014-05-04 20:11:33', 'Server HouseKeeping'),
(514, 0, 'Temporary files HouseKeeping task completed\nNumber of files cleaned up: 0\nTime elapsed: 0.019 seconds', '2014-05-05 00:11:33', 'Server HouseKeeping'),
(515, 0, 'Temporary files HouseKeeping task completed\nNumber of files cleaned up: 0\nTime elapsed: 0.003 seconds', '2014-05-05 04:11:33', 'Server HouseKeeping'),
(516, 0, 'Temporary files HouseKeeping task completed\nNumber of files cleaned up: 0\nTime elapsed: 0.003 seconds', '2014-05-05 08:11:33', 'Server HouseKeeping'),
(517, 0, 'Temporary files HouseKeeping task completed\nNumber of files cleaned up: 0\nTime elapsed: 0.003 seconds', '2014-05-05 12:11:33', 'Server HouseKeeping'),
(518, 0, 'Temporary files HouseKeeping task completed\nNumber of files cleaned up: 0\nTime elapsed: 0.002 seconds', '2014-05-05 16:11:33', 'Server HouseKeeping'),
(519, 0, 'Temporary files HouseKeeping task completed\nNumber of files cleaned up: 0\nTime elapsed: 0.002 seconds', '2014-05-05 20:11:33', 'Server HouseKeeping'),
(520, 0, 'Temporary files HouseKeeping task completed\nNumber of files cleaned up: 0\nTime elapsed: 0.012 seconds', '2014-05-06 00:11:33', 'Server HouseKeeping'),
(521, 0, 'Temporary files HouseKeeping task completed\nNumber of files cleaned up: 0\nTime elapsed: 0.003 seconds', '2014-05-06 04:11:33', 'Server HouseKeeping'),
(522, 0, 'Temporary files HouseKeeping task completed\nNumber of files cleaned up: 0\nTime elapsed: 0.003 seconds', '2014-05-06 08:11:33', 'Server HouseKeeping'),
(523, 0, 'Temporary files HouseKeeping task completed\nNumber of files cleaned up: 0\nTime elapsed: 0.002 seconds', '2014-05-06 12:11:33', 'Server HouseKeeping'),
(524, 0, 'Temporary files HouseKeeping task completed\nNumber of files cleaned up: 0\nTime elapsed: 0.02 seconds', '2014-05-06 16:11:33', 'Server HouseKeeping'),
(525, 0, 'Temporary files HouseKeeping task completed\nNumber of files cleaned up: 0\nTime elapsed: 0.002 seconds', '2014-05-06 20:11:33', 'Server HouseKeeping'),
(526, 0, 'Temporary files HouseKeeping task completed\nNumber of files cleaned up: 0\nTime elapsed: 0.002 seconds', '2014-05-07 00:11:33', 'Server HouseKeeping'),
(527, 0, 'Temporary files HouseKeeping task completed\nNumber of files cleaned up: 0\nTime elapsed: 0.003 seconds', '2014-05-07 04:11:33', 'Server HouseKeeping'),
(528, 0, 'Temporary files HouseKeeping task completed\nNumber of files cleaned up: 0\nTime elapsed: 0.002 seconds', '2014-05-07 08:11:33', 'Server HouseKeeping'),
(529, 0, 'Temporary files HouseKeeping task completed\nNumber of files cleaned up: 0\nTime elapsed: 0.003 seconds', '2014-05-07 12:11:33', 'Server HouseKeeping'),
(530, 0, 'Temporary files HouseKeeping task completed\nNumber of files cleaned up: 0\nTime elapsed: 0.027 seconds', '2014-05-07 16:11:33', 'Server HouseKeeping'),
(531, 0, 'Temporary files HouseKeeping task completed\nNumber of files cleaned up: 0\nTime elapsed: 0.003 seconds', '2014-05-07 20:11:33', 'Server HouseKeeping'),
(532, 0, 'Temporary files HouseKeeping task completed\nNumber of files cleaned up: 0\nTime elapsed: 0.027 seconds', '2014-05-08 00:11:33', 'Server HouseKeeping'),
(533, 0, 'Temporary files HouseKeeping task completed\nNumber of files cleaned up: 0\nTime elapsed: 0.003 seconds', '2014-05-08 04:11:33', 'Server HouseKeeping'),
(534, 0, 'Temporary files HouseKeeping task completed\nNumber of files cleaned up: 0\nTime elapsed: 0.002 seconds', '2014-05-08 08:11:33', 'Server HouseKeeping'),
(535, 0, 'Temporary files HouseKeeping task completed\nNumber of files cleaned up: 0\nTime elapsed: 0.002 seconds', '2014-05-08 12:11:33', 'Server HouseKeeping'),
(536, 0, 'Temporary files HouseKeeping task completed\nNumber of files cleaned up: 0\nTime elapsed: 0.014 seconds', '2014-05-08 16:11:33', 'Server HouseKeeping'),
(537, 0, 'Temporary files HouseKeeping task completed\nNumber of files cleaned up: 0\nTime elapsed: 0.003 seconds', '2014-05-08 20:11:33', 'Server HouseKeeping'),
(538, 0, 'Temporary files HouseKeeping task completed\nNumber of files cleaned up: 0\nTime elapsed: 0.119 seconds', '2014-05-09 00:11:33', 'Server HouseKeeping'),
(539, 0, 'Temporary files HouseKeeping task completed\nNumber of files cleaned up: 0\nTime elapsed: 0.003 seconds', '2014-05-09 04:11:33', 'Server HouseKeeping'),
(540, 0, 'Temporary files HouseKeeping task completed\nNumber of files cleaned up: 0\nTime elapsed: 0.002 seconds', '2014-05-09 08:11:33', 'Server HouseKeeping'),
(541, 0, 'Temporary files HouseKeeping task completed\nNumber of files cleaned up: 0\nTime elapsed: 0.002 seconds', '2014-05-09 12:11:33', 'Server HouseKeeping'),
(542, 0, 'Temporary files HouseKeeping task completed\nNumber of files cleaned up: 0\nTime elapsed: 0.013 seconds', '2014-05-09 16:11:33', 'Server HouseKeeping'),
(543, 0, 'Temporary files HouseKeeping task completed\nNumber of files cleaned up: 0\nTime elapsed: 0.002 seconds', '2014-05-09 20:11:33', 'Server HouseKeeping'),
(544, 0, 'Temporary files HouseKeeping task completed\nNumber of files cleaned up: 0\nTime elapsed: 0.009 seconds', '2014-05-10 00:11:33', 'Server HouseKeeping'),
(545, 0, 'Temporary files HouseKeeping task completed\nNumber of files cleaned up: 0\nTime elapsed: 0.002 seconds', '2014-05-10 04:11:33', 'Server HouseKeeping'),
(546, 0, 'Temporary files HouseKeeping task completed\nNumber of files cleaned up: 0\nTime elapsed: 0.002 seconds', '2014-05-10 08:11:33', 'Server HouseKeeping'),
(547, 0, 'Temporary files HouseKeeping task completed\nNumber of files cleaned up: 0\nTime elapsed: 0.003 seconds', '2014-05-10 12:11:33', 'Server HouseKeeping'),
(548, 0, 'Temporary files HouseKeeping task completed\nNumber of files cleaned up: 0\nTime elapsed: 0.002 seconds', '2014-05-10 16:11:33', 'Server HouseKeeping'),
(549, 0, 'Temporary files HouseKeeping task completed\nNumber of files cleaned up: 0\nTime elapsed: 0.003 seconds', '2014-05-10 20:11:33', 'Server HouseKeeping'),
(550, 0, 'Temporary files HouseKeeping task completed\nNumber of files cleaned up: 0\nTime elapsed: 0.174 seconds', '2014-05-11 00:11:33', 'Server HouseKeeping'),
(551, 0, 'Temporary files HouseKeeping task completed\nNumber of files cleaned up: 0\nTime elapsed: 0.002 seconds', '2014-05-11 04:11:33', 'Server HouseKeeping'),
(552, 0, 'Temporary files HouseKeeping task completed\nNumber of files cleaned up: 0\nTime elapsed: 0.002 seconds', '2014-05-11 08:11:33', 'Server HouseKeeping'),
(553, 0, 'Temporary files HouseKeeping task completed\nNumber of files cleaned up: 0\nTime elapsed: 0.002 seconds', '2014-05-11 12:11:33', 'Server HouseKeeping'),
(554, 0, 'Temporary files HouseKeeping task completed\nNumber of files cleaned up: 0\nTime elapsed: 0.023 seconds', '2014-05-11 16:11:33', 'Server HouseKeeping'),
(555, 0, 'Temporary files HouseKeeping task completed\nNumber of files cleaned up: 0\nTime elapsed: 0.143 seconds', '2014-05-11 20:11:33', 'Server HouseKeeping'),
(556, 0, 'Temporary files HouseKeeping task completed\nNumber of files cleaned up: 0\nTime elapsed: 0.169 seconds', '2014-05-12 00:11:33', 'Server HouseKeeping'),
(557, 0, 'Temporary files HouseKeeping task completed\nNumber of files cleaned up: 0\nTime elapsed: 0.003 seconds', '2014-05-12 04:11:33', 'Server HouseKeeping'),
(558, 0, 'Temporary files HouseKeeping task completed\nNumber of files cleaned up: 0\nTime elapsed: 0.002 seconds', '2014-05-12 08:11:33', 'Server HouseKeeping'),
(559, 0, 'Temporary files HouseKeeping task completed\nNumber of files cleaned up: 0\nTime elapsed: 0.002 seconds', '2014-05-12 12:11:33', 'Server HouseKeeping'),
(560, 0, 'Temporary files HouseKeeping task completed\nNumber of files cleaned up: 0\nTime elapsed: 0.121 seconds', '2014-05-12 16:11:33', 'Server HouseKeeping'),
(561, 0, 'Temporary files HouseKeeping task completed\nNumber of files cleaned up: 0\nTime elapsed: 0.002 seconds', '2014-05-12 20:11:33', 'Server HouseKeeping'),
(562, 0, 'Temporary files HouseKeeping task completed\nNumber of files cleaned up: 0\nTime elapsed: 0.038 seconds', '2014-05-13 00:11:33', 'Server HouseKeeping'),
(563, 0, 'Temporary files HouseKeeping task completed\nNumber of files cleaned up: 0\nTime elapsed: 0.088 seconds', '2014-05-13 04:11:33', 'Server HouseKeeping'),
(564, 0, 'Temporary files HouseKeeping task completed\nNumber of files cleaned up: 0\nTime elapsed: 0.002 seconds', '2014-05-13 08:11:33', 'Server HouseKeeping'),
(565, 0, 'Temporary files HouseKeeping task completed\nNumber of files cleaned up: 0\nTime elapsed: 0.002 seconds', '2014-05-13 12:11:33', 'Server HouseKeeping'),
(566, 0, 'Temporary files HouseKeeping task completed\nNumber of files cleaned up: 0\nTime elapsed: 0.136 seconds', '2014-05-13 16:11:33', 'Server HouseKeeping'),
(567, 0, 'Temporary files HouseKeeping task completed\nNumber of files cleaned up: 0\nTime elapsed: 0.016 seconds', '2014-05-13 20:11:33', 'Server HouseKeeping'),
(568, 0, 'Temporary files HouseKeeping task completed\nNumber of files cleaned up: 0\nTime elapsed: 0.113 seconds', '2014-05-14 00:11:33', 'Server HouseKeeping'),
(569, 0, 'Temporary files HouseKeeping task completed\nNumber of files cleaned up: 0\nTime elapsed: 0.002 seconds', '2014-05-14 04:11:33', 'Server HouseKeeping'),
(570, 0, 'Temporary files HouseKeeping task completed\nNumber of files cleaned up: 0\nTime elapsed: 0.003 seconds', '2014-05-14 08:11:33', 'Server HouseKeeping'),
(571, 0, 'Temporary files HouseKeeping task completed\nNumber of files cleaned up: 0\nTime elapsed: 0.003 seconds', '2014-05-14 12:11:33', 'Server HouseKeeping'),
(572, 0, 'Temporary files HouseKeeping task completed\nNumber of files cleaned up: 0\nTime elapsed: 0.002 seconds', '2014-05-14 16:11:33', 'Server HouseKeeping'),
(573, 0, 'Temporary files HouseKeeping task completed\nNumber of files cleaned up: 0\nTime elapsed: 0.002 seconds', '2014-05-14 20:11:33', 'Server HouseKeeping'),
(574, 0, 'Temporary files HouseKeeping task completed\nNumber of files cleaned up: 0\nTime elapsed: 0.047 seconds', '2014-05-15 00:11:33', 'Server HouseKeeping'),
(575, 0, 'Temporary files HouseKeeping task completed\nNumber of files cleaned up: 0\nTime elapsed: 0.002 seconds', '2014-05-15 04:11:33', 'Server HouseKeeping'),
(576, 0, 'Temporary files HouseKeeping task completed\nNumber of files cleaned up: 0\nTime elapsed: 0.002 seconds', '2014-05-15 08:11:33', 'Server HouseKeeping'),
(577, 0, 'Temporary files HouseKeeping task completed\nNumber of files cleaned up: 0\nTime elapsed: 0.002 seconds', '2014-05-15 12:11:33', 'Server HouseKeeping'),
(578, 0, 'Temporary files HouseKeeping task completed\nNumber of files cleaned up: 0\nTime elapsed: 0.003 seconds', '2014-05-15 16:11:33', 'Server HouseKeeping'),
(579, 0, 'Temporary files HouseKeeping task completed\nNumber of files cleaned up: 0\nTime elapsed: 0.002 seconds', '2014-05-15 20:11:33', 'Server HouseKeeping'),
(580, 0, 'Temporary files HouseKeeping task completed\nNumber of files cleaned up: 0\nTime elapsed: 0.002 seconds', '2014-05-16 00:11:33', 'Server HouseKeeping'),
(581, 0, 'Temporary files HouseKeeping task completed\nNumber of files cleaned up: 0\nTime elapsed: 0.002 seconds', '2014-05-16 04:11:33', 'Server HouseKeeping'),
(582, 0, 'Temporary files HouseKeeping task completed\nNumber of files cleaned up: 0\nTime elapsed: 0.003 seconds', '2014-05-16 08:11:33', 'Server HouseKeeping'),
(583, 0, 'Temporary files HouseKeeping task completed\nNumber of files cleaned up: 0\nTime elapsed: 0.003 seconds', '2014-05-16 12:11:33', 'Server HouseKeeping'),
(584, 0, 'Temporary files HouseKeeping task completed\nNumber of files cleaned up: 0\nTime elapsed: 0.003 seconds', '2014-05-16 16:11:33', 'Server HouseKeeping'),
(585, 0, 'Temporary files HouseKeeping task completed\nNumber of files cleaned up: 0\nTime elapsed: 0.002 seconds', '2014-05-16 20:11:33', 'Server HouseKeeping'),
(586, 0, 'Temporary files HouseKeeping task completed\nNumber of files cleaned up: 0\nTime elapsed: 0.093 seconds', '2014-05-17 00:11:33', 'Server HouseKeeping'),
(587, 0, 'Temporary files HouseKeeping task completed\nNumber of files cleaned up: 0\nTime elapsed: 0.002 seconds', '2014-05-17 04:11:33', 'Server HouseKeeping'),
(588, 0, 'Temporary files HouseKeeping task completed\nNumber of files cleaned up: 0\nTime elapsed: 0.002 seconds', '2014-05-17 08:11:33', 'Server HouseKeeping'),
(589, 0, 'Temporary files HouseKeeping task completed\nNumber of files cleaned up: 0\nTime elapsed: 0.003 seconds', '2014-05-17 12:11:33', 'Server HouseKeeping'),
(590, 0, 'Temporary files HouseKeeping task completed\nNumber of files cleaned up: 0\nTime elapsed: 0.002 seconds', '2014-05-17 16:11:33', 'Server HouseKeeping'),
(591, 0, 'Temporary files HouseKeeping task completed\nNumber of files cleaned up: 0\nTime elapsed: 0.002 seconds', '2014-05-17 20:11:33', 'Server HouseKeeping'),
(592, 0, 'Temporary files HouseKeeping task completed\nNumber of files cleaned up: 0\nTime elapsed: 0.095 seconds', '2014-05-18 00:11:33', 'Server HouseKeeping'),
(593, 0, 'Temporary files HouseKeeping task completed\nNumber of files cleaned up: 0\nTime elapsed: 0.002 seconds', '2014-05-18 04:11:33', 'Server HouseKeeping'),
(594, 0, 'Temporary files HouseKeeping task completed\nNumber of files cleaned up: 0\nTime elapsed: 0.004 seconds', '2014-05-18 08:11:33', 'Server HouseKeeping'),
(595, 0, 'Temporary files HouseKeeping task completed\nNumber of files cleaned up: 0\nTime elapsed: 0.003 seconds', '2014-05-18 12:11:33', 'Server HouseKeeping'),
(596, 0, 'Temporary files HouseKeeping task completed\nNumber of files cleaned up: 0\nTime elapsed: 0.002 seconds', '2014-05-18 16:11:33', 'Server HouseKeeping'),
(597, 0, 'Temporary files HouseKeeping task completed\nNumber of files cleaned up: 0\nTime elapsed: 0.002 seconds', '2014-05-18 20:11:33', 'Server HouseKeeping'),
(598, 0, 'Temporary files HouseKeeping task completed\nNumber of files cleaned up: 0\nTime elapsed: 0.002 seconds', '2014-05-19 00:11:33', 'Server HouseKeeping');
INSERT INTO `errorStore` (`errorStoreID`, `statusCode`, `message`, `dateOccured`, `origin`) VALUES
(599, 0, 'Temporary files HouseKeeping task completed\nNumber of files cleaned up: 0\nTime elapsed: 0.002 seconds', '2014-05-19 04:11:33', 'Server HouseKeeping'),
(600, 0, 'Temporary files HouseKeeping task completed\nNumber of files cleaned up: 0\nTime elapsed: 0.003 seconds', '2014-05-19 08:11:33', 'Server HouseKeeping'),
(601, 0, 'Temporary files HouseKeeping task completed\nNumber of files cleaned up: 0\nTime elapsed: 0.002 seconds', '2014-05-19 12:11:33', 'Server HouseKeeping'),
(602, 0, 'Temporary files HouseKeeping task completed\nNumber of files cleaned up: 0\nTime elapsed: 0.003 seconds', '2014-05-19 16:11:33', 'Server HouseKeeping'),
(603, 0, 'Temporary files HouseKeeping task completed\nNumber of files cleaned up: 0\nTime elapsed: 0.002 seconds', '2014-05-19 20:11:33', 'Server HouseKeeping'),
(604, 0, 'Temporary files HouseKeeping task completed\nNumber of files cleaned up: 0\nTime elapsed: 0.052 seconds', '2014-05-20 00:11:33', 'Server HouseKeeping'),
(605, 0, 'Temporary files HouseKeeping task completed\nNumber of files cleaned up: 0\nTime elapsed: 0.003 seconds', '2014-05-20 04:11:33', 'Server HouseKeeping'),
(606, 0, 'Temporary files HouseKeeping task completed\nNumber of files cleaned up: 0\nTime elapsed: 0.002 seconds', '2014-05-20 08:11:33', 'Server HouseKeeping'),
(607, 0, 'Temporary files HouseKeeping task completed\nNumber of files cleaned up: 0\nTime elapsed: 0.002 seconds', '2014-05-20 12:11:33', 'Server HouseKeeping'),
(608, 0, 'Temporary files HouseKeeping task completed\nNumber of files cleaned up: 0\nTime elapsed: 0.002 seconds', '2014-05-20 16:11:33', 'Server HouseKeeping'),
(609, 0, 'Temporary files HouseKeeping task completed\nNumber of files cleaned up: 0\nTime elapsed: 0.002 seconds', '2014-05-20 20:11:33', 'Server HouseKeeping'),
(610, 0, 'Temporary files HouseKeeping task completed\nNumber of files cleaned up: 0\nTime elapsed: 0.058 seconds', '2014-05-21 00:11:33', 'Server HouseKeeping'),
(611, 0, 'Temporary files HouseKeeping task completed\nNumber of files cleaned up: 0\nTime elapsed: 0.002 seconds', '2014-05-21 04:11:33', 'Server HouseKeeping'),
(612, 0, 'Temporary files HouseKeeping task completed\nNumber of files cleaned up: 0\nTime elapsed: 0.019 seconds', '2014-05-21 08:11:33', 'Server HouseKeeping'),
(613, 0, 'Temporary files HouseKeeping task completed\nNumber of files cleaned up: 0\nTime elapsed: 0.003 seconds', '2014-05-21 12:11:33', 'Server HouseKeeping'),
(614, 0, 'Temporary files HouseKeeping task completed\nNumber of files cleaned up: 0\nTime elapsed: 0.065 seconds', '2014-05-21 16:11:33', 'Server HouseKeeping'),
(615, 0, 'Temporary files HouseKeeping task completed\nNumber of files cleaned up: 0\nTime elapsed: 0.002 seconds', '2014-05-21 20:11:33', 'Server HouseKeeping'),
(616, 0, 'Temporary files HouseKeeping task completed\nNumber of files cleaned up: 0\nTime elapsed: 0.054 seconds', '2014-05-22 00:11:33', 'Server HouseKeeping'),
(617, 0, 'Temporary files HouseKeeping task completed\nNumber of files cleaned up: 0\nTime elapsed: 0.002 seconds', '2014-05-22 04:11:33', 'Server HouseKeeping'),
(618, 0, 'Temporary files HouseKeeping task completed\nNumber of files cleaned up: 0\nTime elapsed: 0.002 seconds', '2014-05-22 08:11:33', 'Server HouseKeeping'),
(619, 0, 'Temporary files HouseKeeping task completed\nNumber of files cleaned up: 0\nTime elapsed: 0.002 seconds', '2014-05-22 12:11:33', 'Server HouseKeeping'),
(620, 0, 'Temporary files HouseKeeping task completed\nNumber of files cleaned up: 0\nTime elapsed: 0.002 seconds', '2014-05-22 16:11:33', 'Server HouseKeeping'),
(621, 0, 'Temporary files HouseKeeping task completed\nNumber of files cleaned up: 0\nTime elapsed: 0.003 seconds', '2014-05-22 20:11:33', 'Server HouseKeeping'),
(622, 0, 'Temporary files HouseKeeping task completed\nNumber of files cleaned up: 0\nTime elapsed: 0.003 seconds', '2014-05-23 00:11:33', 'Server HouseKeeping'),
(623, 0, 'Temporary files HouseKeeping task completed\nNumber of files cleaned up: 0\nTime elapsed: 0.003 seconds', '2014-05-23 04:11:33', 'Server HouseKeeping'),
(624, 0, 'Temporary files HouseKeeping task completed\nNumber of files cleaned up: 0\nTime elapsed: 0.002 seconds', '2014-05-23 08:11:33', 'Server HouseKeeping'),
(625, 0, 'Temporary files HouseKeeping task completed\nNumber of files cleaned up: 0\nTime elapsed: 0.002 seconds', '2014-05-23 12:11:33', 'Server HouseKeeping'),
(626, 0, 'Temporary files HouseKeeping task completed\nNumber of files cleaned up: 0\nTime elapsed: 0.003 seconds', '2014-05-23 16:11:33', 'Server HouseKeeping'),
(627, 0, 'Temporary files HouseKeeping task completed\nNumber of files cleaned up: 0\nTime elapsed: 0.003 seconds', '2014-05-23 20:11:33', 'Server HouseKeeping'),
(628, 0, 'Temporary files HouseKeeping task completed\nNumber of files cleaned up: 0\nTime elapsed: 0.003 seconds', '2014-05-24 00:11:33', 'Server HouseKeeping'),
(629, 0, 'Temporary files HouseKeeping task completed\nNumber of files cleaned up: 0\nTime elapsed: 0.002 seconds', '2014-05-24 04:11:33', 'Server HouseKeeping'),
(630, 0, 'Temporary files HouseKeeping task completed\nNumber of files cleaned up: 0\nTime elapsed: 0.003 seconds', '2014-05-24 08:11:33', 'Server HouseKeeping'),
(631, 0, 'Temporary files HouseKeeping task completed\nNumber of files cleaned up: 0\nTime elapsed: 0.002 seconds', '2014-05-24 12:11:33', 'Server HouseKeeping'),
(632, 0, 'Temporary files HouseKeeping task completed\nNumber of files cleaned up: 0\nTime elapsed: 0.002 seconds', '2014-05-24 16:11:33', 'Server HouseKeeping'),
(633, 0, 'Temporary files HouseKeeping task completed\nNumber of files cleaned up: 0\nTime elapsed: 0.018 seconds', '2014-05-24 20:11:33', 'Server HouseKeeping'),
(634, 0, 'Temporary files HouseKeeping task completed\nNumber of files cleaned up: 0\nTime elapsed: 0.026 seconds', '2014-05-25 00:11:33', 'Server HouseKeeping'),
(635, 0, 'Temporary files HouseKeeping task completed\nNumber of files cleaned up: 0\nTime elapsed: 0.003 seconds', '2014-05-25 04:11:33', 'Server HouseKeeping'),
(636, 0, 'Temporary files HouseKeeping task completed\nNumber of files cleaned up: 0\nTime elapsed: 0.002 seconds', '2014-05-25 08:11:33', 'Server HouseKeeping'),
(637, 0, 'Temporary files HouseKeeping task completed\nNumber of files cleaned up: 0\nTime elapsed: 0.002 seconds', '2014-05-25 12:11:33', 'Server HouseKeeping'),
(638, 0, 'Temporary files HouseKeeping task completed\nNumber of files cleaned up: 0\nTime elapsed: 0.003 seconds', '2014-05-25 16:11:33', 'Server HouseKeeping'),
(639, 0, 'Temporary files HouseKeeping task completed\nNumber of files cleaned up: 0\nTime elapsed: 0.002 seconds', '2014-05-25 20:11:33', 'Server HouseKeeping'),
(640, 0, 'Temporary files HouseKeeping task completed\nNumber of files cleaned up: 0\nTime elapsed: 0.048 seconds', '2014-05-26 00:11:33', 'Server HouseKeeping'),
(641, 0, 'Temporary files HouseKeeping task completed\nNumber of files cleaned up: 0\nTime elapsed: 0.002 seconds', '2014-05-26 04:11:33', 'Server HouseKeeping'),
(642, 0, 'Temporary files HouseKeeping task completed\nNumber of files cleaned up: 0\nTime elapsed: 0.002 seconds', '2014-05-26 08:11:33', 'Server HouseKeeping'),
(643, 0, 'Temporary files HouseKeeping task completed\nNumber of files cleaned up: 0\nTime elapsed: 0.002 seconds', '2014-05-26 12:11:33', 'Server HouseKeeping'),
(644, 0, 'Temporary files HouseKeeping task completed\nNumber of files cleaned up: 0\nTime elapsed: 0.057 seconds', '2014-05-26 16:11:33', 'Server HouseKeeping'),
(645, 0, 'Temporary files HouseKeeping task completed\nNumber of files cleaned up: 0\nTime elapsed: 0.056 seconds', '2014-05-26 20:11:33', 'Server HouseKeeping'),
(646, 0, 'Temporary files HouseKeeping task completed\nNumber of files cleaned up: 0\nTime elapsed: 0.058 seconds', '2014-05-27 00:11:33', 'Server HouseKeeping'),
(647, 0, 'Temporary files HouseKeeping task completed\nNumber of files cleaned up: 0\nTime elapsed: 0.003 seconds', '2014-05-27 04:11:33', 'Server HouseKeeping'),
(648, 0, 'Temporary files HouseKeeping task completed\nNumber of files cleaned up: 0\nTime elapsed: 0.003 seconds', '2014-05-27 08:11:33', 'Server HouseKeeping'),
(649, 0, 'Temporary files HouseKeeping task completed\nNumber of files cleaned up: 0\nTime elapsed: 0.003 seconds', '2014-05-27 12:11:33', 'Server HouseKeeping'),
(650, 0, 'Temporary files HouseKeeping task completed\nNumber of files cleaned up: 0\nTime elapsed: 0.003 seconds', '2014-05-27 16:11:33', 'Server HouseKeeping'),
(651, 0, 'Temporary files HouseKeeping task completed\nNumber of files cleaned up: 0\nTime elapsed: 0.002 seconds', '2014-05-27 20:11:33', 'Server HouseKeeping'),
(652, 0, 'Temporary files HouseKeeping task completed\nNumber of files cleaned up: 0\nTime elapsed: 0.017 seconds', '2014-05-28 00:11:33', 'Server HouseKeeping'),
(653, 0, 'Temporary files HouseKeeping task completed\nNumber of files cleaned up: 0\nTime elapsed: 0.002 seconds', '2014-05-28 04:11:33', 'Server HouseKeeping'),
(654, 0, 'Temporary files HouseKeeping task completed\nNumber of files cleaned up: 0\nTime elapsed: 0.003 seconds', '2014-05-28 08:11:33', 'Server HouseKeeping'),
(655, 0, 'Temporary files HouseKeeping task completed\nNumber of files cleaned up: 0\nTime elapsed: 0.004 seconds', '2014-05-28 12:11:33', 'Server HouseKeeping'),
(656, 0, 'Temporary files HouseKeeping task completed\nNumber of files cleaned up: 0\nTime elapsed: 0.002 seconds', '2014-05-28 16:11:33', 'Server HouseKeeping'),
(657, 0, 'Temporary files HouseKeeping task completed\nNumber of files cleaned up: 0\nTime elapsed: 0.003 seconds', '2014-05-28 20:11:33', 'Server HouseKeeping'),
(658, 0, 'Temporary files HouseKeeping task completed\nNumber of files cleaned up: 0\nTime elapsed: 0.003 seconds', '2014-05-29 00:11:33', 'Server HouseKeeping'),
(659, 0, 'Temporary files HouseKeeping task completed\nNumber of files cleaned up: 0\nTime elapsed: 0.002 seconds', '2014-05-29 04:11:33', 'Server HouseKeeping'),
(660, 0, 'Temporary files HouseKeeping task completed\nNumber of files cleaned up: 0\nTime elapsed: 0.002 seconds', '2014-05-29 08:11:33', 'Server HouseKeeping'),
(661, 0, 'Temporary files HouseKeeping task completed\nNumber of files cleaned up: 0\nTime elapsed: 0.003 seconds', '2014-05-29 12:11:33', 'Server HouseKeeping'),
(662, 0, 'Temporary files HouseKeeping task completed\nNumber of files cleaned up: 0\nTime elapsed: 0.003 seconds', '2014-05-29 16:11:33', 'Server HouseKeeping'),
(663, 0, 'Temporary files HouseKeeping task completed\nNumber of files cleaned up: 0\nTime elapsed: 0.002 seconds', '2014-05-29 20:11:33', 'Server HouseKeeping'),
(664, 0, 'Temporary files HouseKeeping task completed\nNumber of files cleaned up: 0\nTime elapsed: 0.034 seconds', '2014-05-30 00:11:33', 'Server HouseKeeping'),
(665, 0, 'Temporary files HouseKeeping task completed\nNumber of files cleaned up: 0\nTime elapsed: 0.002 seconds', '2014-05-30 04:11:33', 'Server HouseKeeping'),
(666, 0, 'Temporary files HouseKeeping task completed\nNumber of files cleaned up: 0\nTime elapsed: 0.003 seconds', '2014-05-30 08:11:33', 'Server HouseKeeping'),
(667, 0, 'Temporary files HouseKeeping task completed\nNumber of files cleaned up: 0\nTime elapsed: 0.002 seconds', '2014-05-30 12:11:33', 'Server HouseKeeping'),
(668, 0, 'Temporary files HouseKeeping task completed\nNumber of files cleaned up: 0\nTime elapsed: 0.025 seconds', '2014-05-30 16:11:33', 'Server HouseKeeping'),
(669, 0, 'Temporary files HouseKeeping task completed\nNumber of files cleaned up: 0\nTime elapsed: 0.003 seconds', '2014-05-30 20:11:33', 'Server HouseKeeping'),
(670, 0, 'Temporary files HouseKeeping task completed\nNumber of files cleaned up: 0\nTime elapsed: 0.003 seconds', '2014-05-31 00:11:33', 'Server HouseKeeping'),
(671, 0, 'Temporary files HouseKeeping task completed\nNumber of files cleaned up: 0\nTime elapsed: 0.002 seconds', '2014-05-31 04:11:33', 'Server HouseKeeping'),
(672, 0, 'Temporary files HouseKeeping task completed\nNumber of files cleaned up: 0\nTime elapsed: 0.002 seconds', '2014-05-31 08:11:33', 'Server HouseKeeping'),
(673, 0, 'Temporary files HouseKeeping task completed\nNumber of files cleaned up: 0\nTime elapsed: 0.003 seconds', '2014-05-31 12:11:33', 'Server HouseKeeping'),
(674, 0, 'Temporary files HouseKeeping task completed\nNumber of files cleaned up: 0\nTime elapsed: 0.002 seconds', '2014-05-31 16:11:33', 'Server HouseKeeping'),
(675, 0, 'Temporary files HouseKeeping task completed\nNumber of files cleaned up: 0\nTime elapsed: 0.003 seconds', '2014-05-31 20:11:33', 'Server HouseKeeping'),
(676, 0, 'Temporary files HouseKeeping task completed\nNumber of files cleaned up: 0\nTime elapsed: 0.002 seconds', '2014-06-01 00:11:33', 'Server HouseKeeping'),
(677, 0, 'Temporary files HouseKeeping task completed\nNumber of files cleaned up: 0\nTime elapsed: 0.002 seconds', '2014-06-01 04:11:33', 'Server HouseKeeping'),
(678, 0, 'Temporary files HouseKeeping task completed\nNumber of files cleaned up: 0\nTime elapsed: 0.002 seconds', '2014-06-01 08:11:33', 'Server HouseKeeping'),
(679, 0, 'Temporary files HouseKeeping task completed\nNumber of files cleaned up: 0\nTime elapsed: 0.002 seconds', '2014-06-01 12:11:33', 'Server HouseKeeping'),
(680, 0, 'Temporary files HouseKeeping task completed\nNumber of files cleaned up: 0\nTime elapsed: 0.002 seconds', '2014-06-01 16:11:33', 'Server HouseKeeping'),
(681, 0, 'Temporary files HouseKeeping task completed\nNumber of files cleaned up: 0\nTime elapsed: 0.002 seconds', '2014-06-01 20:11:33', 'Server HouseKeeping'),
(682, 0, 'Temporary files HouseKeeping task completed\nNumber of files cleaned up: 0\nTime elapsed: 0.002 seconds', '2014-06-02 00:11:33', 'Server HouseKeeping'),
(683, 0, 'Temporary files HouseKeeping task completed\nNumber of files cleaned up: 0\nTime elapsed: 0.002 seconds', '2014-06-02 04:11:33', 'Server HouseKeeping'),
(684, 0, 'Temporary files HouseKeeping task completed\nNumber of files cleaned up: 0\nTime elapsed: 0.002 seconds', '2014-06-02 08:11:33', 'Server HouseKeeping'),
(685, 0, 'Temporary files HouseKeeping task completed\nNumber of files cleaned up: 0\nTime elapsed: 0.051 seconds', '2014-06-02 12:11:33', 'Server HouseKeeping'),
(686, 0, 'Temporary files HouseKeeping task completed\nNumber of files cleaned up: 0\nTime elapsed: 0.003 seconds', '2014-06-02 16:11:33', 'Server HouseKeeping'),
(687, 0, 'Temporary files HouseKeeping task completed\nNumber of files cleaned up: 0\nTime elapsed: 0.002 seconds', '2014-06-02 20:11:33', 'Server HouseKeeping'),
(688, 0, 'Temporary files HouseKeeping task completed\nNumber of files cleaned up: 0\nTime elapsed: 0.066 seconds', '2014-06-03 00:11:33', 'Server HouseKeeping'),
(689, 0, 'Temporary files HouseKeeping task completed\nNumber of files cleaned up: 0\nTime elapsed: 0.002 seconds', '2014-06-03 04:11:33', 'Server HouseKeeping'),
(690, 0, 'Temporary files HouseKeeping task completed\nNumber of files cleaned up: 0\nTime elapsed: 0.003 seconds', '2014-06-03 08:11:33', 'Server HouseKeeping'),
(691, 0, 'Temporary files HouseKeeping task completed\nNumber of files cleaned up: 0\nTime elapsed: 0.002 seconds', '2014-06-03 12:11:33', 'Server HouseKeeping'),
(692, 0, 'Temporary files HouseKeeping task completed\nNumber of files cleaned up: 0\nTime elapsed: 0.002 seconds', '2014-06-03 16:11:33', 'Server HouseKeeping'),
(693, 0, 'Temporary files HouseKeeping task completed\nNumber of files cleaned up: 0\nTime elapsed: 0.002 seconds', '2014-06-03 20:11:33', 'Server HouseKeeping'),
(694, 0, 'Temporary files HouseKeeping task completed\nNumber of files cleaned up: 0\nTime elapsed: 0.056 seconds', '2014-06-04 00:11:33', 'Server HouseKeeping'),
(695, 0, 'Temporary files HouseKeeping task completed\nNumber of files cleaned up: 0\nTime elapsed: 0.002 seconds', '2014-06-04 04:11:33', 'Server HouseKeeping'),
(696, 0, 'Temporary files HouseKeeping task completed\nNumber of files cleaned up: 0\nTime elapsed: 0.002 seconds', '2014-06-04 08:11:33', 'Server HouseKeeping'),
(697, 0, 'Temporary files HouseKeeping task completed\nNumber of files cleaned up: 0\nTime elapsed: 0.003 seconds', '2014-06-04 12:11:33', 'Server HouseKeeping'),
(698, 0, 'Temporary files HouseKeeping task completed\nNumber of files cleaned up: 0\nTime elapsed: 0.066 seconds', '2014-06-04 16:11:33', 'Server HouseKeeping'),
(699, 0, 'Temporary files HouseKeeping task completed\nNumber of files cleaned up: 0\nTime elapsed: 0.002 seconds', '2014-06-04 20:11:33', 'Server HouseKeeping'),
(700, 0, 'Temporary files HouseKeeping task completed\nNumber of files cleaned up: 0\nTime elapsed: 0.054 seconds', '2014-06-05 00:11:33', 'Server HouseKeeping'),
(701, 0, 'Temporary files HouseKeeping task completed\nNumber of files cleaned up: 0\nTime elapsed: 0.002 seconds', '2014-06-05 04:11:33', 'Server HouseKeeping'),
(702, 0, 'Temporary files HouseKeeping task completed\nNumber of files cleaned up: 0\nTime elapsed: 0.002 seconds', '2014-06-05 08:11:33', 'Server HouseKeeping'),
(703, 0, 'Temporary files HouseKeeping task completed\nNumber of files cleaned up: 0\nTime elapsed: 0.002 seconds', '2014-06-05 12:11:33', 'Server HouseKeeping'),
(704, 0, 'Temporary files HouseKeeping task completed\nNumber of files cleaned up: 0\nTime elapsed: 0.002 seconds', '2014-06-05 16:11:33', 'Server HouseKeeping'),
(705, 0, 'Temporary files HouseKeeping task completed\nNumber of files cleaned up: 0\nTime elapsed: 0.002 seconds', '2014-06-05 20:11:33', 'Server HouseKeeping'),
(706, 0, 'Temporary files HouseKeeping task completed\nNumber of files cleaned up: 0\nTime elapsed: 0.003 seconds', '2014-06-06 00:11:33', 'Server HouseKeeping'),
(707, 0, 'Temporary files HouseKeeping task completed\nNumber of files cleaned up: 0\nTime elapsed: 0.002 seconds', '2014-06-06 04:11:33', 'Server HouseKeeping'),
(708, 0, 'Temporary files HouseKeeping task completed\nNumber of files cleaned up: 0\nTime elapsed: 0.002 seconds', '2014-06-06 08:11:33', 'Server HouseKeeping'),
(709, 0, 'Temporary files HouseKeeping task completed\nNumber of files cleaned up: 0\nTime elapsed: 0.002 seconds', '2014-06-06 12:11:33', 'Server HouseKeeping'),
(710, 0, 'Temporary files HouseKeeping task completed\nNumber of files cleaned up: 0\nTime elapsed: 0.003 seconds', '2014-06-06 16:11:33', 'Server HouseKeeping'),
(711, 0, 'Temporary files HouseKeeping task completed\nNumber of files cleaned up: 0\nTime elapsed: 0.003 seconds', '2014-06-06 20:11:33', 'Server HouseKeeping'),
(712, 0, 'Temporary files HouseKeeping task completed\nNumber of files cleaned up: 0\nTime elapsed: 0.002 seconds', '2014-06-07 00:11:33', 'Server HouseKeeping'),
(713, 0, 'Temporary files HouseKeeping task completed\nNumber of files cleaned up: 0\nTime elapsed: 0.002 seconds', '2014-06-07 04:11:33', 'Server HouseKeeping'),
(714, 0, 'Temporary files HouseKeeping task completed\nNumber of files cleaned up: 0\nTime elapsed: 0.002 seconds', '2014-06-07 08:11:33', 'Server HouseKeeping'),
(715, 0, 'Temporary files HouseKeeping task completed\nNumber of files cleaned up: 0\nTime elapsed: 0.002 seconds', '2014-06-07 12:11:33', 'Server HouseKeeping'),
(716, 0, 'Temporary files HouseKeeping task completed\nNumber of files cleaned up: 0\nTime elapsed: 0.003 seconds', '2014-06-07 16:11:33', 'Server HouseKeeping'),
(717, 0, 'Temporary files HouseKeeping task completed\nNumber of files cleaned up: 0\nTime elapsed: 0.002 seconds', '2014-06-07 20:11:33', 'Server HouseKeeping'),
(718, 0, 'Temporary files HouseKeeping task completed\nNumber of files cleaned up: 0\nTime elapsed: 0.003 seconds', '2014-06-08 00:11:33', 'Server HouseKeeping'),
(719, 0, 'Temporary files HouseKeeping task completed\nNumber of files cleaned up: 0\nTime elapsed: 0.002 seconds', '2014-06-08 04:11:33', 'Server HouseKeeping'),
(720, 0, 'Temporary files HouseKeeping task completed\nNumber of files cleaned up: 0\nTime elapsed: 0.002 seconds', '2014-06-08 08:11:33', 'Server HouseKeeping'),
(721, 0, 'Temporary files HouseKeeping task completed\nNumber of files cleaned up: 0\nTime elapsed: 0.003 seconds', '2014-06-08 12:11:33', 'Server HouseKeeping'),
(722, 0, 'Temporary files HouseKeeping task completed\nNumber of files cleaned up: 0\nTime elapsed: 0.002 seconds', '2014-06-08 16:11:33', 'Server HouseKeeping'),
(723, 0, 'Temporary files HouseKeeping task completed\nNumber of files cleaned up: 0\nTime elapsed: 0.003 seconds', '2014-06-08 20:11:33', 'Server HouseKeeping'),
(724, 0, 'Temporary files HouseKeeping task completed\nNumber of files cleaned up: 0\nTime elapsed: 0.003 seconds', '2014-06-09 00:11:33', 'Server HouseKeeping'),
(725, 0, 'Temporary files HouseKeeping task completed\nNumber of files cleaned up: 0\nTime elapsed: 0.002 seconds', '2014-06-09 04:11:33', 'Server HouseKeeping'),
(726, 0, 'Temporary files HouseKeeping task completed\nNumber of files cleaned up: 0\nTime elapsed: 0.002 seconds', '2014-06-09 08:11:33', 'Server HouseKeeping'),
(727, 0, 'Temporary files HouseKeeping task completed\nNumber of files cleaned up: 0\nTime elapsed: 0.002 seconds', '2014-06-09 12:11:33', 'Server HouseKeeping'),
(728, 0, 'Temporary files HouseKeeping task completed\nNumber of files cleaned up: 0\nTime elapsed: 0.003 seconds', '2014-06-09 16:11:33', 'Server HouseKeeping'),
(729, 0, 'Temporary files HouseKeeping task completed\nNumber of files cleaned up: 0\nTime elapsed: 0.002 seconds', '2014-06-09 20:11:33', 'Server HouseKeeping'),
(730, 0, 'Temporary files HouseKeeping task completed\nNumber of files cleaned up: 0\nTime elapsed: 0.002 seconds', '2014-06-10 00:11:33', 'Server HouseKeeping'),
(731, 0, 'Temporary files HouseKeeping task completed\nNumber of files cleaned up: 0\nTime elapsed: 0.002 seconds', '2014-06-10 04:11:33', 'Server HouseKeeping'),
(732, 0, 'Temporary files HouseKeeping task completed\nNumber of files cleaned up: 0\nTime elapsed: 0.002 seconds', '2014-06-10 08:11:33', 'Server HouseKeeping'),
(733, 0, 'Temporary files HouseKeeping task completed\nNumber of files cleaned up: 0\nTime elapsed: 0.002 seconds', '2014-06-10 12:11:33', 'Server HouseKeeping'),
(734, 0, 'Temporary files HouseKeeping task completed\nNumber of files cleaned up: 0\nTime elapsed: 0.004 seconds', '2014-06-10 16:11:33', 'Server HouseKeeping'),
(735, 0, 'Temporary files HouseKeeping task completed\nNumber of files cleaned up: 0\nTime elapsed: 0.002 seconds', '2014-06-10 20:11:33', 'Server HouseKeeping'),
(736, 0, 'Temporary files HouseKeeping task completed\nNumber of files cleaned up: 0\nTime elapsed: 0.152 seconds', '2014-06-11 00:11:33', 'Server HouseKeeping'),
(737, 0, 'Temporary files HouseKeeping task completed\nNumber of files cleaned up: 0\nTime elapsed: 0.002 seconds', '2014-06-11 04:11:33', 'Server HouseKeeping'),
(738, 0, 'Temporary files HouseKeeping task completed\nNumber of files cleaned up: 0\nTime elapsed: 0.003 seconds', '2014-06-11 08:11:33', 'Server HouseKeeping'),
(739, 0, 'Temporary files HouseKeeping task completed\nNumber of files cleaned up: 0\nTime elapsed: 0.002 seconds', '2014-06-11 12:11:33', 'Server HouseKeeping'),
(740, 0, 'Temporary files HouseKeeping task completed\nNumber of files cleaned up: 0\nTime elapsed: 0.003 seconds', '2014-06-11 16:11:33', 'Server HouseKeeping'),
(741, 0, 'Temporary files HouseKeeping task completed\nNumber of files cleaned up: 0\nTime elapsed: 0.002 seconds', '2014-06-11 20:11:33', 'Server HouseKeeping'),
(742, 0, 'Temporary files HouseKeeping task completed\nNumber of files cleaned up: 0\nTime elapsed: 0.003 seconds', '2014-06-12 00:11:33', 'Server HouseKeeping'),
(743, 0, 'Temporary files HouseKeeping task completed\nNumber of files cleaned up: 0\nTime elapsed: 0.002 seconds', '2014-06-12 04:11:33', 'Server HouseKeeping'),
(744, 0, 'Temporary files HouseKeeping task completed\nNumber of files cleaned up: 0\nTime elapsed: 0.003 seconds', '2014-06-12 08:11:33', 'Server HouseKeeping'),
(745, 0, 'Temporary files HouseKeeping task completed\nNumber of files cleaned up: 0\nTime elapsed: 0.002 seconds', '2014-06-12 12:11:33', 'Server HouseKeeping'),
(746, 0, 'Temporary files HouseKeeping task completed\nNumber of files cleaned up: 0\nTime elapsed: 0.002 seconds', '2014-06-12 16:11:33', 'Server HouseKeeping'),
(747, 0, 'Temporary files HouseKeeping task completed\nNumber of files cleaned up: 0\nTime elapsed: 0.004 seconds', '2014-06-12 20:11:33', 'Server HouseKeeping'),
(748, 0, 'Temporary files HouseKeeping task completed\nNumber of files cleaned up: 0\nTime elapsed: 0.003 seconds', '2014-06-13 00:11:33', 'Server HouseKeeping'),
(749, 0, 'Temporary files HouseKeeping task completed\nNumber of files cleaned up: 0\nTime elapsed: 0.002 seconds', '2014-06-13 04:11:33', 'Server HouseKeeping'),
(750, 0, 'Temporary files HouseKeeping task completed\nNumber of files cleaned up: 0\nTime elapsed: 0.002 seconds', '2014-06-13 08:11:33', 'Server HouseKeeping'),
(751, 0, 'Temporary files HouseKeeping task completed\nNumber of files cleaned up: 0\nTime elapsed: 0.002 seconds', '2014-06-13 12:11:33', 'Server HouseKeeping'),
(752, 0, 'Temporary files HouseKeeping task completed\nNumber of files cleaned up: 0\nTime elapsed: 0.016 seconds', '2014-06-13 16:11:33', 'Server HouseKeeping'),
(753, 0, 'Temporary files HouseKeeping task completed\nNumber of files cleaned up: 0\nTime elapsed: 0.003 seconds', '2014-06-13 20:11:33', 'Server HouseKeeping'),
(754, 0, 'Temporary files HouseKeeping task completed\nNumber of files cleaned up: 0\nTime elapsed: 0.037 seconds', '2014-06-14 00:11:33', 'Server HouseKeeping'),
(755, 0, 'Temporary files HouseKeeping task completed\nNumber of files cleaned up: 0\nTime elapsed: 0.003 seconds', '2014-06-14 04:11:33', 'Server HouseKeeping'),
(756, 0, 'Temporary files HouseKeeping task completed\nNumber of files cleaned up: 0\nTime elapsed: 0.003 seconds', '2014-06-14 08:11:33', 'Server HouseKeeping'),
(757, 0, 'Temporary files HouseKeeping task completed\nNumber of files cleaned up: 0\nTime elapsed: 0.002 seconds', '2014-06-14 12:11:33', 'Server HouseKeeping'),
(758, 0, 'Temporary files HouseKeeping task completed\nNumber of files cleaned up: 0\nTime elapsed: 0.055 seconds', '2014-06-14 16:11:33', 'Server HouseKeeping'),
(759, 0, 'Temporary files HouseKeeping task completed\nNumber of files cleaned up: 0\nTime elapsed: 0.003 seconds', '2014-06-14 20:11:33', 'Server HouseKeeping'),
(760, 0, 'Temporary files HouseKeeping task completed\nNumber of files cleaned up: 0\nTime elapsed: 0.09 seconds', '2014-06-15 00:11:33', 'Server HouseKeeping'),
(761, 0, 'Temporary files HouseKeeping task completed\nNumber of files cleaned up: 0\nTime elapsed: 0.002 seconds', '2014-06-15 04:11:33', 'Server HouseKeeping'),
(762, 0, 'Temporary files HouseKeeping task completed\nNumber of files cleaned up: 0\nTime elapsed: 0.002 seconds', '2014-06-15 08:11:33', 'Server HouseKeeping'),
(763, 0, 'Temporary files HouseKeeping task completed\nNumber of files cleaned up: 0\nTime elapsed: 0.003 seconds', '2014-06-15 12:11:33', 'Server HouseKeeping'),
(764, 0, 'Temporary files HouseKeeping task completed\nNumber of files cleaned up: 0\nTime elapsed: 0.002 seconds', '2014-06-15 16:11:33', 'Server HouseKeeping'),
(765, 0, 'Temporary files HouseKeeping task completed\nNumber of files cleaned up: 0\nTime elapsed: 0.035 seconds', '2014-06-15 20:11:33', 'Server HouseKeeping'),
(766, 0, 'Temporary files HouseKeeping task completed\nNumber of files cleaned up: 0\nTime elapsed: 0.081 seconds', '2014-06-16 00:11:33', 'Server HouseKeeping'),
(767, 0, 'Temporary files HouseKeeping task completed\nNumber of files cleaned up: 0\nTime elapsed: 0.002 seconds', '2014-06-16 04:11:33', 'Server HouseKeeping'),
(768, 0, 'Temporary files HouseKeeping task completed\nNumber of files cleaned up: 0\nTime elapsed: 0.002 seconds', '2014-06-16 08:11:33', 'Server HouseKeeping'),
(769, 0, 'Temporary files HouseKeeping task completed\nNumber of files cleaned up: 0\nTime elapsed: 0.003 seconds', '2014-06-16 12:11:33', 'Server HouseKeeping'),
(770, 0, 'Temporary files HouseKeeping task completed\nNumber of files cleaned up: 0\nTime elapsed: 0.003 seconds', '2014-06-16 16:11:33', 'Server HouseKeeping'),
(771, 0, 'Temporary files HouseKeeping task completed\nNumber of files cleaned up: 0\nTime elapsed: 0.002 seconds', '2014-06-16 20:11:33', 'Server HouseKeeping'),
(772, 0, 'Temporary files HouseKeeping task completed\nNumber of files cleaned up: 0\nTime elapsed: 0.149 seconds', '2014-06-17 00:11:33', 'Server HouseKeeping'),
(773, 0, 'Temporary files HouseKeeping task completed\nNumber of files cleaned up: 0\nTime elapsed: 0.003 seconds', '2014-06-17 04:11:33', 'Server HouseKeeping'),
(774, 0, 'Temporary files HouseKeeping task completed\nNumber of files cleaned up: 0\nTime elapsed: 0.003 seconds', '2014-06-17 08:11:33', 'Server HouseKeeping'),
(775, 0, 'Temporary files HouseKeeping task completed\nNumber of files cleaned up: 0\nTime elapsed: 0.002 seconds', '2014-06-17 12:11:33', 'Server HouseKeeping'),
(776, 0, 'Temporary files HouseKeeping task completed\nNumber of files cleaned up: 0\nTime elapsed: 0.002 seconds', '2014-06-17 16:11:33', 'Server HouseKeeping'),
(777, 0, 'Temporary files HouseKeeping task completed\nNumber of files cleaned up: 0\nTime elapsed: 0.002 seconds', '2014-06-17 20:11:33', 'Server HouseKeeping'),
(778, 0, 'Temporary files HouseKeeping task completed\nNumber of files cleaned up: 0\nTime elapsed: 0.003 seconds', '2014-06-18 00:11:33', 'Server HouseKeeping'),
(779, 0, 'Temporary files HouseKeeping task completed\nNumber of files cleaned up: 0\nTime elapsed: 0.002 seconds', '2014-06-18 04:11:33', 'Server HouseKeeping'),
(780, 0, 'Temporary files HouseKeeping task completed\nNumber of files cleaned up: 0\nTime elapsed: 0.003 seconds', '2014-06-18 08:11:33', 'Server HouseKeeping'),
(781, 0, 'Temporary files HouseKeeping task completed\nNumber of files cleaned up: 0\nTime elapsed: 0.002 seconds', '2014-06-18 12:11:33', 'Server HouseKeeping'),
(782, 0, 'Temporary files HouseKeeping task completed\nNumber of files cleaned up: 0\nTime elapsed: 0.002 seconds', '2014-06-18 16:11:33', 'Server HouseKeeping'),
(783, 0, 'Temporary files HouseKeeping task completed\nNumber of files cleaned up: 0\nTime elapsed: 0.003 seconds', '2014-06-18 20:11:33', 'Server HouseKeeping'),
(784, 0, 'Temporary files HouseKeeping task completed\nNumber of files cleaned up: 0\nTime elapsed: 0.004 seconds', '2014-06-19 00:11:33', 'Server HouseKeeping'),
(785, 0, 'Temporary files HouseKeeping task completed\nNumber of files cleaned up: 0\nTime elapsed: 0.002 seconds', '2014-06-19 04:11:33', 'Server HouseKeeping'),
(786, 0, 'Temporary files HouseKeeping task completed\nNumber of files cleaned up: 0\nTime elapsed: 0.002 seconds', '2014-06-19 08:11:33', 'Server HouseKeeping'),
(787, 0, 'Temporary files HouseKeeping task completed\nNumber of files cleaned up: 0\nTime elapsed: 0.05 seconds', '2014-06-19 12:11:33', 'Server HouseKeeping'),
(788, 0, 'Temporary files HouseKeeping task completed\nNumber of files cleaned up: 0\nTime elapsed: 0.002 seconds', '2014-06-19 16:11:33', 'Server HouseKeeping'),
(789, 0, 'Temporary files HouseKeeping task completed\nNumber of files cleaned up: 0\nTime elapsed: 0.003 seconds', '2014-06-19 20:11:33', 'Server HouseKeeping'),
(790, 0, 'Temporary files HouseKeeping task completed\nNumber of files cleaned up: 0\nTime elapsed: 0.063 seconds', '2014-06-20 00:11:33', 'Server HouseKeeping'),
(791, 0, 'Temporary files HouseKeeping task completed\nNumber of files cleaned up: 0\nTime elapsed: 0.003 seconds', '2014-06-20 04:11:33', 'Server HouseKeeping'),
(792, 0, 'Temporary files HouseKeeping task completed\nNumber of files cleaned up: 0\nTime elapsed: 0.002 seconds', '2014-06-20 08:11:33', 'Server HouseKeeping'),
(793, 0, 'Temporary files HouseKeeping task completed\nNumber of files cleaned up: 0\nTime elapsed: 0.002 seconds', '2014-06-20 12:11:33', 'Server HouseKeeping'),
(794, 0, 'Temporary files HouseKeeping task completed\nNumber of files cleaned up: 0\nTime elapsed: 0.002 seconds', '2014-06-20 16:11:33', 'Server HouseKeeping'),
(795, 0, 'Temporary files HouseKeeping task completed\nNumber of files cleaned up: 0\nTime elapsed: 0.002 seconds', '2014-06-20 20:11:33', 'Server HouseKeeping'),
(796, 0, 'Temporary files HouseKeeping task completed\nNumber of files cleaned up: 0\nTime elapsed: 0.052 seconds', '2014-06-21 00:11:33', 'Server HouseKeeping'),
(797, 0, 'Temporary files HouseKeeping task completed\nNumber of files cleaned up: 0\nTime elapsed: 0.002 seconds', '2014-06-21 04:11:33', 'Server HouseKeeping'),
(798, 0, 'Temporary files HouseKeeping task completed\nNumber of files cleaned up: 0\nTime elapsed: 0.003 seconds', '2014-06-21 08:11:33', 'Server HouseKeeping'),
(799, 0, 'Temporary files HouseKeeping task completed\nNumber of files cleaned up: 0\nTime elapsed: 0.002 seconds', '2014-06-21 12:11:33', 'Server HouseKeeping'),
(800, 0, 'Temporary files HouseKeeping task completed\nNumber of files cleaned up: 0\nTime elapsed: 0.003 seconds', '2014-06-21 16:11:33', 'Server HouseKeeping'),
(801, 0, 'Temporary files HouseKeeping task completed\nNumber of files cleaned up: 0\nTime elapsed: 0.002 seconds', '2014-06-21 20:11:33', 'Server HouseKeeping'),
(802, 0, 'Temporary files HouseKeeping task completed\nNumber of files cleaned up: 0\nTime elapsed: 0.064 seconds', '2014-06-22 00:11:33', 'Server HouseKeeping'),
(803, 0, 'Temporary files HouseKeeping task completed\nNumber of files cleaned up: 0\nTime elapsed: 0.002 seconds', '2014-06-22 04:11:33', 'Server HouseKeeping'),
(804, 0, 'Temporary files HouseKeeping task completed\nNumber of files cleaned up: 0\nTime elapsed: 0.002 seconds', '2014-06-22 08:11:33', 'Server HouseKeeping'),
(805, 0, 'Temporary files HouseKeeping task completed\nNumber of files cleaned up: 0\nTime elapsed: 0.002 seconds', '2014-06-22 12:11:33', 'Server HouseKeeping'),
(806, 0, 'Temporary files HouseKeeping task completed\nNumber of files cleaned up: 0\nTime elapsed: 0.002 seconds', '2014-06-22 16:11:33', 'Server HouseKeeping'),
(807, 0, 'Temporary files HouseKeeping task completed\nNumber of files cleaned up: 0\nTime elapsed: 0.003 seconds', '2014-06-22 20:11:33', 'Server HouseKeeping'),
(808, 0, 'Temporary files HouseKeeping task completed\nNumber of files cleaned up: 0\nTime elapsed: 0.004 seconds', '2014-06-23 00:11:33', 'Server HouseKeeping'),
(809, 0, 'Temporary files HouseKeeping task completed\nNumber of files cleaned up: 0\nTime elapsed: 0.002 seconds', '2014-06-23 04:11:33', 'Server HouseKeeping'),
(810, 0, 'Temporary files HouseKeeping task completed\nNumber of files cleaned up: 0\nTime elapsed: 0.003 seconds', '2014-06-23 08:11:33', 'Server HouseKeeping'),
(811, 0, 'Temporary files HouseKeeping task completed\nNumber of files cleaned up: 0\nTime elapsed: 0.002 seconds', '2014-06-23 12:11:33', 'Server HouseKeeping'),
(812, 0, 'Temporary files HouseKeeping task completed\nNumber of files cleaned up: 0\nTime elapsed: 0.002 seconds', '2014-06-23 16:11:33', 'Server HouseKeeping'),
(813, 0, 'Temporary files HouseKeeping task completed\nNumber of files cleaned up: 0\nTime elapsed: 0.003 seconds', '2014-06-23 20:11:33', 'Server HouseKeeping'),
(814, 0, 'Temporary files HouseKeeping task completed\nNumber of files cleaned up: 0\nTime elapsed: 0.051 seconds', '2014-06-24 00:11:33', 'Server HouseKeeping'),
(815, 0, 'Temporary files HouseKeeping task completed\nNumber of files cleaned up: 4\nTime elapsed: 0.016 seconds', '2014-06-24 04:11:33', 'Server HouseKeeping'),
(816, 0, 'Temporary files HouseKeeping task completed\nNumber of files cleaned up: 0\nTime elapsed: 0.003 seconds', '2014-06-24 08:11:33', 'Server HouseKeeping'),
(817, 0, 'Temporary files HouseKeeping task completed\nNumber of files cleaned up: 0\nTime elapsed: 0.003 seconds', '2014-06-24 12:11:33', 'Server HouseKeeping'),
(818, 0, 'Temporary files HouseKeeping task completed\nNumber of files cleaned up: 0\nTime elapsed: 0.025 seconds', '2014-06-24 16:11:33', 'Server HouseKeeping'),
(819, 0, 'Temporary files HouseKeeping task completed\nNumber of files cleaned up: 0\nTime elapsed: 0.002 seconds', '2014-06-24 20:11:33', 'Server HouseKeeping'),
(820, 0, 'Temporary files HouseKeeping task completed\nNumber of files cleaned up: 0\nTime elapsed: 0.109 seconds', '2014-06-25 00:11:33', 'Server HouseKeeping'),
(821, 0, 'Temporary files HouseKeeping task completed\nNumber of files cleaned up: 0\nTime elapsed: 0.002 seconds', '2014-06-25 04:11:33', 'Server HouseKeeping'),
(822, 0, 'Temporary files HouseKeeping task completed\nNumber of files cleaned up: 0\nTime elapsed: 0.002 seconds', '2014-06-25 08:11:33', 'Server HouseKeeping'),
(823, 0, 'Temporary files HouseKeeping task completed\nNumber of files cleaned up: 0\nTime elapsed: 0.011 seconds', '2014-06-25 12:11:33', 'Server HouseKeeping'),
(824, 0, 'Temporary files HouseKeeping task completed\nNumber of files cleaned up: 0\nTime elapsed: 0.002 seconds', '2014-06-25 16:11:33', 'Server HouseKeeping'),
(825, 0, 'Temporary files HouseKeeping task completed\nNumber of files cleaned up: 0\nTime elapsed: 0.003 seconds', '2014-06-25 20:11:33', 'Server HouseKeeping'),
(826, 0, 'Temporary files HouseKeeping task completed\nNumber of files cleaned up: 0\nTime elapsed: 0.002 seconds', '2014-06-26 00:11:33', 'Server HouseKeeping'),
(827, 0, 'Temporary files HouseKeeping task completed\nNumber of files cleaned up: 0\nTime elapsed: 0.002 seconds', '2014-06-26 04:11:33', 'Server HouseKeeping'),
(828, 0, 'Temporary files HouseKeeping task completed\nNumber of files cleaned up: 0\nTime elapsed: 0.003 seconds', '2014-06-26 08:11:33', 'Server HouseKeeping'),
(829, 0, 'Temporary files HouseKeeping task completed\nNumber of files cleaned up: 0\nTime elapsed: 0.012 seconds', '2014-06-26 12:11:33', 'Server HouseKeeping'),
(830, 0, 'Temporary files HouseKeeping task completed\nNumber of files cleaned up: 0\nTime elapsed: 0.003 seconds', '2014-06-26 16:11:33', 'Server HouseKeeping'),
(831, 0, 'Temporary files HouseKeeping task completed\nNumber of files cleaned up: 0\nTime elapsed: 0.002 seconds', '2014-06-26 20:11:33', 'Server HouseKeeping'),
(832, 0, 'Temporary files HouseKeeping task completed\nNumber of files cleaned up: 0\nTime elapsed: 0.002 seconds', '2014-06-27 00:11:33', 'Server HouseKeeping'),
(833, 0, 'Temporary files HouseKeeping task completed\nNumber of files cleaned up: 0\nTime elapsed: 0.001 seconds', '2014-06-27 04:11:33', 'Server HouseKeeping'),
(834, 0, 'Temporary files HouseKeeping task completed\nNumber of files cleaned up: 0\nTime elapsed: 0.002 seconds', '2014-06-27 08:11:33', 'Server HouseKeeping'),
(835, 0, 'Temporary files HouseKeeping task completed\nNumber of files cleaned up: 0\nTime elapsed: 0.05 seconds', '2014-06-27 12:11:33', 'Server HouseKeeping'),
(836, 0, 'Temporary files HouseKeeping task completed\nNumber of files cleaned up: 0\nTime elapsed: 0.002 seconds', '2014-06-27 16:11:33', 'Server HouseKeeping'),
(837, 0, 'Temporary files HouseKeeping task completed\nNumber of files cleaned up: 0\nTime elapsed: 0.003 seconds', '2014-06-27 20:11:33', 'Server HouseKeeping'),
(838, 0, 'Temporary files HouseKeeping task completed\nNumber of files cleaned up: 0\nTime elapsed: 0.003 seconds', '2014-06-28 00:11:33', 'Server HouseKeeping'),
(839, 0, 'Temporary files HouseKeeping task completed\nNumber of files cleaned up: 0\nTime elapsed: 0.002 seconds', '2014-06-28 04:11:33', 'Server HouseKeeping'),
(840, 0, 'Temporary files HouseKeeping task completed\nNumber of files cleaned up: 0\nTime elapsed: 0.002 seconds', '2014-06-28 08:11:33', 'Server HouseKeeping'),
(841, 0, 'Temporary files HouseKeeping task completed\nNumber of files cleaned up: 0\nTime elapsed: 0.002 seconds', '2014-06-28 12:11:33', 'Server HouseKeeping'),
(842, 0, 'Temporary files HouseKeeping task completed\nNumber of files cleaned up: 0\nTime elapsed: 0.003 seconds', '2014-06-28 16:11:33', 'Server HouseKeeping'),
(843, 0, 'Temporary files HouseKeeping task completed\nNumber of files cleaned up: 0\nTime elapsed: 0.003 seconds', '2014-06-28 20:11:33', 'Server HouseKeeping'),
(844, 0, 'Temporary files HouseKeeping task completed\nNumber of files cleaned up: 0\nTime elapsed: 0.003 seconds', '2014-06-29 00:11:33', 'Server HouseKeeping'),
(845, 0, 'Temporary files HouseKeeping task completed\nNumber of files cleaned up: 0\nTime elapsed: 0.002 seconds', '2014-06-29 04:11:33', 'Server HouseKeeping'),
(846, 0, 'Temporary files HouseKeeping task completed\nNumber of files cleaned up: 0\nTime elapsed: 0.003 seconds', '2014-06-29 08:11:33', 'Server HouseKeeping');

-- --------------------------------------------------------

--
-- Table structure for table `gcmDevice`
--

CREATE TABLE IF NOT EXISTS `gcmDevice` (
  `gcmDeviceID` int(10) unsigned NOT NULL AUTO_INCREMENT,
  `administratorID` int(10) unsigned DEFAULT NULL,
  `authorID` int(10) unsigned DEFAULT NULL,
  `instructorID` int(10) unsigned DEFAULT NULL,
  `traineeID` int(10) unsigned DEFAULT NULL,
  `reportUserID` int(10) unsigned DEFAULT NULL,
  `registrationID` text NOT NULL,
  `manufacturer` varchar(100) DEFAULT NULL,
  `model` varchar(100) DEFAULT NULL,
  `product` varchar(100) DEFAULT NULL,
  `messageCount` int(10) unsigned DEFAULT NULL,
  `dateRegistered` datetime NOT NULL,
  `serialNumber` varchar(255) DEFAULT NULL,
  PRIMARY KEY (`gcmDeviceID`),
  KEY `administratorID` (`administratorID`),
  KEY `authorID` (`authorID`),
  KEY `instructorID` (`instructorID`),
  KEY `traineeID` (`traineeID`),
  KEY `reportUserID` (`reportUserID`)
) ENGINE=InnoDB  DEFAULT CHARSET=latin1 AUTO_INCREMENT=72 ;

--
-- Dumping data for table `gcmDevice`
--

INSERT INTO `gcmDevice` (`gcmDeviceID`, `administratorID`, `authorID`, `instructorID`, `traineeID`, `reportUserID`, `registrationID`, `manufacturer`, `model`, `product`, `messageCount`, `dateRegistered`, `serialNumber`) VALUES
(1, NULL, NULL, 12, NULL, NULL, 'APA91bGKqlgRWFT38bHNsY3om2Tx_Wrs_u21UYqrhI2czb2ZGiZACjT5Oj4KVsgT7-j4ECOKiAoDAJhQ2otIOG3INbZvBTSMwJi3EB9HI6BsaCLQgLpP-3kwwxoGdJt8ItKt538-gEYGjV1iWhwkkNyqb9aBJuBPng', 'HTC', 'HTC Flyer P510e', 'HTK75C', NULL, '2013-11-17 23:54:46', 'HT15ET400661'),
(2, NULL, NULL, 13, NULL, NULL, 'APA91bGKqlgRWFT38bHNsY3om2Tx_Wrs_u21UYqrhI2czb2ZGiZACjT5Oj4KVsgT7-j4ECOKiAoDAJhQ2otIOG3INbZvBTSMwJi3EB9HI6BsaCLQgLpP-3kwwxoGdJt8ItKt538-gEYGjV1iWhwkkNyqb9aBJuBPng', 'HTC', 'HTC Flyer P510e', 'HTK75C', NULL, '2013-11-18 00:08:46', 'HT15ET400661'),
(3, NULL, NULL, NULL, 115, NULL, 'APA91bHQKstMSFDo4BV63cyJpnEtckGahfYhnsaR-M1czVyUrXHh01i0e5FykEPVo48rz6TZBZ748LU2a4vgxF3e6uIz7KJWr51Hs8vEIEtN8B9bqRdVQRFl_f5eUq8d-nCOpnEe-KDJzAODHou4xKPtURo2Q-RWEg', 'HTC', 'HTC Flyer P510e', 'HTK75C', NULL, '2013-11-18 00:23:26', 'HT15ET400661'),
(4, NULL, NULL, NULL, 117, NULL, 'APA91bG5vpsWjCpyXBK1QdGMLT8H-7Uj0oqni5EhUEj5qiB4rNUKi6GHwyMZeJAxJK4Drsx70qHx9-LynNP4ul5SH6FUJEnIPoHgDx3kF53vsG5IWTxzHIUML8f0hZhqfx0WltKopCk4h89MJ50IMInJxjW3JZKwuw', 'samsung', 'GT-I9300', 'JZO54K.I9300XXEMA2', NULL, '2013-11-18 15:58:27', '4df09f6203265f9f'),
(5, NULL, NULL, NULL, 118, NULL, 'APA91bG5vpsWjCpyXBK1QdGMLT8H-7Uj0oqni5EhUEj5qiB4rNUKi6GHwyMZeJAxJK4Drsx70qHx9-LynNP4ul5SH6FUJEnIPoHgDx3kF53vsG5IWTxzHIUML8f0hZhqfx0WltKopCk4h89MJ50IMInJxjW3JZKwuw', 'samsung', 'GT-I9300', 'JZO54K.I9300XXEMA2', NULL, '2013-11-18 16:02:39', '4df09f6203265f9f'),
(6, 1, NULL, NULL, NULL, NULL, 'APA91bFjU8_zALg95MxwPzjJGgLAXMpjtSpHHZilYufowORGyVfeUx7PRXVvhQwztt8of_reU42X14TNp7IiEPgyJ9wt5jG5uwxmhPssCXDgoaNeURqfo-EkMqfxx2MEvYC3hTIusm0Vm1_AtPfmJo95YrACn_K1Pw', NULL, NULL, NULL, NULL, '2014-02-17 22:02:54', NULL),
(7, 1, NULL, NULL, NULL, NULL, 'APA91bFjU8_zALg95MxwPzjJGgLAXMpjtSpHHZilYufowORGyVfeUx7PRXVvhQwztt8of_reU42X14TNp7IiEPgyJ9wt5jG5uwxmhPssCXDgoaNeURqfo-EkMqfxx2MEvYC3hTIusm0Vm1_AtPfmJo95YrACn_K1Pw', NULL, NULL, NULL, NULL, '2014-02-17 22:08:30', NULL),
(8, 1, NULL, NULL, NULL, NULL, 'APA91bFjU8_zALg95MxwPzjJGgLAXMpjtSpHHZilYufowORGyVfeUx7PRXVvhQwztt8of_reU42X14TNp7IiEPgyJ9wt5jG5uwxmhPssCXDgoaNeURqfo-EkMqfxx2MEvYC3hTIusm0Vm1_AtPfmJo95YrACn_K1Pw', NULL, NULL, NULL, NULL, '2014-02-17 22:10:38', NULL),
(9, 1, NULL, NULL, NULL, NULL, 'APA91bFjU8_zALg95MxwPzjJGgLAXMpjtSpHHZilYufowORGyVfeUx7PRXVvhQwztt8of_reU42X14TNp7IiEPgyJ9wt5jG5uwxmhPssCXDgoaNeURqfo-EkMqfxx2MEvYC3hTIusm0Vm1_AtPfmJo95YrACn_K1Pw', NULL, NULL, NULL, NULL, '2014-02-17 22:14:47', NULL),
(10, 1, NULL, NULL, NULL, NULL, 'APA91bFjU8_zALg95MxwPzjJGgLAXMpjtSpHHZilYufowORGyVfeUx7PRXVvhQwztt8of_reU42X14TNp7IiEPgyJ9wt5jG5uwxmhPssCXDgoaNeURqfo-EkMqfxx2MEvYC3hTIusm0Vm1_AtPfmJo95YrACn_K1Pw', NULL, NULL, NULL, NULL, '2014-02-17 22:18:10', NULL),
(11, 1, NULL, NULL, NULL, NULL, 'APA91bFjU8_zALg95MxwPzjJGgLAXMpjtSpHHZilYufowORGyVfeUx7PRXVvhQwztt8of_reU42X14TNp7IiEPgyJ9wt5jG5uwxmhPssCXDgoaNeURqfo-EkMqfxx2MEvYC3hTIusm0Vm1_AtPfmJo95YrACn_K1Pw', NULL, NULL, NULL, NULL, '2014-02-17 22:36:36', NULL),
(12, 1, NULL, NULL, NULL, NULL, 'APA91bFjU8_zALg95MxwPzjJGgLAXMpjtSpHHZilYufowORGyVfeUx7PRXVvhQwztt8of_reU42X14TNp7IiEPgyJ9wt5jG5uwxmhPssCXDgoaNeURqfo-EkMqfxx2MEvYC3hTIusm0Vm1_AtPfmJo95YrACn_K1Pw', NULL, NULL, NULL, NULL, '2014-02-17 22:36:42', NULL),
(13, NULL, 2, NULL, NULL, NULL, 'APA91bEVIk_7Nf4GrDpKNcTub9B1gyKwOe-M31R3U6hZX8KOKSSnLF9Nj6fLzlFZHATqeGCeNuyiMIWHPxK6zYe6DBm5gzMlH2o8bfg5f9R-sJiuZQldbNtW2URIihsJxFSjsv_yO3J_Vw8zw-VRifI-IyS-1tTVHA', NULL, NULL, NULL, NULL, '2014-02-18 11:06:10', NULL),
(14, NULL, NULL, 13, NULL, NULL, 'APA91bGKqlgRWFT38bHNsY3om2Tx_Wrs_u21UYqrhI2czb2ZGiZACjT5Oj4KVsgT7-j4ECOKiAoDAJhQ2otIOG3INbZvBTSMwJi3EB9HI6BsaCLQgLpP-3kwwxoGdJt8ItKt538-gEYGjV1iWhwkkNyqb9aBJuBPng', NULL, NULL, NULL, NULL, '2014-02-18 11:10:48', NULL),
(15, NULL, NULL, NULL, 124, NULL, 'APA91bHQKstMSFDo4BV63cyJpnEtckGahfYhnsaR-M1czVyUrXHh01i0e5FykEPVo48rz6TZBZ748LU2a4vgxF3e6uIz7KJWr51Hs8vEIEtN8B9bqRdVQRFl_f5eUq8d-nCOpnEe-KDJzAODHou4xKPtURo2Q-RWEg', NULL, NULL, NULL, NULL, '2014-02-18 11:18:16', NULL),
(16, NULL, 1, NULL, NULL, NULL, 'APA91bEVIk_7Nf4GrDpKNcTub9B1gyKwOe-M31R3U6hZX8KOKSSnLF9Nj6fLzlFZHATqeGCeNuyiMIWHPxK6zYe6DBm5gzMlH2o8bfg5f9R-sJiuZQldbNtW2URIihsJxFSjsv_yO3J_Vw8zw-VRifI-IyS-1tTVHA', NULL, NULL, NULL, NULL, '2014-02-25 08:16:07', NULL),
(17, NULL, 1, NULL, NULL, NULL, 'APA91bEVIk_7Nf4GrDpKNcTub9B1gyKwOe-M31R3U6hZX8KOKSSnLF9Nj6fLzlFZHATqeGCeNuyiMIWHPxK6zYe6DBm5gzMlH2o8bfg5f9R-sJiuZQldbNtW2URIihsJxFSjsv_yO3J_Vw8zw-VRifI-IyS-1tTVHA', NULL, NULL, NULL, NULL, '2014-02-25 08:16:12', NULL),
(18, 1, NULL, NULL, NULL, NULL, 'APA91bFjU8_zALg95MxwPzjJGgLAXMpjtSpHHZilYufowORGyVfeUx7PRXVvhQwztt8of_reU42X14TNp7IiEPgyJ9wt5jG5uwxmhPssCXDgoaNeURqfo-EkMqfxx2MEvYC3hTIusm0Vm1_AtPfmJo95YrACn_K1Pw', NULL, NULL, NULL, NULL, '2014-02-25 08:21:11', NULL),
(19, 1, NULL, NULL, NULL, NULL, 'APA91bFjU8_zALg95MxwPzjJGgLAXMpjtSpHHZilYufowORGyVfeUx7PRXVvhQwztt8of_reU42X14TNp7IiEPgyJ9wt5jG5uwxmhPssCXDgoaNeURqfo-EkMqfxx2MEvYC3hTIusm0Vm1_AtPfmJo95YrACn_K1Pw', NULL, NULL, NULL, NULL, '2014-03-01 01:43:56', NULL),
(20, NULL, NULL, NULL, 117, NULL, 'APA91bHQKstMSFDo4BV63cyJpnEtckGahfYhnsaR-M1czVyUrXHh01i0e5FykEPVo48rz6TZBZ748LU2a4vgxF3e6uIz7KJWr51Hs8vEIEtN8B9bqRdVQRFl_f5eUq8d-nCOpnEe-KDJzAODHou4xKPtURo2Q-RWEg', NULL, NULL, NULL, NULL, '2014-03-01 09:28:20', NULL),
(21, NULL, NULL, NULL, 117, NULL, 'APA91bHQKstMSFDo4BV63cyJpnEtckGahfYhnsaR-M1czVyUrXHh01i0e5FykEPVo48rz6TZBZ748LU2a4vgxF3e6uIz7KJWr51Hs8vEIEtN8B9bqRdVQRFl_f5eUq8d-nCOpnEe-KDJzAODHou4xKPtURo2Q-RWEg', NULL, NULL, NULL, NULL, '2014-03-01 17:19:24', NULL),
(22, NULL, NULL, NULL, 117, NULL, 'APA91bHQKstMSFDo4BV63cyJpnEtckGahfYhnsaR-M1czVyUrXHh01i0e5FykEPVo48rz6TZBZ748LU2a4vgxF3e6uIz7KJWr51Hs8vEIEtN8B9bqRdVQRFl_f5eUq8d-nCOpnEe-KDJzAODHou4xKPtURo2Q-RWEg', NULL, NULL, NULL, NULL, '2014-03-01 17:39:51', NULL),
(23, NULL, NULL, NULL, 117, NULL, 'APA91bHQKstMSFDo4BV63cyJpnEtckGahfYhnsaR-M1czVyUrXHh01i0e5FykEPVo48rz6TZBZ748LU2a4vgxF3e6uIz7KJWr51Hs8vEIEtN8B9bqRdVQRFl_f5eUq8d-nCOpnEe-KDJzAODHou4xKPtURo2Q-RWEg', NULL, NULL, NULL, NULL, '2014-03-01 17:51:19', NULL),
(24, NULL, NULL, NULL, 117, NULL, 'APA91bHQKstMSFDo4BV63cyJpnEtckGahfYhnsaR-M1czVyUrXHh01i0e5FykEPVo48rz6TZBZ748LU2a4vgxF3e6uIz7KJWr51Hs8vEIEtN8B9bqRdVQRFl_f5eUq8d-nCOpnEe-KDJzAODHou4xKPtURo2Q-RWEg', NULL, NULL, NULL, NULL, '2014-03-01 18:10:07', NULL),
(25, NULL, NULL, NULL, 117, NULL, 'APA91bHQKstMSFDo4BV63cyJpnEtckGahfYhnsaR-M1czVyUrXHh01i0e5FykEPVo48rz6TZBZ748LU2a4vgxF3e6uIz7KJWr51Hs8vEIEtN8B9bqRdVQRFl_f5eUq8d-nCOpnEe-KDJzAODHou4xKPtURo2Q-RWEg', NULL, NULL, NULL, NULL, '2014-03-01 18:19:36', NULL),
(26, NULL, NULL, NULL, 117, NULL, 'APA91bHQKstMSFDo4BV63cyJpnEtckGahfYhnsaR-M1czVyUrXHh01i0e5FykEPVo48rz6TZBZ748LU2a4vgxF3e6uIz7KJWr51Hs8vEIEtN8B9bqRdVQRFl_f5eUq8d-nCOpnEe-KDJzAODHou4xKPtURo2Q-RWEg', NULL, NULL, NULL, NULL, '2014-03-01 21:07:12', NULL),
(27, 1, NULL, NULL, NULL, NULL, 'APA91bFjU8_zALg95MxwPzjJGgLAXMpjtSpHHZilYufowORGyVfeUx7PRXVvhQwztt8of_reU42X14TNp7IiEPgyJ9wt5jG5uwxmhPssCXDgoaNeURqfo-EkMqfxx2MEvYC3hTIusm0Vm1_AtPfmJo95YrACn_K1Pw', NULL, NULL, NULL, NULL, '2014-03-10 14:37:57', NULL),
(28, 1, NULL, NULL, NULL, NULL, 'APA91bFjU8_zALg95MxwPzjJGgLAXMpjtSpHHZilYufowORGyVfeUx7PRXVvhQwztt8of_reU42X14TNp7IiEPgyJ9wt5jG5uwxmhPssCXDgoaNeURqfo-EkMqfxx2MEvYC3hTIusm0Vm1_AtPfmJo95YrACn_K1Pw', NULL, NULL, NULL, NULL, '2014-03-10 15:01:38', NULL),
(29, 1, NULL, NULL, NULL, NULL, 'APA91bFjU8_zALg95MxwPzjJGgLAXMpjtSpHHZilYufowORGyVfeUx7PRXVvhQwztt8of_reU42X14TNp7IiEPgyJ9wt5jG5uwxmhPssCXDgoaNeURqfo-EkMqfxx2MEvYC3hTIusm0Vm1_AtPfmJo95YrACn_K1Pw', NULL, NULL, NULL, NULL, '2014-03-10 17:10:00', NULL),
(30, 18, NULL, NULL, NULL, NULL, 'APA91bHrdDgd-u5u-uBuFwSCF7isdxWfKhUNoBHCm9YXJzqUZIBhK3RRCcSMUXZ-Y9I7E0W6nIUqdiSn8UddLd0khZkqXw6hrL6mwwBO49s88_Ss32Atq8QMqAMLi2GwW4FSZznlnRCgvl6FBRvl4oBfnIzNeSbU0Q', NULL, NULL, NULL, NULL, '2014-03-12 10:05:26', NULL),
(31, 18, NULL, NULL, NULL, NULL, 'APA91bHrdDgd-u5u-uBuFwSCF7isdxWfKhUNoBHCm9YXJzqUZIBhK3RRCcSMUXZ-Y9I7E0W6nIUqdiSn8UddLd0khZkqXw6hrL6mwwBO49s88_Ss32Atq8QMqAMLi2GwW4FSZznlnRCgvl6FBRvl4oBfnIzNeSbU0Q', NULL, NULL, NULL, NULL, '2014-03-12 10:08:40', NULL),
(32, NULL, NULL, 19, NULL, NULL, 'APA91bGsQIieFP2iPjJzx8fCcJ5DMtl3XuDi8vvBAunUsU9r6riq9JjeLwYrZqvzGrKf53U3X57yXlbzcVWh3YkZsf_oDoDIe2LcLtBn_Wz5eRRxD9jBhpDNDLTIcyU2RSXEpF_hqGb8lhf3oEaOZwpyWlkHmFxZhg', NULL, NULL, NULL, NULL, '2014-03-12 11:03:48', NULL),
(33, NULL, NULL, 19, NULL, NULL, 'APA91bGsQIieFP2iPjJzx8fCcJ5DMtl3XuDi8vvBAunUsU9r6riq9JjeLwYrZqvzGrKf53U3X57yXlbzcVWh3YkZsf_oDoDIe2LcLtBn_Wz5eRRxD9jBhpDNDLTIcyU2RSXEpF_hqGb8lhf3oEaOZwpyWlkHmFxZhg', NULL, NULL, NULL, NULL, '2014-03-12 11:03:51', NULL),
(34, NULL, 13, NULL, NULL, NULL, 'APA91bF1eNa_5LXgrhmAPknUXLhUSDLNLtyyl2pJP5r4dzwXeQj45bQVM4k4oWo9YRovu14ut6KudE-29hi9cqHVgVP2-WnYbaM2_5yWvA5x2Wace9lsUDy_UBdGCAqdgQfF9nbf9a9fokipRirh9n7-XAxJZTzPWA', NULL, NULL, NULL, NULL, '2014-03-12 16:39:43', NULL),
(35, 18, NULL, NULL, NULL, NULL, 'APA91bHrdDgd-u5u-uBuFwSCF7isdxWfKhUNoBHCm9YXJzqUZIBhK3RRCcSMUXZ-Y9I7E0W6nIUqdiSn8UddLd0khZkqXw6hrL6mwwBO49s88_Ss32Atq8QMqAMLi2GwW4FSZznlnRCgvl6FBRvl4oBfnIzNeSbU0Q', NULL, NULL, NULL, NULL, '2014-03-12 18:34:39', NULL),
(36, 18, NULL, NULL, NULL, NULL, 'APA91bHrdDgd-u5u-uBuFwSCF7isdxWfKhUNoBHCm9YXJzqUZIBhK3RRCcSMUXZ-Y9I7E0W6nIUqdiSn8UddLd0khZkqXw6hrL6mwwBO49s88_Ss32Atq8QMqAMLi2GwW4FSZznlnRCgvl6FBRvl4oBfnIzNeSbU0Q', NULL, NULL, NULL, NULL, '2014-03-12 18:43:38', NULL),
(37, 1, NULL, NULL, NULL, NULL, 'APA91bFjU8_zALg95MxwPzjJGgLAXMpjtSpHHZilYufowORGyVfeUx7PRXVvhQwztt8of_reU42X14TNp7IiEPgyJ9wt5jG5uwxmhPssCXDgoaNeURqfo-EkMqfxx2MEvYC3hTIusm0Vm1_AtPfmJo95YrACn_K1Pw', NULL, NULL, NULL, NULL, '2014-03-13 21:21:01', NULL),
(38, 1, NULL, NULL, NULL, NULL, 'APA91bEz0PHGAjW0ETrB6IyZe70mHa0eh_PZKEcrqi112Cw4lLLAIbeC1mZ2n6ssmHUG-4qYXGntzdimv5-J4_qSqfI5g_pSKFyko_n0osxEq7f83hOfmZUFUdE4UrV_Z2EVvPAnTdD26a-iLoHrc4p68CQd2IlSnA', NULL, NULL, NULL, NULL, '2014-03-13 21:22:17', NULL),
(39, 1, NULL, NULL, NULL, NULL, 'APA91bEz0PHGAjW0ETrB6IyZe70mHa0eh_PZKEcrqi112Cw4lLLAIbeC1mZ2n6ssmHUG-4qYXGntzdimv5-J4_qSqfI5g_pSKFyko_n0osxEq7f83hOfmZUFUdE4UrV_Z2EVvPAnTdD26a-iLoHrc4p68CQd2IlSnA', NULL, NULL, NULL, NULL, '2014-03-14 13:21:11', NULL),
(40, 1, NULL, NULL, NULL, NULL, 'APA91bEz0PHGAjW0ETrB6IyZe70mHa0eh_PZKEcrqi112Cw4lLLAIbeC1mZ2n6ssmHUG-4qYXGntzdimv5-J4_qSqfI5g_pSKFyko_n0osxEq7f83hOfmZUFUdE4UrV_Z2EVvPAnTdD26a-iLoHrc4p68CQd2IlSnA', NULL, NULL, NULL, NULL, '2014-03-14 13:55:01', NULL),
(41, NULL, NULL, NULL, 117, NULL, 'APA91bFTX00swutYXARgwsOHPbcYdZ-X7pMRgrEWdlFU2rtwGE8shKLTQeIKmsvpTp6EKhcvgtb26Q5z0NFUdFZR1ePe6jAfs-ZS2pnb-KJ44eOdSLz4VMih65j1cI7B7ekEt5fEGxBgjRfOun_OvKD1luOeUUiNxQ', NULL, NULL, NULL, NULL, '2014-03-14 19:24:11', NULL),
(42, NULL, NULL, 16, NULL, NULL, 'APA91bG1LX5WSG91HRCarv-ARN-ehbbGFDG3lBkjY30NUn7Rb2ObQRIqXilcTvIP8goevL_tIu0AXCIVJDCEhbcfbB680qZZzTHOXW3qUokG8969XPjJXa5YHVpoHaRhEpkFjmUtPJP2UG4my1cGKyyu5ILyLZkkEw', NULL, NULL, NULL, NULL, '2014-03-15 03:03:46', NULL),
(43, NULL, 1, NULL, NULL, NULL, 'APA91bEsfkdkbk0O8CRfZKIfOuWrZFtsXwLLAPD_hiff3yAz9DEZCZTxQYHZzsOcjCDRlvqhbRFB1PvB5hC_eQmlYrNQoTerEUXnWz56jSpi6biRPAddC0b0ouOFUauOEsFClBK_wjF4Uw19Ys5I-SHzwdXN4e_BXw', NULL, NULL, NULL, NULL, '2014-03-15 12:54:29', NULL),
(44, 1, NULL, NULL, NULL, NULL, 'APA91bEz0PHGAjW0ETrB6IyZe70mHa0eh_PZKEcrqi112Cw4lLLAIbeC1mZ2n6ssmHUG-4qYXGntzdimv5-J4_qSqfI5g_pSKFyko_n0osxEq7f83hOfmZUFUdE4UrV_Z2EVvPAnTdD26a-iLoHrc4p68CQd2IlSnA', NULL, NULL, NULL, NULL, '2014-03-17 02:09:10', NULL),
(45, NULL, 1, NULL, NULL, NULL, 'APA91bEsfkdkbk0O8CRfZKIfOuWrZFtsXwLLAPD_hiff3yAz9DEZCZTxQYHZzsOcjCDRlvqhbRFB1PvB5hC_eQmlYrNQoTerEUXnWz56jSpi6biRPAddC0b0ouOFUauOEsFClBK_wjF4Uw19Ys5I-SHzwdXN4e_BXw', NULL, NULL, NULL, NULL, '2014-03-17 02:13:27', NULL),
(46, NULL, NULL, 16, NULL, NULL, 'APA91bG1LX5WSG91HRCarv-ARN-ehbbGFDG3lBkjY30NUn7Rb2ObQRIqXilcTvIP8goevL_tIu0AXCIVJDCEhbcfbB680qZZzTHOXW3qUokG8969XPjJXa5YHVpoHaRhEpkFjmUtPJP2UG4my1cGKyyu5ILyLZkkEw', NULL, NULL, NULL, NULL, '2014-03-17 02:17:11', NULL),
(47, NULL, NULL, NULL, 117, NULL, 'APA91bFTX00swutYXARgwsOHPbcYdZ-X7pMRgrEWdlFU2rtwGE8shKLTQeIKmsvpTp6EKhcvgtb26Q5z0NFUdFZR1ePe6jAfs-ZS2pnb-KJ44eOdSLz4VMih65j1cI7B7ekEt5fEGxBgjRfOun_OvKD1luOeUUiNxQ', NULL, NULL, NULL, NULL, '2014-03-17 02:29:04', NULL),
(48, 1, NULL, NULL, NULL, NULL, 'APA91bFjU8_zALg95MxwPzjJGgLAXMpjtSpHHZilYufowORGyVfeUx7PRXVvhQwztt8of_reU42X14TNp7IiEPgyJ9wt5jG5uwxmhPssCXDgoaNeURqfo-EkMqfxx2MEvYC3hTIusm0Vm1_AtPfmJo95YrACn_K1Pw', NULL, NULL, NULL, NULL, '2014-03-17 10:11:20', NULL),
(49, NULL, 1, NULL, NULL, NULL, 'APA91bEVIk_7Nf4GrDpKNcTub9B1gyKwOe-M31R3U6hZX8KOKSSnLF9Nj6fLzlFZHATqeGCeNuyiMIWHPxK6zYe6DBm5gzMlH2o8bfg5f9R-sJiuZQldbNtW2URIihsJxFSjsv_yO3J_Vw8zw-VRifI-IyS-1tTVHA', NULL, NULL, NULL, NULL, '2014-03-17 10:15:50', NULL),
(50, NULL, NULL, 13, NULL, NULL, 'APA91bGKqlgRWFT38bHNsY3om2Tx_Wrs_u21UYqrhI2czb2ZGiZACjT5Oj4KVsgT7-j4ECOKiAoDAJhQ2otIOG3INbZvBTSMwJi3EB9HI6BsaCLQgLpP-3kwwxoGdJt8ItKt538-gEYGjV1iWhwkkNyqb9aBJuBPng', NULL, NULL, NULL, NULL, '2014-03-17 10:19:04', NULL),
(51, NULL, NULL, NULL, 117, NULL, 'APA91bHQKstMSFDo4BV63cyJpnEtckGahfYhnsaR-M1czVyUrXHh01i0e5FykEPVo48rz6TZBZ748LU2a4vgxF3e6uIz7KJWr51Hs8vEIEtN8B9bqRdVQRFl_f5eUq8d-nCOpnEe-KDJzAODHou4xKPtURo2Q-RWEg', NULL, NULL, NULL, NULL, '2014-03-17 10:22:52', NULL),
(52, 18, NULL, NULL, NULL, NULL, 'APA91bHrdDgd-u5u-uBuFwSCF7isdxWfKhUNoBHCm9YXJzqUZIBhK3RRCcSMUXZ-Y9I7E0W6nIUqdiSn8UddLd0khZkqXw6hrL6mwwBO49s88_Ss32Atq8QMqAMLi2GwW4FSZznlnRCgvl6FBRvl4oBfnIzNeSbU0Q', NULL, NULL, NULL, NULL, '2014-03-17 12:37:03', NULL),
(53, NULL, 13, NULL, NULL, NULL, 'APA91bF1eNa_5LXgrhmAPknUXLhUSDLNLtyyl2pJP5r4dzwXeQj45bQVM4k4oWo9YRovu14ut6KudE-29hi9cqHVgVP2-WnYbaM2_5yWvA5x2Wace9lsUDy_UBdGCAqdgQfF9nbf9a9fokipRirh9n7-XAxJZTzPWA', NULL, NULL, NULL, NULL, '2014-03-17 13:23:42', NULL),
(54, NULL, NULL, 19, NULL, NULL, 'APA91bGsQIieFP2iPjJzx8fCcJ5DMtl3XuDi8vvBAunUsU9r6riq9JjeLwYrZqvzGrKf53U3X57yXlbzcVWh3YkZsf_oDoDIe2LcLtBn_Wz5eRRxD9jBhpDNDLTIcyU2RSXEpF_hqGb8lhf3oEaOZwpyWlkHmFxZhg', NULL, NULL, NULL, NULL, '2014-03-17 13:27:22', NULL),
(55, NULL, NULL, NULL, 141, NULL, 'APA91bFPaQXyDc0vEXiDhuFMyTPTIc0iN74tdRq7fW9yOAlqWoAyp_ZU_6HjAeRAm-480DSRUdmFQgWEKwKgl69Pqp0LyZnLfLRPM6yN2w-Ali4oUWg7O5eWhq_EUeRl3nOco0Myl7n12gCQyn_K-O86PQoK16VTaw', NULL, NULL, NULL, NULL, '2014-03-17 13:38:49', NULL),
(56, NULL, NULL, NULL, 141, NULL, 'APA91bHlpYYx3ioejhv6qXE4g-UtOQYnTGFJElAD26wxoVn5QURKMtmNl1RrgXYsYqnCODCPcDcpfwg4anxhuh2HJDbV8_xv4rDlhOOK1Pf3uU6getedjdwZ-kOx1bCWKG79C1u_L8FfM0Mv6TQCvM-1TxuPDFjo_g', NULL, NULL, NULL, NULL, '2014-03-17 14:45:16', NULL),
(57, NULL, NULL, NULL, 117, NULL, 'APA91bG5vpsWjCpyXBK1QdGMLT8H-7Uj0oqni5EhUEj5qiB4rNUKi6GHwyMZeJAxJK4Drsx70qHx9-LynNP4ul5SH6FUJEnIPoHgDx3kF53vsG5IWTxzHIUML8f0hZhqfx0WltKopCk4h89MJ50IMInJxjW3JZKwuw', NULL, NULL, NULL, NULL, '2014-03-19 07:44:53', NULL),
(58, 21, NULL, NULL, NULL, NULL, 'APA91bFT_SGVFr2GymwMDjXG7U9oP0H3OKiQQ3D9X1xYtBbVJ62FGLnTaUVPzP3zEhUcc5hvhZQKX2ERHbz9qwlLqpX75HlBeoaytIjJFpQfMuraRcoBTSj99hdhxWQCBAckgL5tRzByB6s-iDgxdc57mdiHsSI_vg', NULL, NULL, NULL, NULL, '2014-03-19 07:46:27', NULL),
(59, NULL, NULL, NULL, 118, NULL, 'APA91bG5vpsWjCpyXBK1QdGMLT8H-7Uj0oqni5EhUEj5qiB4rNUKi6GHwyMZeJAxJK4Drsx70qHx9-LynNP4ul5SH6FUJEnIPoHgDx3kF53vsG5IWTxzHIUML8f0hZhqfx0WltKopCk4h89MJ50IMInJxjW3JZKwuw', NULL, NULL, NULL, NULL, '2014-03-19 07:51:49', NULL),
(60, 22, NULL, NULL, NULL, NULL, 'APA91bE8wup7njrPBIsxS5o7eGwrfSEHENZkSVdorzANAw0b1FmjfMqlE3MYDaW64ftpS3IxYE4hHoPpGxExcrsFLikEzEvpKhq-bTlhQTsa_5unS_IYWq3e0Kov-chamrvv0FiPvKXBB5PyfOa2cBXAXrKVkoaI9w', NULL, NULL, NULL, NULL, '2014-03-19 08:00:23', NULL),
(61, NULL, 2, NULL, NULL, NULL, 'APA91bFfyVgNaxZu-bcxyruLnO9rLTD7V8p_VM3rcAy3L6jPv2KytyhqfHeiAUDntYiQbJ-0xKotlzftmZu8H4XjC_hTKMteiLLq93y5LnemY2z0e2L6A2o4lSGgyHtRTSmU0xkL6drAn6HUzMSq-WnmFOGYYPRW_w', NULL, NULL, NULL, NULL, '2014-03-19 08:04:19', NULL),
(62, NULL, NULL, 12, NULL, NULL, 'APA91bFPOFUY36pcQn3_gcNhKr1k2svCs3gemdxvH2MsyObJzchnieqYgkYuF05ST7xpLyVnqGlpolbupBGwR1VrmnH3TBZs9WvfqEh77kUT5Fvg1IB6Yv66o_DSjJOL-abqKXECELOx7QEv0eU7Hm4bdfkmMchgWw', NULL, NULL, NULL, NULL, '2014-03-19 08:05:48', NULL),
(63, 21, NULL, NULL, NULL, NULL, 'APA91bFT_SGVFr2GymwMDjXG7U9oP0H3OKiQQ3D9X1xYtBbVJ62FGLnTaUVPzP3zEhUcc5hvhZQKX2ERHbz9qwlLqpX75HlBeoaytIjJFpQfMuraRcoBTSj99hdhxWQCBAckgL5tRzByB6s-iDgxdc57mdiHsSI_vg', NULL, NULL, NULL, NULL, '2014-03-19 23:30:16', NULL),
(64, 22, NULL, NULL, NULL, NULL, 'APA91bE8wup7njrPBIsxS5o7eGwrfSEHENZkSVdorzANAw0b1FmjfMqlE3MYDaW64ftpS3IxYE4hHoPpGxExcrsFLikEzEvpKhq-bTlhQTsa_5unS_IYWq3e0Kov-chamrvv0FiPvKXBB5PyfOa2cBXAXrKVkoaI9w', NULL, NULL, NULL, NULL, '2014-03-24 22:47:56', NULL),
(65, NULL, 2, NULL, NULL, NULL, 'APA91bFfyVgNaxZu-bcxyruLnO9rLTD7V8p_VM3rcAy3L6jPv2KytyhqfHeiAUDntYiQbJ-0xKotlzftmZu8H4XjC_hTKMteiLLq93y5LnemY2z0e2L6A2o4lSGgyHtRTSmU0xkL6drAn6HUzMSq-WnmFOGYYPRW_w', NULL, NULL, NULL, NULL, '2014-03-24 23:23:11', NULL),
(66, NULL, NULL, NULL, 132, NULL, 'APA91bHQKstMSFDo4BV63cyJpnEtckGahfYhnsaR-M1czVyUrXHh01i0e5FykEPVo48rz6TZBZ748LU2a4vgxF3e6uIz7KJWr51Hs8vEIEtN8B9bqRdVQRFl_f5eUq8d-nCOpnEe-KDJzAODHou4xKPtURo2Q-RWEg', NULL, NULL, NULL, NULL, '2014-03-25 08:46:32', NULL),
(67, NULL, NULL, 15, NULL, NULL, 'APA91bGfZMOkSKJ9DqNuMTmz2QrLCfnSfEHOJw8C6LgLcLOiUz2LeK7tQDuyC1UAytT7kcCWgfFFrmaHAdSVLST51H-YdtkOpKzEfmNd8PjnJDdaeJ4eTL4Dm1HITgVBkBLTkjOmpX_cWGqfgIuf_AfOCO5mYSjihA', NULL, NULL, NULL, NULL, '2014-03-25 14:47:19', NULL),
(68, NULL, 17, NULL, NULL, NULL, 'APA91bG-BLYf2mBLQqDwyW4yM3f2m0CfII2wE9XTgitY_7ZSdvbJprznGcGHsGyu28SXq_F4n1ehxEdd38Qa_PC5jEjaP9723f4paza-fn7StnvfZuP3POzqKHB-BO4toSNV3OSNIGADq9ZfinmoHuNpIRmRXo4Kaw', NULL, NULL, NULL, NULL, '2014-03-25 14:53:56', NULL),
(69, NULL, NULL, NULL, 147, NULL, 'APA91bEBkp6qqCKs56WonI2ru1ULoYw1aou-24XtKDpMv9pLJmSkVJPMFdTZSQzyCotzBIz3VJ5VerHirdgXPISjvrGZWMHIPM3t2_vGFNS8b0TMnczENWxwTXm-JncFyelt2SWG2110o1kpsFG4NrkTyWODq4Rb2w', NULL, NULL, NULL, NULL, '2014-03-25 16:00:14', NULL),
(70, NULL, 13, NULL, NULL, NULL, 'APA91bFrbUxOG8ZyD6W26YPpyTdpgyfds1_jyro4M2_BXOOvHoJEhURWgeYcteJ30tDRePBrS1n1_-HflQSkocBbxzH0paFkH5R86oYdBUTb-0Gt1yBxRwFy-L0qpz0MYtbfvPmSrQ8S-gIZFA84EUt7wmUYgsgYbg', NULL, NULL, NULL, NULL, '2014-04-11 17:38:30', NULL),
(71, NULL, NULL, 19, NULL, NULL, 'APA91bEm38cAghRQU6PNJ3VVWgLXmwUO-RXPJZgTsMVG4heLKe1fn0ddIXfCgmykScG12TTHMvEZ5sAm4GJ9XstkKxtNQJHLukxtB9ZSidh2nVot9jl1-y0ZALBjIhM_lAc7CjNIuvdAqPTLJA9ATwwt0QfSQHxbLQ', NULL, NULL, NULL, NULL, '2014-04-11 17:41:48', NULL);

-- --------------------------------------------------------

--
-- Table structure for table `guardian`
--

CREATE TABLE IF NOT EXISTS `guardian` (
  `guardianID` int(10) unsigned NOT NULL AUTO_INCREMENT,
  `name` varchar(50) NOT NULL,
  `lastName` varchar(50) DEFAULT NULL,
  `email` varchar(255) NOT NULL,
  `cellphone` varchar(50) NOT NULL,
  `dateRegistered` datetime NOT NULL,
  PRIMARY KEY (`guardianID`)
) ENGINE=InnoDB DEFAULT CHARSET=latin1 AUTO_INCREMENT=1 ;

-- --------------------------------------------------------

--
-- Table structure for table `guardianTrainee`
--

CREATE TABLE IF NOT EXISTS `guardianTrainee` (
  `guardianTraineeID` int(10) unsigned NOT NULL AUTO_INCREMENT,
  `guardianID` int(10) unsigned NOT NULL,
  `traineeID` int(10) unsigned NOT NULL,
  `activeFlag` int(10) unsigned NOT NULL,
  PRIMARY KEY (`guardianTraineeID`),
  KEY `guardianID` (`guardianID`),
  KEY `traineeID` (`traineeID`)
) ENGINE=InnoDB DEFAULT CHARSET=latin1 AUTO_INCREMENT=1 ;

-- --------------------------------------------------------

--
-- Table structure for table `helpRequest`
--

CREATE TABLE IF NOT EXISTS `helpRequest` (
  `helpRequestID` int(10) unsigned NOT NULL AUTO_INCREMENT,
  `courseTraineeActivityID` int(10) unsigned DEFAULT NULL,
  `dateRequested` datetime NOT NULL,
  `comment` text,
  `helpTypeID` int(10) unsigned NOT NULL,
  `trainingClassID` int(10) unsigned NOT NULL,
  PRIMARY KEY (`helpRequestID`),
  KEY `fdd` (`helpTypeID`),
  KEY `fddx` (`courseTraineeActivityID`),
  KEY `trainingClassID` (`trainingClassID`)
) ENGINE=InnoDB  DEFAULT CHARSET=latin1 AUTO_INCREMENT=6 ;

--
-- Dumping data for table `helpRequest`
--

INSERT INTO `helpRequest` (`helpRequestID`, `courseTraineeActivityID`, `dateRequested`, `comment`, `helpTypeID`, `trainingClassID`) VALUES
(1, 25112, '2014-03-17 16:41:11', '', 3, 1),
(2, 24847, '2014-03-20 14:18:18', '', 3, 1),
(3, 28906, '2014-03-26 23:37:46', '', 6, 3),
(4, 28835, '2014-03-27 18:24:14', '', 2, 3),
(5, 29032, '2014-03-27 21:58:24', '', 1, 3);

-- --------------------------------------------------------

--
-- Table structure for table `helpResponse`
--

CREATE TABLE IF NOT EXISTS `helpResponse` (
  `helpResponseID` int(11) unsigned NOT NULL AUTO_INCREMENT,
  `helpRequestID` int(10) unsigned NOT NULL,
  `message` text,
  `dateResponse` datetime DEFAULT NULL,
  `scheduleMeeting` int(10) unsigned DEFAULT NULL,
  `problemSorted` int(10) unsigned DEFAULT NULL,
  `meetingDate` datetime DEFAULT NULL,
  `instructorID` int(10) unsigned NOT NULL,
  PRIMARY KEY (`helpResponseID`),
  KEY `helpRequestID` (`helpRequestID`),
  KEY `instructorID` (`instructorID`)
) ENGINE=InnoDB DEFAULT CHARSET=latin1 AUTO_INCREMENT=1 ;

-- --------------------------------------------------------

--
-- Table structure for table `helpType`
--

CREATE TABLE IF NOT EXISTS `helpType` (
  `helpTypeID` int(10) unsigned NOT NULL AUTO_INCREMENT,
  `companyID` int(10) unsigned NOT NULL,
  `helpTypeName` varchar(100) NOT NULL,
  PRIMARY KEY (`helpTypeID`),
  UNIQUE KEY `index2` (`helpTypeName`),
  KEY `companyID` (`companyID`)
) ENGINE=InnoDB  DEFAULT CHARSET=latin1 AUTO_INCREMENT=11 ;

--
-- Dumping data for table `helpType`
--

INSERT INTO `helpType` (`helpTypeID`, `companyID`, `helpTypeName`) VALUES
(1, 1, 'I do not understand'),
(2, 1, 'I have network/WIFI problems'),
(3, 1, 'I have equipment problems'),
(4, 1, 'Code does not work'),
(5, 1, 'I have issues!'),
(6, 1, 'I Have Transportation Problems'),
(7, 1, 'I Have Health Issues'),
(8, 1, 'I Have Financial Issues'),
(9, 1, 'I Have Team Problems'),
(10, 1, 'I Have Run Out Of Time');

-- --------------------------------------------------------

--
-- Table structure for table `institution`
--

CREATE TABLE IF NOT EXISTS `institution` (
  `institutionID` int(10) unsigned NOT NULL AUTO_INCREMENT,
  `institutionName` varchar(100) NOT NULL,
  `cityID` int(10) unsigned NOT NULL,
  PRIMARY KEY (`institutionID`),
  KEY `fkcit` (`cityID`)
) ENGINE=InnoDB DEFAULT CHARSET=latin1 AUTO_INCREMENT=1 ;

-- --------------------------------------------------------

--
-- Table structure for table `instructor`
--

CREATE TABLE IF NOT EXISTS `instructor` (
  `instructorID` int(10) unsigned NOT NULL AUTO_INCREMENT,
  `firstName` varchar(45) NOT NULL,
  `lastName` varchar(45) NOT NULL,
  `email` varchar(100) NOT NULL,
  `cellphone` varchar(45) NOT NULL,
  `dateRegistered` datetime NOT NULL,
  `cityID` int(10) unsigned NOT NULL,
  `password` varchar(45) DEFAULT NULL,
  `companyID` int(10) unsigned NOT NULL,
  `activeFlag` int(11) DEFAULT NULL,
  `administratorID` int(10) unsigned DEFAULT NULL,
  `GCMRegistrationID` text,
  PRIMARY KEY (`instructorID`),
  UNIQUE KEY `index6` (`email`),
  KEY `ixc09` (`cityID`),
  KEY `fkc09` (`cityID`),
  KEY `ixc010` (`companyID`),
  KEY `fkc010` (`companyID`),
  KEY `ix09p` (`administratorID`),
  KEY `fkc011x` (`administratorID`)
) ENGINE=InnoDB  DEFAULT CHARSET=latin1 AUTO_INCREMENT=26 ;

--
-- Dumping data for table `instructor`
--

INSERT INTO `instructor` (`instructorID`, `firstName`, `lastName`, `email`, `cellphone`, `dateRegistered`, `cityID`, `password`, `companyID`, `activeFlag`, `administratorID`, `GCMRegistrationID`) VALUES
(12, 'Ronnelle', 'Makhubela', 'aubrey@mlab.co.za', '0125668899', '2013-11-17 23:54:46', 1, 'exqd$583', 1, NULL, NULL, NULL),
(13, 'Gwen Marianne', 'Ramokgopa', 'malengatiger@gmail.com', '0712193543', '2013-11-18 00:08:46', 1, 'dgpl#382', 1, NULL, NULL, NULL),
(14, 'Tsietsi Frank', 'Malenga', 'tsietsi.m@gmail.com', '0856699898', '2014-02-16 19:48:17', 1, NULL, 1, NULL, NULL, NULL),
(15, 'Obakeng ', 'Matlhoko', 'obby.matlhoko@gmail.com', '0844685723', '2014-02-16 20:12:55', 1, 'ssdr#354', 1, NULL, NULL, NULL),
(16, 'Aubrey', 'Malabie', 'aubrey.malabie@gmail.com', '0712193543', '2014-02-16 20:20:01', 1, 'bxuf@417', 1, NULL, NULL, NULL),
(17, 'Joey', 'Charles', 'cjchar@gmail.com', '0996653232', '2014-02-26 22:21:15', 2, 'kdxf@745', 25, NULL, NULL, NULL),
(18, 'Aubrey', 'Malabie', 'instructor.m@gmail.com', '0712195623', '2014-02-28 05:55:47', 2, 'tmms@214', 27, NULL, NULL, NULL),
(19, 'Rulani', 'Nevhufumba', 'rulani@mlab.co.za', '0760940604', '2014-03-12 10:28:07', 2, 'r123', 28, NULL, NULL, NULL),
(20, 'Mixo', 'Ngoveni', '4otune@gmail.com', '0736521188', '2014-03-12 10:46:19', 2, ' ', 28, NULL, NULL, NULL),
(21, 'Khathu', 'Mulalo', 'rulanho@gmail.com', '0821234567', '2014-03-12 17:53:00', 2, ' ', 28, NULL, NULL, NULL),
(22, 'Jonathan', 'Zinstructor', 'zins.j@gmail.com', '0885562233', '2014-03-15 23:57:03', 1, ' ', 1, NULL, NULL, NULL),
(24, 'Melvin', 'Hackersen', 'mel.hack@gmail.com', '0996639966', '2014-03-19 10:21:01', 1, 'thka$528', 1, NULL, NULL, NULL),
(25, 'Test 1.1', 'Instructor 1.1', 'instructor1@gmail.com', '0125694578', '2014-03-31 23:40:34', 1, NULL, 1, NULL, NULL, NULL);

-- --------------------------------------------------------

--
-- Table structure for table `instructorClass`
--

CREATE TABLE IF NOT EXISTS `instructorClass` (
  `instructorClassID` int(10) unsigned NOT NULL AUTO_INCREMENT,
  `instructorID` int(10) unsigned NOT NULL,
  `trainingClassID` int(10) unsigned NOT NULL,
  `dateRegistered` datetime NOT NULL,
  PRIMARY KEY (`instructorClassID`),
  UNIQUE KEY `instructorID_2` (`instructorID`,`trainingClassID`),
  KEY `instructorID` (`instructorID`),
  KEY `trainingClassID` (`trainingClassID`)
) ENGINE=InnoDB  DEFAULT CHARSET=latin1 AUTO_INCREMENT=40 ;

--
-- Dumping data for table `instructorClass`
--

INSERT INTO `instructorClass` (`instructorClassID`, `instructorID`, `trainingClassID`, `dateRegistered`) VALUES
(3, 13, 1, '2013-11-18 00:00:00'),
(4, 13, 2, '2013-11-05 06:00:00'),
(5, 13, 3, '2014-03-03 06:45:32'),
(6, 13, 4, '2014-03-03 06:59:08'),
(7, 13, 7, '2014-03-03 06:59:27'),
(8, 13, 9, '2014-03-03 07:00:02'),
(9, 15, 1, '2014-03-03 07:35:48'),
(10, 15, 2, '2014-03-03 07:36:01'),
(11, 15, 3, '2014-03-03 07:36:13'),
(12, 15, 4, '2014-03-03 07:36:20'),
(13, 13, 8, '2014-03-03 08:18:43'),
(14, 16, 1, '2014-03-03 20:19:30'),
(15, 14, 6, '2014-03-11 11:42:29'),
(16, 16, 2, '2014-03-15 19:27:29'),
(17, 16, 4, '2014-03-15 20:36:26'),
(18, 14, 1, '2014-03-16 10:56:20'),
(23, 22, 8, '2014-03-16 14:18:26'),
(24, 22, 10, '2014-03-16 14:18:33'),
(25, 22, 9, '2014-03-16 14:18:39'),
(26, 12, 3, '2014-03-18 16:38:18'),
(27, 12, 1, '2014-03-18 16:38:25'),
(28, 22, 1, '2014-03-19 09:21:31'),
(29, 22, 2, '2014-03-19 09:21:51'),
(30, 22, 4, '2014-03-19 09:21:59'),
(31, 22, 7, '2014-03-19 09:30:57'),
(32, 24, 6, '2014-03-19 10:40:13'),
(33, 24, 5, '2014-03-19 10:40:25'),
(34, 24, 10, '2014-03-19 10:42:47'),
(35, 24, 7, '2014-03-20 02:06:46'),
(36, 12, 8, '2014-03-20 13:52:16'),
(37, 16, 3, '2014-03-24 22:19:42'),
(38, 25, 29, '2014-03-31 23:59:09'),
(39, 25, 9, '2014-03-31 23:59:34');

-- --------------------------------------------------------

--
-- Table structure for table `instructorRating`
--

CREATE TABLE IF NOT EXISTS `instructorRating` (
  `instructorRatingID` int(10) unsigned NOT NULL AUTO_INCREMENT,
  `instructorID` int(10) unsigned NOT NULL,
  `courseTraineeActivityID` int(10) unsigned NOT NULL,
  `dateUpdated` datetime NOT NULL,
  `ratingID` int(10) unsigned NOT NULL,
  `comment` text,
  `completedFlag` int(11) DEFAULT NULL,
  PRIMARY KEY (`instructorRatingID`),
  KEY `ix90` (`instructorID`),
  KEY `ix91` (`courseTraineeActivityID`),
  KEY `ix92` (`ratingID`),
  KEY `fk91` (`courseTraineeActivityID`),
  KEY `fk92` (`ratingID`),
  KEY `fk93` (`instructorID`)
) ENGINE=InnoDB  DEFAULT CHARSET=latin1 AUTO_INCREMENT=460 ;

--
-- Dumping data for table `instructorRating`
--

INSERT INTO `instructorRating` (`instructorRatingID`, `instructorID`, `courseTraineeActivityID`, `dateUpdated`, `ratingID`, `comment`, `completedFlag`) VALUES
(297, 13, 25316, '2014-03-06 11:49:54', 4, NULL, 1),
(298, 13, 25316, '2014-03-06 11:50:09', 5, NULL, 1),
(299, 13, 25316, '2014-03-06 11:50:10', 5, NULL, 1),
(300, 13, 25133, '2014-03-06 11:59:44', 2, NULL, 1),
(301, 13, 25350, '2014-03-06 12:00:14', 2, NULL, 1),
(302, 13, 25403, '2014-03-06 12:04:04', 1, NULL, 1),
(303, 13, 24853, '2014-03-06 12:05:21', 1, NULL, 1),
(304, 13, 25226, '2014-03-06 12:05:36', 3, NULL, 1),
(305, 13, 25450, '2014-03-06 12:06:33', 2, NULL, 1),
(306, 13, 24833, '2014-03-06 12:08:04', 1, NULL, 1),
(307, 13, 24902, '2014-03-06 12:39:18', 1, NULL, 1),
(308, 13, 25015, '2014-03-06 12:40:15', 1, NULL, 0),
(309, 13, 25216, '2014-03-06 12:40:32', 4, NULL, 1),
(310, 13, 24859, '2014-03-06 13:15:34', 1, NULL, 1),
(311, 13, 24974, '2014-03-06 13:22:45', 4, NULL, 1),
(312, 13, 24982, '2014-03-06 13:30:49', 1, NULL, 1),
(313, 13, 25112, '2014-03-06 13:40:59', 4, NULL, 1),
(314, 13, 25376, '2014-03-06 13:41:20', 1, NULL, 1),
(315, 13, 25443, '2014-03-06 13:41:36', 4, NULL, 1),
(316, 13, 24848, '2014-03-06 13:42:13', 1, NULL, 1),
(317, 13, 25076, '2014-03-06 13:42:31', 4, NULL, 1),
(318, 13, 25124, '2014-03-06 13:49:46', 4, NULL, 1),
(319, 13, 25244, '2014-03-06 13:50:01', 1, NULL, 1),
(320, 13, 25357, '2014-03-06 13:50:25', 4, NULL, 1),
(321, 13, 24886, '2014-03-06 13:50:40', 3, NULL, 1),
(322, 13, 25018, '2014-03-06 13:51:03', 4, NULL, 1),
(323, 13, 25026, '2014-03-06 13:51:19', 4, NULL, 1),
(324, 13, 24862, '2014-03-06 20:25:10', 1, NULL, 1),
(325, 13, 25122, '2014-03-06 20:25:23', 4, NULL, 1),
(326, 13, 25547, '2014-03-06 20:25:51', 2, NULL, 1),
(327, 13, 25667, '2014-03-06 20:26:07', 3, NULL, 1),
(328, 13, 26504, '2014-03-06 21:23:44', 1, NULL, 1),
(329, 13, 26533, '2014-03-06 21:23:58', 3, NULL, 1),
(330, 13, 26684, '2014-03-06 21:24:39', 4, NULL, 1),
(331, 13, 26804, '2014-03-06 21:24:54', 4, NULL, 1),
(332, 13, 27063, '2014-03-06 21:25:33', 4, NULL, 1),
(333, 13, 26706, '2014-03-06 21:26:40', 1, NULL, 1),
(334, 13, 26838, '2014-03-06 21:26:52', 4, NULL, 1),
(335, 13, 25877, '2014-03-07 09:48:54', 1, NULL, 1),
(336, 13, 25982, '2014-03-07 09:49:14', 2, NULL, 1),
(337, 13, 26077, '2014-03-07 09:49:35', 2, NULL, 1),
(338, 13, 25277, '2014-03-08 07:56:52', 5, NULL, 1),
(339, 13, 25695, '2014-03-08 07:57:08', 4, NULL, 1),
(340, 13, 25854, '2014-03-08 07:57:22', 4, NULL, 1),
(341, 13, 25988, '2014-03-08 07:57:54', 1, NULL, 1),
(342, 13, 26256, '2014-03-08 08:00:41', 1, NULL, 1),
(343, 13, 25738, '2014-03-08 08:26:14', 1, NULL, 1),
(344, 13, 25966, '2014-03-08 08:26:54', 2, NULL, 1),
(345, 13, 25209, '2014-03-08 08:32:03', 1, NULL, 1),
(346, 13, 25308, '2014-03-08 08:32:44', 1, NULL, 1),
(347, 13, 25804, '2014-03-08 08:34:52', 3, NULL, 1),
(348, 13, 25831, '2014-03-08 08:35:17', 4, NULL, 1),
(349, 13, 26064, '2014-03-08 08:35:49', 3, NULL, 1),
(350, 13, 26534, '2014-03-08 08:45:08', 2, NULL, 1),
(351, 13, 26659, '2014-03-08 08:45:31', 3, NULL, 1),
(352, 13, 26725, '2014-03-08 08:49:51', 2, NULL, 1),
(353, 13, 25081, '2014-03-08 09:07:38', 1, NULL, 1),
(354, 13, 25497, '2014-03-08 09:07:52', 4, NULL, 1),
(355, 13, 25379, '2014-03-08 09:24:38', 1, NULL, 1),
(356, 13, 25414, '2014-03-08 09:24:46', 4, NULL, 1),
(357, 13, 25843, '2014-03-08 09:24:55', 1, NULL, 1),
(358, 13, 25507, '2014-03-08 09:25:11', 4, NULL, 1),
(359, 13, 24872, '2014-03-08 09:27:16', 1, NULL, 1),
(360, 13, 25176, '2014-03-08 09:27:26', 1, NULL, 1),
(361, 13, 24918, '2014-03-08 09:41:43', 2, NULL, 1),
(362, 13, 25087, '2014-03-08 09:41:58', 3, NULL, 1),
(363, 13, 25105, '2014-03-08 09:42:09', 2, NULL, 1),
(364, 13, 24980, '2014-03-08 09:42:20', 2, NULL, 1),
(365, 13, 25208, '2014-03-08 09:42:31', 3, NULL, 1),
(366, 13, 25212, '2014-03-08 09:42:38', 4, NULL, 1),
(367, 13, 27749, '2014-03-08 09:54:06', 2, NULL, 1),
(368, 13, 27752, '2014-03-08 09:54:16', 2, NULL, 1),
(369, 13, 27784, '2014-03-08 09:54:33', 4, NULL, 1),
(370, 13, 25018, '2014-03-08 09:54:49', 2, NULL, 1),
(371, 13, 25256, '2014-03-08 09:54:59', 2, NULL, 1),
(372, 13, 25026, '2014-03-08 09:55:08', 2, NULL, 1),
(373, 13, 25883, '2014-03-08 09:55:30', 1, NULL, 1),
(374, 13, 26074, '2014-03-08 09:55:40', 1, NULL, 1),
(375, 13, 26181, '2014-03-08 09:55:52', 2, NULL, 1),
(376, 13, 26439, '2014-03-08 09:56:03', 2, NULL, 1),
(377, 13, 25875, '2014-03-08 09:56:17', 2, NULL, 1),
(378, 13, 24858, '2014-03-08 11:08:47', 2, NULL, 1),
(379, 13, 25025, '2014-03-08 11:17:50', 2, NULL, 1),
(380, 13, 24832, '2014-03-08 11:20:57', 2, NULL, 1),
(381, 13, 24938, '2014-03-08 11:22:22', 2, NULL, 1),
(382, 13, 24938, '2014-03-08 11:22:38', 4, NULL, 1),
(383, 13, 25061, '2014-03-08 11:41:15', 2, NULL, 1),
(384, 13, 25863, '2014-03-08 11:41:26', 2, NULL, 1),
(385, 13, 25940, '2014-03-08 11:41:42', 2, NULL, 1),
(386, 13, 25004, '2014-03-08 11:41:55', 2, NULL, 1),
(387, 13, 25538, '2014-03-08 11:42:07', 2, NULL, 1),
(388, 13, 25541, '2014-03-08 11:42:16', 2, NULL, 1),
(389, 13, 25855, '2014-03-08 11:42:44', 2, NULL, 1),
(390, 13, 26258, '2014-03-08 11:42:57', 2, NULL, 1),
(391, 13, 26133, '2014-03-08 11:43:32', 2, NULL, 1),
(392, 13, 25142, '2014-03-08 11:43:46', 2, NULL, 1),
(393, 13, 25826, '2014-03-08 11:52:03', 3, NULL, 1),
(394, 13, 25865, '2014-03-08 11:53:29', 1, NULL, 1),
(395, 13, 25841, '2014-03-08 11:57:58', 2, NULL, 1),
(396, 13, 26160, '2014-03-08 11:58:26', 2, NULL, 1),
(397, 13, 26445, '2014-03-08 11:58:51', 2, NULL, 1),
(398, 13, 26272, '2014-03-08 11:59:41', 1, NULL, 1),
(399, 13, 24847, '2014-03-08 12:02:21', 2, NULL, 1),
(400, 13, 25160, '2014-03-08 21:05:02', 1, NULL, 1),
(401, 13, 25181, '2014-03-08 21:05:11', 4, NULL, 1),
(402, 13, 25882, '2014-03-08 21:05:23', 2, NULL, 1),
(403, 13, 26125, '2014-03-08 21:05:34', 1, NULL, 1),
(404, 13, 26352, '2014-03-08 21:05:48', 1, NULL, 1),
(405, 13, 26359, '2014-03-08 21:06:01', 1, NULL, 1),
(406, 13, 26424, '2014-03-08 21:06:11', 1, NULL, 1),
(407, 13, 27797, '2014-03-11 14:54:52', 2, NULL, 1),
(408, 13, 27809, '2014-03-11 14:55:28', 3, NULL, 1),
(409, 16, 25091, '2014-03-15 12:14:50', 2, NULL, 1),
(410, 16, 25275, '2014-03-15 12:15:19', 5, NULL, 1),
(411, 16, 27777, '2014-03-15 12:17:03', 3, NULL, 1),
(412, 16, 24944, '2014-03-15 12:40:22', 2, NULL, 1),
(413, 16, 25112, '2014-03-17 02:18:03', 3, NULL, 1),
(414, 16, 25138, '2014-03-17 16:39:45', 2, NULL, 1),
(415, 16, 25150, '2014-03-17 16:40:16', 3, NULL, 1),
(416, 16, 27800, '2014-03-20 03:35:32', 2, NULL, 1),
(417, 16, 27792, '2014-03-20 03:35:45', 1, NULL, 1),
(418, 16, 27803, '2014-03-20 03:35:59', 4, NULL, 1),
(419, 16, 26378, '2014-03-20 14:12:52', 2, NULL, 1),
(420, 16, 26847, '2014-03-24 22:15:33', 1, NULL, 1),
(421, 16, 26935, '2014-03-24 22:15:46', 1, NULL, 1),
(422, 16, 26604, '2014-03-24 22:16:36', 2, NULL, 1),
(423, 16, 26722, '2014-03-24 22:16:46', 4, NULL, 1),
(424, 16, 28828, '2014-03-24 22:37:01', 2, NULL, 1),
(425, 16, 28844, '2014-03-24 22:37:10', 1, NULL, 1),
(426, 16, 28863, '2014-03-24 22:37:24', 4, NULL, 1),
(427, 16, 28904, '2014-03-24 22:37:45', 3, NULL, 1),
(428, 16, 28797, '2014-03-24 22:38:09', 1, NULL, 1),
(429, 13, 24861, '2014-03-25 13:43:10', 1, NULL, 1),
(430, 16, 28856, '2014-03-26 12:52:41', 1, NULL, 1),
(431, 16, 29021, '2014-03-26 12:52:51', 1, NULL, 1),
(432, 16, 29044, '2014-03-26 12:53:04', 1, NULL, 1),
(433, 16, 29053, '2014-03-26 12:53:19', 1, NULL, 1),
(434, 16, 28795, '2014-03-26 23:27:03', 4, NULL, 1),
(435, 16, 28960, '2014-03-26 23:27:15', 2, NULL, 1),
(436, 16, 28804, '2014-03-26 23:27:28', 2, NULL, 1),
(437, 16, 28834, '2014-03-26 23:27:49', 1, NULL, 1),
(438, 16, 28870, '2014-03-26 23:28:00', 1, NULL, 1),
(439, 16, 28883, '2014-03-26 23:28:19', 1, NULL, 1),
(440, 16, 28945, '2014-03-26 23:29:08', 3, NULL, 1),
(441, 16, 28824, '2014-03-26 23:29:18', 1, NULL, 1),
(442, 16, 28850, '2014-03-26 23:29:26', 1, NULL, 1),
(443, 16, 28858, '2014-03-26 23:29:37', 1, NULL, 1),
(444, 16, 28819, '2014-03-26 23:29:46', 2, NULL, 1),
(445, 16, 28909, '2014-03-26 23:29:53', 4, NULL, 1),
(446, 16, 28927, '2014-03-26 23:30:02', 1, NULL, 1),
(447, 16, 29103, '2014-03-26 23:30:23', 4, NULL, 1),
(448, 16, 29102, '2014-03-26 23:30:32', 5, NULL, 1),
(449, 16, 29124, '2014-03-26 23:30:43', 2, NULL, 1),
(450, 16, 28939, '2014-03-26 23:30:54', 7, NULL, 1),
(451, 16, 26774, '2014-03-26 23:32:28', 4, NULL, 1),
(452, 16, 26590, '2014-03-26 23:32:41', 4, NULL, 1),
(453, 16, 26590, '2014-03-26 23:32:58', 7, NULL, 1),
(454, 16, 28372, '2014-03-26 23:33:09', 1, NULL, 1),
(455, 16, 28385, '2014-03-26 23:33:22', 1, NULL, 1),
(456, 16, 26525, '2014-03-26 23:33:46', 2, NULL, 1),
(457, 16, 26564, '2014-03-26 23:33:56', 2, NULL, 1),
(458, 16, 26474, '2014-03-26 23:34:05', 2, NULL, 1),
(459, 16, 28807, '2014-03-30 05:45:49', 2, NULL, 1);

-- --------------------------------------------------------

--
-- Table structure for table `inventory`
--

CREATE TABLE IF NOT EXISTS `inventory` (
  `inventoryID` int(10) unsigned NOT NULL AUTO_INCREMENT,
  `equipmentID` int(10) unsigned NOT NULL,
  `serialNumber` varchar(45) NOT NULL,
  `dateRegistered` datetime DEFAULT NULL,
  `conditionFlag` int(11) DEFAULT NULL,
  `dateUpdated` datetime DEFAULT NULL,
  `model` varchar(100) DEFAULT NULL,
  `yearPurchased` int(11) DEFAULT NULL,
  `administratorID` int(10) unsigned DEFAULT NULL,
  PRIMARY KEY (`inventoryID`),
  UNIQUE KEY `index4` (`serialNumber`),
  KEY `fkijh` (`equipmentID`),
  KEY `index5` (`administratorID`),
  KEY `fkadmnss` (`administratorID`),
  KEY `iinvx` (`equipmentID`,`serialNumber`)
) ENGINE=InnoDB  DEFAULT CHARSET=latin1 AUTO_INCREMENT=50 ;

--
-- Dumping data for table `inventory`
--

INSERT INTO `inventory` (`inventoryID`, `equipmentID`, `serialNumber`, `dateRegistered`, `conditionFlag`, `dateUpdated`, `model`, `yearPurchased`, `administratorID`) VALUES
(1, 2, '999999999', '2014-02-19 00:00:00', NULL, NULL, 'Samsung Tab 3', 2014, 1),
(2, 2, '888888888', '2014-02-19 00:00:00', NULL, NULL, 'Samsung Tab 10.1', 2014, 1),
(3, 2, '67676767676', '2014-02-19 00:00:00', NULL, NULL, 'HTC Flyer 7"', NULL, 1),
(4, 2, '07t87876787655', '2014-02-19 00:00:00', NULL, NULL, 'Samsung Tab 3', 2013, 1),
(5, 2, '46765496587', '2014-02-20 00:00:00', NULL, NULL, 'Samsung Tab 3', 2013, 1),
(6, 2, '965876987986', '2014-02-20 00:00:00', NULL, NULL, 'Samsung Tab 3', 2014, 1),
(7, 2, 'hfjhgfhf6776', '2014-02-20 00:00:00', NULL, NULL, 'Samsung Tab 7', 2014, 1),
(8, 2, '8278hiu34p987', '2014-02-19 00:00:00', NULL, NULL, 'Samsung Tab 7', 2014, 1),
(9, 2, '0827972744323', '2014-02-19 00:00:00', NULL, NULL, 'Samsung Tab 7', 2014, 1),
(17, 9, 'u765865876t', '2014-02-20 00:00:00', NULL, NULL, 'Galaxy S2', 2012, 1),
(18, 9, '54ujfj6576t8g', '2014-02-20 00:00:00', NULL, NULL, 'Galaxy SIII', 2012, 1),
(19, 9, '6376497694', '2014-02-20 00:00:00', NULL, NULL, 'Galaxy S2', 2012, 1),
(20, 9, '865238658765', '2014-02-20 00:00:00', NULL, NULL, 'Galaxy S4', 2013, 1),
(21, 9, '5364746435735', '2014-02-20 00:00:00', NULL, NULL, 'Sony Experia Z', 2014, 1),
(22, 9, '7685876587', '2014-02-20 00:00:00', NULL, NULL, 'Sony Experia S', 2014, 1),
(23, 9, '679879879876', '2014-02-20 00:00:00', NULL, NULL, 'Galaxy S4', 2014, 1),
(24, 9, '42343243254', '2014-02-20 00:00:00', NULL, NULL, 'Galaxy SIII', 2013, 1),
(25, 9, '5757677DfZ', '2014-02-22 21:49:56', NULL, '2014-02-22 21:49:56', 'Samsung Galaxy Mini', 2012, 1),
(26, 9, 'T56576786SD', '2014-02-22 21:51:13', NULL, '2014-02-22 21:51:13', 'HTC One X', 2014, 1),
(27, 9, 'T566777AW66', '2014-02-22 21:53:36', NULL, '2014-02-22 21:53:36', 'HTC Desire', 2014, 1),
(28, 9, 'T6767866777', '2014-02-22 21:54:13', NULL, '2014-02-22 21:54:13', 'LG Pro', 2014, 1),
(29, 9, 'Z5746567868', '2014-02-23 07:24:34', NULL, '2014-02-23 07:24:34', 'ZTE Ascend', 2014, 1),
(30, 9, 'X57577667243', '2014-02-23 07:43:49', NULL, '2014-02-23 07:43:49', 'Xiaomi Redmi', 2014, 1),
(31, 104, 'G7677668cvvg7878', '2014-02-28 05:58:14', NULL, '2014-02-28 05:58:14', 'Galaxy S4', 2014, 17),
(32, 104, 'H5646567757766', '2014-02-28 06:01:22', NULL, '2014-02-28 06:01:22', 'HTC One', 2014, 17),
(33, 104, '4567546556556', '2014-02-28 06:02:21', NULL, '2014-02-28 06:02:21', 'Sony Experia S', 2014, 17),
(34, 104, 'G676877766755', '2014-02-28 06:22:43', NULL, '2014-02-28 06:22:43', 'Galaxy S4', 2014, 17),
(35, 104, 'G465656566', '2014-02-28 08:18:20', NULL, '2014-02-28 08:18:20', 'Galaxy S4', 2014, 17),
(36, 104, 'G343056628477', '2014-02-28 08:20:00', NULL, '2014-02-28 08:20:00', 'Galaxy S3', 2014, 17),
(37, 104, 'X2648385674657', '2014-02-28 08:20:50', NULL, '2014-02-28 08:20:50', 'Xiaomi Redmi', 2014, 17),
(38, 104, 'G6779787567532', '2014-02-28 08:21:39', NULL, '2014-02-28 08:21:39', 'Galaxy S3', 2014, 17),
(39, 104, 'S5724457067656', '2014-02-28 08:23:12', NULL, '2014-02-28 08:23:12', 'Sony Experia Z', 2014, 17),
(40, 104, 'S677775654555', '2014-02-28 08:23:51', NULL, '2014-02-28 08:23:51', 'Sony Experia Z', 2014, 17),
(41, 108, 'H568888464577', '2014-03-01 01:30:53', NULL, '2014-03-01 01:30:53', 'HTC Flyer', 2014, 17),
(42, 108, 'G478886766454', '2014-03-01 01:32:53', NULL, '2014-03-01 01:32:53', 'Galaxy Tab 7', 2014, 17),
(43, 9, 'X568664566678', '2014-03-01 01:46:02', NULL, '2014-03-01 01:46:02', 'Xiaomi Redmi', 2014, 1),
(44, 6, 'DX9675656667', '2014-03-01 01:50:37', NULL, '2014-03-01 01:50:37', 'Dell Server', 2013, 1),
(45, 9, 'Hdbdhdbdhdbdhd', '2014-03-11 12:01:33', NULL, '2014-03-11 12:01:33', 'Sony Xperia Z2', 2014, NULL),
(46, 109, '354084052214877', '2014-03-17 12:42:37', NULL, '2014-03-17 12:42:37', 'Samsung Ativ S', 2013, 18),
(47, 109, '351939053251165', '2014-03-17 12:45:22', NULL, '2014-03-17 12:45:34', 'Nokia Lumia 900', 2012, 18),
(48, 110, '53738927266', '2014-03-17 13:12:08', NULL, '2014-03-17 13:12:08', 'Nokia Asha 306', 2013, 18),
(49, 112, 'Fghbcfbnj', '2014-04-01 00:27:43', NULL, '2014-04-01 00:27:43', 'Test', 2014, 22);

-- --------------------------------------------------------

--
-- Table structure for table `lesson`
--

CREATE TABLE IF NOT EXISTS `lesson` (
  `lessonID` int(10) unsigned NOT NULL AUTO_INCREMENT,
  `lessonName` varchar(255) DEFAULT NULL,
  `description` text,
  `courseID` int(10) unsigned DEFAULT NULL,
  `priorityFlag` int(11) DEFAULT NULL,
  `localID` bigint(20) DEFAULT NULL,
  `syncDate` datetime DEFAULT NULL,
  `durationInDays` double DEFAULT NULL,
  PRIMARY KEY (`lessonID`),
  UNIQUE KEY `index5` (`courseID`,`lessonName`),
  KEY `ix010` (`courseID`),
  KEY `index3` (`courseID`),
  KEY `fkcvcvv` (`courseID`)
) ENGINE=InnoDB  DEFAULT CHARSET=latin1 AUTO_INCREMENT=52 ;

--
-- Dumping data for table `lesson`
--

INSERT INTO `lesson` (`lessonID`, `lessonName`, `description`, `courseID`, `priorityFlag`, `localID`, `syncDate`, `durationInDays`) VALUES
(4, 'Overview of Development Tools', 'An overview of the application and development tools that are critical to the aspiring mobile and cloud computing developer. This IDE will be used extensively to learn about the various development frameworks and to build applications.', 2, 1, 1381518394472, NULL, 0),
(5, 'MySQL download and installation', 'Each trainee has to have a properly installed and configured version of MySQL and associated GUI tools available. This is the database that will be used extensively to learn about creating and using data-backed applications and mobile apps.', 2, 2, 1381518394840, NULL, 0),
(6, 'Netbeans download and installation', 'Each trainee has to have a properly installed and configured Netbeans IDE (Integrated Development Environment). This IDE will be used extensively to learn about the various development frameworks and to build applications.', 2, 3, 1381518395388, NULL, 0),
(7, 'Create instance of virtual server', 'Android apps make life easier and are easy to understand. When people use your app for the first time, they should intuitively grasp the most important features. The design work doesn''t stop at the first use, though. Android apps remove ongoing chores like file management and syncing. Simple tasks never require complex procedures, and complex tasks are tailored to the human hand and mind. People of all ages and cultures feel firmly in control, and are never overwhelmed by too many choices or irrelevant flash.', 6, 16, NULL, NULL, 0),
(8, 'Test', 'Android apps make life easier and are easy to understand. When people use your app for the first time, they should intuitively grasp the most important features. The design work doesn''t stop at the first use, though. Android apps remove ongoing chores like file management and syncing. Simple tasks never require complex procedures, and complex tasks are tailored to the human hand and mind. People of all ages and cultures feel firmly in control, and are never overwhelmed by too many choices or irrelevant flash.', 6, 21, NULL, NULL, 0),
(9, 'Check out Amazon Eclipse plugin', 'Android apps make life easier and are easy to understand. When people use your app for the first time, they should intuitively grasp the most important features. The design work doesn''t stop at the first use, though. Android apps remove ongoing chores like file management and syncing. Simple tasks never require complex procedures, and complex tasks are tailored to the human hand and mind. People of all ages and cultures feel firmly in control, and are never overwhelmed by too many choices or irrelevant flash.', 6, 18, NULL, NULL, 0),
(12, 'Establish RDS database', 'Testing inserting new lessons in database, see if new lesson shows up immediately or needs a glassfish reboot', 6, 19, NULL, NULL, 0),
(13, 'Get personal AWS account', 'Register a personal account with Amazon so that you can establish your cloud databases and back end applications', 6, 20, NULL, NULL, 0),
(14, 'Lesson 101', 'Test that new lessons can be added to a course and brought back to the calling object with the extra lesson that may have been added in another activity.', 6, 14, NULL, NULL, 0),
(15, 'Lesson 102', 'Soon, there may be an alternative for executives like you. Instead of installing a suite of software for each computer, you''d only have to load one application. That application would allow workers to log into a Web-based service which hosts all the programs the user would need for his or her job. Remote machines owned by another company would run everything from e-mail to word processing to complex data analysis programs. It''s called cloud computing, and it could change the entire computer industry.', 6, 15, NULL, NULL, 0),
(16, 'Lesson 110', 'A fitting description should be placed here', 6, 13, NULL, NULL, 0),
(17, 'Lesson 120 updates', 'Activity 100 Soon, there may be an alternative for executives like you. Instead of installing a suite of software for each computer, you''d only have to load one application. That application would allow workers to log into a Web-based service which hosts all the programs the user would need for his or her job. Remote machines owned by another company would run everything from e-mail to word processing to complex data analysis programs. It''s called cloud computing, and it could change the entire computer industry.', 6, 3, NULL, NULL, 0),
(18, 'Lesson 130', 'Activity 100 Soon, there may be an alternative for executives like you. Instead of installing a suite of software for each computer, you''d only have to load one application. That application would allow workers to log into a Web-based service which hosts all the programs the user would need for his or her job. Remote machines owned by another company would run everything from e-mail to word processing to complex data analysis programs. It''s called cloud computing, and it could change the entire computer industry.', 6, 4, NULL, NULL, 0),
(19, 'Lesson 140', 'Activity 100 Soon, there may be an alternative for executives like you. Instead of installing a suite of software for each computer, you''d only have to load one application. That application would allow workers to log into a Web-based service which hosts all the programs the user would need for his or her job. Remote machines owned by another company would run everything from e-mail to word processing to complex data analysis programs. It''s called cloud computing, and it could change the entire computer industry.', 6, 5, NULL, NULL, 0),
(20, 'Lesson 150', 'Activity 100 Soon, there may be an alternative for executives like you. Instead of installing a suite of software for each computer, you''d only have to load one application. That application would allow workers to log into a Web-based service which hosts all the programs the user would need for his or her job. Remote machines owned by another company would run everything from e-mail to word processing to complex data analysis programs. It''s called cloud computing, and it could change the entire computer industry.', 6, 7, NULL, NULL, 0),
(21, 'Lesson 160', 'Activity 100 Soon, there may be an alternative for executives like you. Instead of installing a suite of software for each computer, you''d only have to load one application. That application would allow workers to log into a Web-based service which hosts all the programs the user would need for his or her job. Remote machines owned by another company would run everything from e-mail to word processing to complex data analysis programs. It''s called cloud computing, and it could change the entire computer industry.', 6, 8, NULL, NULL, 0),
(22, 'Lesson 170', 'Activity 100 Soon, there may be an alternative for executives like you. Instead of installing a suite of software for each computer, you''d only have to load one application. That application would allow workers to log into a Web-based service which hosts all the programs the user would need for his or her job. Remote machines owned by another company would run everything from e-mail to word processing to complex data analysis programs. It''s called cloud computing, and it could change the entire computer industry.', 6, 9, NULL, NULL, 0),
(23, 'Lesson 180', 'Activity 100 Soon, there may be an alternative for executives like you. Instead of installing a suite of software for each computer, you''d only have to load one application. That application would allow workers to log into a Web-based service which hosts all the programs the user would need for his or her job. Remote machines owned by another company would run everything from e-mail to word processing to complex data analysis programs. It''s called cloud computing, and it could change the entire computer industry.', 6, 10, NULL, NULL, 0),
(24, 'Lesson 190', 'Activity 100 Soon, there may be an alternative for executives like you. Instead of installing a suite of software for each computer, you''d only have to load one application. That application would allow workers to log into a Web-based service which hosts all the programs the user would need for his or her job. Remote machines owned by another company would run everything from e-mail to word processing to complex data analysis programs. It''s called cloud computing, and it could change the entire computer industry.', 6, 11, NULL, NULL, 0),
(25, 'Lesson 190B', 'Activity 100 Soon, there may be an alternative for executives like you. Instead of installing a suite of software for each computer, you''d only have to load one application. That application would allow workers to log into a Web-based service which hosts all the programs the user would need for his or her job. Remote machines owned by another company would run everything from e-mail to word processing to complex data analysis programs. It''s called cloud computing, and it could change the entire computer industry.', 6, 12, NULL, NULL, 0),
(26, 'Lesson 190C', 'Activity 100 Soon, there may be an alternative for executives like you. Instead of installing a suite of software for each computer, you''d only have to load one application. That application would allow workers to log into a Web-based service which hosts all the programs the user would need for his or her job. ', 6, 17, NULL, NULL, 0),
(27, 'Lesson 200 Finally sorted', 'Heita, there may be an alternative for executives like you. Instead of installing a suite of software for each computer, you''d only have to load one application. That application would allow workers to log into a Web-based service which hosts all the programs the user would need for his or her job. Remote machines owned by another company would run everything from e-mail to word processing to complex data analysis programs. It''s called cloud computing, and it could change the entire computer industry.', 6, 1, NULL, NULL, 0),
(28, 'Task 101', 'Explore the Source Get the complete Android platform and modify and build it to suit your needs. You can also contribute to the Open Source Project to make your changes available to everyone else in the Android ecosystem.', 9, 2, NULL, NULL, 0),
(29, 'Task 102', 'Explore the Source Get the complete Android platform and modify and build it to suit your needs. You can also contribute to the Open Source Project to make your changes available to everyone else in the Android ecosystem.', 9, 1, NULL, NULL, 0),
(30, 'Task 103', 'Explore the Source Get the complete Android platform and modify and build it to suit your needs. You can also contribute to the Open Source Project to make your changes available to everyone else in the Android ecosystem.', 9, 3, NULL, NULL, 0),
(31, 'Task 104', 'Explore the Source Get the complete Android platform and modify and build it to suit your needs. You can also contribute to the Open Source Project to make your changes available to everyone else in the Android ecosystem.', 9, 4, NULL, NULL, 0),
(32, 'Task 105', 'Explore the Source Get the complete Android platform and modify and build it to suit your needs. You can also contribute to the Open Source Project to make your changes available to everyone else in the Android ecosystem.', 9, 5, NULL, NULL, 0),
(33, 'Lesson 210', 'Explore the Source Get the complete Android platform and modify and build it to suit your needs. You can also contribute to the Open Source Project to make your changes available to everyone else in the Android ecosystem.', 6, 2, NULL, NULL, 0),
(36, 'Obtain Google Play Services access', 'A Google account is necessary for use with Google Play Services', 4, 0, NULL, NULL, NULL),
(37, 'Testing the bloody thing ', 'bchfhfjfjfjgjg kg oycoyoyciitckyogckc kgciyiycitciggckckgkg. kgckg jci iitcjgcc jgcijyc kgci kcgkckgkgc jgcigcjgc ikgckgckc kckgcigc', 9, 0, NULL, NULL, NULL),
(38, 'Learn to use data modelling tools', 'The industry has many data modelling tools, some of which are but a free download away', 14, 0, NULL, NULL, NULL),
(39, 'Install MySQL Database', 'The database to be installed on trainee machine', 15, 0, NULL, NULL, NULL),
(40, 'CourseMaker Architecture overview', 'An understanding of the business functions of CourseMaker', 16, 0, NULL, NULL, NULL),
(41, 'Create and load CourseMaker database', 'An understanding of the business functions of CourseMaker', 16, 0, NULL, NULL, NULL),
(42, 'Final Exercise', 'This is the final test to determine the trainees level of skill and acquired experience', 6, 6, NULL, NULL, NULL),
(43, 'Obtain Google Cloud credentials', 'Register a personal Google Cloud account', 8, 0, NULL, NULL, NULL),
(44, 'Register first application', 'Get a basic application registered in order to test your access', 8, 0, NULL, NULL, NULL),
(45, 'Create data model for Google Cloud app', 'This data model is intended to be consumed for purposes of understanding the data requirements.', 8, 0, NULL, NULL, NULL),
(46, 'Action Bar', 'Learn about the action bar', 3, 0, NULL, NULL, NULL),
(47, 'Setting up the action bar', 'learn how to add a basic action bar to your activity', 19, 0, NULL, NULL, NULL),
(48, 'Creating an Android Project', 'This lesson shows you how to create a new project either using Eclipse( with the ADT plugin) or using the SDK tools from a command line.', 20, 1, NULL, NULL, NULL),
(49, 'Running Your Application', 'This lesoon shows you how to install and run your app on real device or and on the Android emulator, and in both cas3s with either Eclipse or the command line tools. ', 20, 2, NULL, NULL, NULL),
(50, 'Building a Simple User Interface', 'This lesson teachesbyou to create a linear layout, add a text field, add string resources, add a button and make the input box fill in the screen width.', 20, 3, NULL, NULL, NULL),
(51, 'Thggh', 'gvffgh', 18, 0, NULL, NULL, NULL);

-- --------------------------------------------------------

--
-- Table structure for table `lessonResource`
--

CREATE TABLE IF NOT EXISTS `lessonResource` (
  `lessonResourceID` int(10) unsigned NOT NULL AUTO_INCREMENT,
  `lessonID` int(10) unsigned NOT NULL,
  `url` varchar(255) NOT NULL,
  `dateUpdated` datetime NOT NULL,
  `resourceName` varchar(255) DEFAULT NULL,
  `authorID` int(10) unsigned DEFAULT NULL,
  `traineeID` int(10) unsigned DEFAULT NULL,
  `instructorID` int(10) unsigned DEFAULT NULL,
  `localID` bigint(20) DEFAULT NULL,
  `syncDate` datetime DEFAULT NULL,
  PRIMARY KEY (`lessonResourceID`),
  UNIQUE KEY `index4` (`lessonID`,`url`),
  KEY `ixlr` (`lessonID`),
  KEY `fkrsc` (`lessonID`),
  KEY `index5` (`authorID`),
  KEY `index6` (`traineeID`),
  KEY `index7` (`instructorID`),
  KEY `fktrain` (`traineeID`),
  KEY `fkauth` (`authorID`),
  KEY `fkinst` (`instructorID`)
) ENGINE=InnoDB  DEFAULT CHARSET=latin1 AUTO_INCREMENT=109 ;

--
-- Dumping data for table `lessonResource`
--

INSERT INTO `lessonResource` (`lessonResourceID`, `lessonID`, `url`, `dateUpdated`, `resourceName`, `authorID`, `traineeID`, `instructorID`, `localID`, `syncDate`) VALUES
(1, 7, 'http://boha.za.com', '2013-10-12 12:34:27', NULL, NULL, NULL, NULL, NULL, NULL),
(2, 7, 'http://developer.android.com/design/get-started/creative-vision.html', '2013-10-12 12:40:44', NULL, NULL, NULL, NULL, NULL, NULL),
(3, 8, 'http://boha.za..com/index.html', '2013-10-12 13:32:07', NULL, NULL, NULL, NULL, NULL, NULL),
(4, 7, 'http://en.wikipedia.org/wiki/Comparison_of_Java_and_Android_API', '2013-10-12 19:54:37', NULL, NULL, NULL, NULL, NULL, NULL),
(5, 7, 'http://developer.android.com/design/index.html', '2013-10-12 20:06:44', NULL, NULL, NULL, NULL, NULL, NULL),
(6, 7, 'http://developer.android.com/design/get-started/ui-overview.html', '2013-10-12 20:07:06', NULL, NULL, NULL, NULL, NULL, NULL),
(7, 7, 'http://developer.android.com/design/style/index.html', '2013-10-12 20:07:39', NULL, NULL, NULL, NULL, NULL, NULL),
(8, 7, 'http://www.forbes.com/fdc/welcome_mjx.shtml', '2013-10-12 20:20:02', 'Welcome to Forbes', NULL, NULL, NULL, NULL, NULL),
(9, 7, 'http://aws.amazon.com/sdkforandroid/', '2013-10-12 20:43:16', 'AWS SDK for Android', NULL, NULL, NULL, NULL, NULL),
(10, 7, 'http://mobile.awsblog.com/', '2013-10-12 20:44:07', 'AWS Developer Blog - Mobile', NULL, NULL, NULL, NULL, NULL),
(11, 8, 'http://developer.android.com/distribute/index.html', '2013-10-12 20:46:07', 'Distribute Apps | Android Developers', NULL, NULL, NULL, NULL, NULL),
(12, 7, 'http://en.wikipedia.org/wiki/Cloud_computing', '2013-10-13 09:11:43', 'Cloud computing - Wikipedia, the free encyclopedia', NULL, NULL, NULL, NULL, NULL),
(13, 7, 'http://m.infoworld.com/d/cloud-computing/what-cloud-computing-really-means-031', '2013-10-13 09:22:18', 'What cloud computing really means | Cloud Computing - InfoWorld', NULL, NULL, NULL, NULL, NULL),
(14, 7, 'http://www.informationweek.com/cloud-computing/infrastructure/microsofts-azure-cloud-move-what-it-mean/240162438', '2013-10-13 09:27:17', 'Microsoft''s Azure Cloud Move: What It Means - Cloud Computing -', NULL, NULL, NULL, NULL, NULL),
(15, 7, 'https://www.google.co.za/webhp?gws_rd=cr&ei=rk5aUvn1OIaWtQbcxIA4#q=cloud+computing', '2013-10-13 09:42:55', 'cloud computing - Google Search', NULL, NULL, NULL, NULL, NULL),
(16, 7, 'http://computer.howstuffworks.com/cloud-computing/cloud-storage.htm', '2013-10-13 09:44:17', 'HowStuffWorks "How Cloud Storage Works"', NULL, NULL, NULL, NULL, NULL),
(17, 7, 'http://docs.oracle.com/javase/tutorial/', '2013-10-13 09:59:06', 'The Java? Tutorials', NULL, NULL, NULL, NULL, NULL),
(18, 7, 'http://aws.amazon.com/', '2013-10-13 10:05:11', 'Amazon Web Services, Cloud Computing: Compute, Storage, Database', NULL, NULL, NULL, NULL, NULL),
(19, 7, 'http://aws.amazon.com/resources/analyst-reports/?sc_ichannel=HA&sc_ipage=homepage&sc_iplace=editorial_r2_center_banner&sc_icampaigntype=general_info&sc_icampaign=ha_gartner_iaas_mq_2013&sc_icountry=US', '2013-10-13 10:07:01', 'Analyst Reports', NULL, NULL, NULL, NULL, NULL),
(20, 7, 'https://aws.amazon.com/marketplace/cp/customer_reviews/ref=mkt_ste_car_nc_reviews?sc_ichannel=HA&sc_ipage=homepage&sc_iplace=hero4&sc_isegment=nc&sc_icampaigntype=marketplace&sc_icampaign=ha_marketplace_customer_reviews&sc_icountry=US', '2013-10-13 10:09:35', 'AWS Marketplace', NULL, NULL, NULL, NULL, NULL),
(22, 7, 'http://en.wikipedia.org/wiki/Distributed_computing', '2013-10-13 11:14:15', 'Distributed computing - Wikipedia, the free encyclopedia', NULL, NULL, NULL, 1381655653275, NULL),
(23, 7, 'http://developer.android.com/training/basics/firstapp/index.html', '2013-10-13 11:39:26', 'Building Your First App | Android Developers', NULL, NULL, NULL, 1381657164417, NULL),
(24, 7, 'http://developer.android.com/training/basics/activity-lifecycle/index.html', '2013-10-13 11:40:24', 'Managing the Activity Lifecycle | Android Developers', NULL, NULL, NULL, 1381657221829, NULL),
(25, 7, 'https://www.google.co.za/webhp?gws_rd=cr&ei=tuJaUsiFMYLctAb2y4GgBw#q=android+tutorial', '2013-10-13 20:14:25', 'android tutorial - Google Search', NULL, NULL, NULL, 1381688065084, NULL),
(26, 7, 'http://www.coreservlets.com/android-tutorial/', '2013-10-13 20:24:07', 'Android Programming Tutorial', NULL, NULL, NULL, 1381688646954, NULL),
(27, 8, 'http://developer.android.com/tools/testing/testing_android.html', '2013-10-13 20:30:40', 'Testing Fundamentals | Android Developers', NULL, NULL, NULL, 1381689040742, NULL),
(28, 8, 'http://developer.android.com/tools/index.html', '2013-10-13 20:34:30', 'Developer Tools | Android Developers', NULL, NULL, NULL, 1381689270362, NULL),
(29, 8, 'http://developer.android.com/sdk/installing/studio.html', '2013-10-13 20:35:00', 'Getting Started with Android Studio | Android Developers', NULL, NULL, NULL, 1381689300397, NULL),
(30, 8, 'https://cloud.google.com/solutions/mobile?utm_expid=65704806-1.GUic8_niQ9ueHYuKN6HL7Q.0&utm_referrer=http%3A%2F%2Fdeveloper.android.com%2Fgoogle%2Findex.html', '2013-10-13 20:37:52', 'Mobile Solutions - Google Cloud Platform ?? Cloud Platform', NULL, NULL, NULL, 1381689472491, NULL),
(31, 8, 'http://www.tutorialspoint.com/java/', '2013-10-14 00:19:41', 'Java Tutorial', NULL, NULL, NULL, 1381702779413, NULL),
(32, 8, 'http://www.vogella.com/articles/JUnit/article.html', '2013-10-14 00:22:12', 'JUnit - Tutorial', NULL, NULL, NULL, 1381702931224, NULL),
(35, 8, 'http://apps.topcoder.com/wiki/display/tc/Writing+Java+Unit+Tests', '2013-10-14 01:37:48', 'Writing Java Unit Tests - TopCoder Wiki', NULL, NULL, NULL, 1381707466232, NULL),
(36, 7, 'http://www.lynda.com/AWS-tutorials/Up-Running-Amazon-Web-Services/114888-2.html', '2013-10-14 01:50:32', 'Watch the Online Video Course Up and Running with Amazon Web Services', NULL, NULL, NULL, 1381708231986, NULL),
(37, 7, 'http://www.3scale.net/2013/02/quickstart-tutorial-on-how-to-deploy-an-api-on-amazon-ec2-for-amazon-web-services-aws-rookies/', '2013-10-14 01:52:41', 'Quickstart tutorial on how to deploy an API on Amazon EC2 for Amazon Web Services (AWS) rookies - 3scale: API Management Solutions', NULL, NULL, NULL, 1381708361097, NULL),
(38, 7, 'http://en.wikipedia.org/wiki/Virtual_server', '2013-10-14 02:55:59', 'Virtual server - Wikipedia, the free encyclopedia', NULL, NULL, NULL, 1381712158826, NULL),
(39, 9, 'http://aws.amazon.com/eclipse/', '2013-10-14 11:12:30', 'AWS Toolkit for Eclipse', NULL, NULL, NULL, 1381741951586, NULL),
(40, 9, 'http://www.brunozzi.com/2012/08/29/getting-started-with-aws-on-eclipse/', '2013-10-14 11:13:19', 'Getting started with AWS on Eclipse - Simone Brunozzi', NULL, NULL, NULL, 1381742000688, NULL),
(42, 9, 'http://developer.android.com/index.html', '2013-10-15 16:06:27', 'Android Developers', NULL, NULL, NULL, 1381845991702, NULL),
(43, 9, 'http://developer.android.com/about/index.html', '2013-10-15 16:10:24', 'Android, the world''s most popular mobile platform | Android Developers', NULL, NULL, NULL, 1381846228888, NULL),
(44, 9, 'https://www.google.co.za/webhp?gws_rd=cr&ei=vUtdUs73M4KN0AWZ-oCwCw#q=android+development', '2013-10-15 16:13:37', 'Google', NULL, NULL, NULL, 1381846420719, NULL),
(45, 13, 'https://www.google.co.za/webhp?gws_rd=cr&ei=rFVdUuvXOIbTtAbF2ICIBg#q=aws+beginner', '2013-10-15 16:49:19', 'aws beginner - Google Search', NULL, NULL, NULL, 1381848563644, NULL),
(47, 13, 'http://systemsarchitect.net/category/cloud-computing-2/', '2013-10-15 16:50:30', 'Systems Architect  Cloud Computing', NULL, NULL, NULL, 1381848633997, NULL),
(48, 12, 'https://www.google.co.za/webhp?gws_rd=cr&ei=CVxdUoKCJYfWtAbX2YHIAg#q=android+java+tutorial', '2013-10-15 17:16:25', 'android java tutorial - Google Search', NULL, NULL, NULL, 1381850189463, NULL),
(49, 12, 'http://mobile.tutsplus.com/tutorials/android/java-tutorial/', '2013-10-15 17:17:18', 'Learn Java for Android Development: Introduction to Java', NULL, NULL, NULL, 1381850242831, NULL),
(50, 12, 'http://developer.android.com/training/index.html', '2013-10-15 17:17:47', 'Getting Started | Android Developers', NULL, NULL, NULL, 1381850271393, NULL),
(51, 12, 'http://www.vogella.com/articles/AndroidCamera/article.html', '2013-10-15 17:19:08', 'Android Camera API - Tutorial', NULL, NULL, NULL, 1381850352378, NULL),
(52, 12, 'https://www.google.co.za/webhp?gws_rd=cr&ei=El9dUu7RIcidtQaxjoDgAQ#q=android+development', '2013-10-15 17:28:44', 'android development - Google Search', NULL, NULL, NULL, 1381850927876, NULL),
(53, 7, 'http://www.informationweek.com/cloud-computing', '2013-10-16 17:16:46', 'InformationWeek Cloud Computing | Cloud Computing Stories', NULL, NULL, NULL, 1381936605919, NULL),
(54, 7, 'http://za.ask.com/web?q=what%20is%20cloud%20computing&qsrc=999&l=sem&siteid=7405&qenc=utf-8&ifr=1&ad=semA&an=google_s&mty=b&kwd=what%20is%20cloud%20computing&net=g&cre=17955633269&pla=&mob=&sou=s&aid=&adp=1t3&kwid=4406040540&agid=5601288389', '2013-10-17 12:41:02', 'what is cloud computing - Ask.com Web Search', NULL, NULL, NULL, 1382006459955, NULL),
(55, 7, 'http://www.windowsphone.com/en-za/how-to/wp8/start/whats-new-in-windows-phone', '2013-10-17 12:46:42', 'What''s new in Windows Phone 8 | Windows Phone How-to (Suid Afrika)', NULL, NULL, NULL, 1382006800453, NULL),
(56, 16, 'https://www.google.co.za/webhp?gws_rd=cr&ei=2kRgUo2LNsHmswaTxoCACw#q=aws', '2013-10-17 22:14:10', 'aws - Google Search', NULL, NULL, NULL, 1382040846998, NULL),
(57, 16, 'http://aws.amazon.com/web-mobile-social/', '2013-10-17 22:14:52', 'Web, Mobile, and Social Apps on AWS', NULL, NULL, NULL, 1382040889604, NULL),
(58, 16, 'https://github.com/mitchellh/vagrant-aws', '2013-10-17 22:16:26', 'mitchellh/vagrant-aws  GitHub', NULL, NULL, NULL, 1382040982894, NULL),
(59, 27, 'http://www.android.com/', '2013-10-18 00:36:25', 'Android', NULL, NULL, NULL, 1382049382508, NULL),
(60, 27, 'http://developer.android.com/sdk/index.html', '2013-10-18 00:37:07', 'Android SDK | Android Developers', NULL, NULL, NULL, 1382049425185, NULL),
(61, 27, 'http://source.android.com/', '2013-10-18 00:37:57', 'Android Developers', NULL, NULL, NULL, 1382049474736, NULL),
(62, 27, 'https://www.google.co.za/webhp?gws_rd=cr&ei=GGpgUsS6E9OThQfgpYF4#q=java+tutorials', '2013-10-18 00:52:56', 'java tutorials - Google Search', NULL, NULL, NULL, 1382050368110, NULL),
(63, 27, 'http://www.javabeginner.com/', '2013-10-18 00:55:33', 'Java Beginner Tutorial', NULL, NULL, NULL, 1382050530094, NULL),
(64, 27, 'http://za.teebik.com/mobile/partc/mtb/ms.php?pid=&subid=2260309741', '2013-10-18 00:56:13', 'Mobile Security', NULL, NULL, NULL, 1382050570000, NULL),
(66, 17, 'http://en.wikipedia.org/wiki/Innovation', '2013-10-18 18:51:57', 'Innovation - Wikipedia, the free encyclopedia', NULL, NULL, NULL, 1382115109150, NULL),
(67, 18, 'http://en.wikipedia.org/wiki/Android_(operating_system)', '2013-10-18 19:20:07', 'Android (operating system) - Wikipedia, the free encyclopedia', NULL, NULL, NULL, 1382116800664, NULL),
(68, 33, 'http://en.wikipedia.org/wiki/Object-oriented_programming', '2013-10-18 21:25:45', 'Object-oriented programming - Wikipedia, the free encyclopedia', NULL, NULL, NULL, 1382124340976, NULL),
(69, 33, 'http://searchsoa.techtarget.com/definition/object-oriented-programming', '2013-10-18 21:26:49', 'What is object-oriented programming (OOP)? - Definition from WhatIs.com', NULL, NULL, NULL, 1382124404266, NULL),
(70, 33, 'http://www.dummies.com/how-to/content/understanding-javas-objectoriented-programming-oop.html', '2013-10-18 21:30:47', 'Understanding Java''s Object-Oriented Programming (OOP) - For Dummies', NULL, NULL, NULL, 1382124643060, NULL),
(71, 33, 'http://www.sourcebits.com/#!/enterprise/mobility', '2013-10-19 01:50:35', 'Enterprise Mobility - Enterprise Mobile Development Solutions', NULL, NULL, NULL, 1382140230855, NULL),
(72, 33, 'http://en.wikipedia.org/wiki/MySQL', '2013-10-19 03:09:34', 'MySQL - Wikipedia, the free encyclopedia', NULL, NULL, NULL, 1382144969263, NULL),
(75, 33, 'http://www.w3schools.com/php/php_mysql_intro.asp', '2013-10-19 03:11:12', 'PHP MySQL Introduction', NULL, NULL, NULL, 1382145066870, NULL),
(76, 33, 'http://windows.github.com/', '2013-10-19 03:20:02', 'GitHub for Windows', NULL, NULL, NULL, 1382145597473, NULL),
(77, 33, 'http://www.movieinsider.com/m4677/escape-plan/', '2013-10-19 03:32:12', 'Escape Plan (2013) Movie', NULL, NULL, NULL, 1382146327672, NULL),
(78, 33, 'http://www.movieinsider.com/movies/', '2013-10-19 03:33:49', 'New Upcoming Movies 2013', NULL, NULL, NULL, 1382146423982, NULL),
(79, 33, 'http://www.sterkinekor.mobi/#/info/5276/Gravity/', '2013-10-19 03:35:09', 'Movies out now | Ster Kinekor', NULL, NULL, NULL, 1382146504352, NULL),
(80, 33, 'http://en.wikipedia.org/wiki/C_Sharp_(programming_language)', '2013-10-19 03:36:53', 'C Sharp (programming language) - Wikipedia, the free encyclopedia', NULL, NULL, NULL, 1382146608711, NULL),
(81, 33, 'http://www.tutorialspoint.com/listtutorials/c-sharp/1', '2013-10-19 03:37:36', 'C Sharp Tutorials', NULL, NULL, NULL, 1382146651437, NULL),
(82, 33, 'http://msdn.microsoft.com/en-us/library/aa288436(v=vs.71).aspx', '2013-10-19 03:38:07', 'C# Tutorials (C#)', NULL, NULL, NULL, 1382146682760, NULL),
(83, 33, 'http://msdn.microsoft.com/en-us/library/aa288457(v=vs.71).aspx', '2013-10-19 03:38:38', 'Command Line Parameters Tutorial (C#)', NULL, NULL, NULL, 1382146713613, NULL),
(84, 28, 'http://developer.android.com/training/basics/firstapp/index.html', '2013-10-24 09:44:44', 'Building Your First App | Android Developers', NULL, NULL, NULL, 1382600683744, NULL),
(85, 28, 'http://android-java-development.blogspot.com/2012/05/system.html#!/2012/05/system.html', '2013-10-24 09:46:30', 'ViewPager with ListView pages | Android Java Development', NULL, NULL, NULL, 1382600788102, NULL),
(86, 28, 'http://www.howstuffworks.com/cloud-computing/cloud-computing.htm', '2013-10-24 09:51:00', NULL, NULL, NULL, NULL, 1382601056364, NULL),
(87, 28, 'http://developer.android.com/design/index.html', '2013-10-24 09:53:06', 'Design | Android Developers', NULL, NULL, NULL, 1382601184835, NULL),
(88, 33, 'http://www.captechconsulting.com/blog/clinton-teegarden/android-volley-library-tutorial', '2013-11-21 13:17:25', 'Android Volley Library Tutorial | CapTech Consulting', NULL, NULL, NULL, 1385032639403, NULL),
(89, 5, 'http://www.mysql.com/', '2013-11-21 14:06:49', 'MySQL :: The world''s most popular open source database', NULL, NULL, NULL, 1385035601842, NULL),
(90, 5, 'https://www.google.co.za/webhp?gws_rd=cr&ei=k_eNUoesEIO70QX6toGIAQ', '2013-11-21 14:07:53', 'Google', NULL, NULL, NULL, 1385035666348, NULL),
(91, 5, 'http://developer.android.com/develop/index.html', '2013-12-04 16:18:01', 'Develop | Android Developers', NULL, NULL, NULL, 1386166674834, NULL),
(92, 27, 'http://memeburn.com/2012/04/amazon-web-services-opening-developer-support-office-in-south-africa/', '2014-01-29 13:38:34', 'Amazon Web Services opening developer support office in South Africa | memeburn', NULL, NULL, NULL, 1390995513750, NULL),
(94, 27, 'http://aws.amazon.com/', '2014-01-29 13:41:01', 'Amazon Web Services, Cloud Computing: Compute, Storage, Database', NULL, NULL, NULL, 1390995660769, NULL),
(95, 27, 'http://www.amazon.com/', '2014-01-29 14:11:09', 'Amazon.com: Online Shopping for Electronics, Apparel, Computers, Books, DVDs & more', NULL, NULL, NULL, 1390997468616, NULL),
(96, 27, 'http://www.oracle.com/technetwork/java/index-jsp-135888.html', '2014-01-29 14:12:33', 'Java Developer Tutorials and Online Training', NULL, NULL, NULL, 1390997552962, NULL),
(97, 27, 'http://m.blogs.computerworld.com/android/23456/chrome-apps-android', '2014-01-29 20:04:26', 'Why Chrome apps on Android could be a very bad thing | Computerworld Blogs', NULL, NULL, NULL, 1391018664668, NULL),
(98, 42, 'http://www.vogella.com/tutorials/', '2014-03-08 19:45:01', 'vogella Tutorials', NULL, NULL, NULL, 1394300698456, NULL),
(99, 42, 'https://netbeans.org/kb/docs/java/quickstart.html', '2014-03-08 19:46:38', 'NetBeans IDE Java Quick Start Tutorial', NULL, NULL, NULL, 1394300796330, NULL),
(100, 46, 'http://developer.android.com/guide/topics/ui/actionbar.html', '2014-03-11 15:08:46', 'Action Bar | Android Developers', NULL, NULL, NULL, 1394543324159, NULL),
(101, 48, 'http://developer.android.com/training/basics/firstapp/creating-project.html', '2014-03-12 17:44:17', 'Creating an Android Project | Android Developers', NULL, NULL, NULL, 1394639058145, NULL),
(102, 27, 'http://www.tutorialspoint.com/java/', '2014-03-15 16:39:38', 'Java Tutorial', NULL, NULL, NULL, 1394894378358, NULL),
(103, 5, 'http://www.mysql.com/products/workbench/', '2014-03-19 09:38:19', 'MySQL :: MySQL Workbench 6.0', NULL, NULL, NULL, 1395214696477, NULL),
(104, 5, 'http://www.liquidweb.com/kb/how-to-back-up-mysql-databases-from-the-command-line/', '2014-03-19 09:39:58', 'How To: Back Up MySQL Databases From The Command Line | Liquid Web Knowledge Base', NULL, NULL, NULL, 1395214796319, NULL),
(105, 5, 'http://knowledgelayer.softlayer.com/procedure/how-do-i-backup-mysql-linux', '2014-03-19 09:46:07', 'How do I backup MySQL in Linux? | KnowledgeLayer', NULL, NULL, NULL, 1395215161866, NULL),
(106, 4, 'https://netbeans.org/', '2014-03-20 02:17:06', 'Welcome to NetBeans', NULL, NULL, NULL, 1395274623642, NULL),
(107, 42, 'http://www.vogella.com/tutorials/AndroidSQLite/article.html', '2014-03-22 22:00:53', 'Android SQLite database and content provider - Tutorial', NULL, NULL, NULL, 1395518451730, NULL),
(108, 40, 'http://en.wikipedia.org/wiki/Database', '2014-04-02 23:38:27', 'Database - Wikipedia, the free encyclopedia', NULL, NULL, NULL, 1396474702775, NULL);

-- --------------------------------------------------------

--
-- Table structure for table `lessonSchedule`
--

CREATE TABLE IF NOT EXISTS `lessonSchedule` (
  `lessonScheduleID` int(10) unsigned NOT NULL AUTO_INCREMENT,
  `trainingClassID` int(10) unsigned DEFAULT NULL,
  `lessonID` int(10) unsigned DEFAULT NULL,
  `scheduleDate` datetime DEFAULT NULL,
  `endDate` datetime DEFAULT NULL,
  PRIMARY KEY (`lessonScheduleID`),
  KEY `ixll0` (`trainingClassID`),
  KEY `ixll2` (`lessonID`),
  KEY `fkllx` (`trainingClassID`),
  KEY `fkllx2` (`lessonID`)
) ENGINE=InnoDB DEFAULT CHARSET=latin1 AUTO_INCREMENT=1 ;

-- --------------------------------------------------------

--
-- Table structure for table `objective`
--

CREATE TABLE IF NOT EXISTS `objective` (
  `objectiveID` int(10) unsigned NOT NULL AUTO_INCREMENT,
  `courseID` int(10) unsigned NOT NULL,
  `objectiveName` varchar(255) NOT NULL,
  `description` text NOT NULL,
  PRIMARY KEY (`objectiveID`),
  KEY `courseID` (`courseID`)
) ENGINE=InnoDB DEFAULT CHARSET=latin1 AUTO_INCREMENT=1 ;

-- --------------------------------------------------------

--
-- Table structure for table `province`
--

CREATE TABLE IF NOT EXISTS `province` (
  `provinceID` int(10) unsigned NOT NULL AUTO_INCREMENT,
  `countryID` int(10) unsigned DEFAULT NULL,
  `provinceName` varchar(100) DEFAULT NULL,
  PRIMARY KEY (`provinceID`),
  UNIQUE KEY `index3` (`countryID`,`provinceName`),
  KEY `ix88` (`countryID`),
  KEY `fg008` (`countryID`)
) ENGINE=InnoDB  DEFAULT CHARSET=latin1 AUTO_INCREMENT=10 ;

--
-- Dumping data for table `province`
--

INSERT INTO `province` (`provinceID`, `countryID`, `provinceName`) VALUES
(9, 3, 'Eastern Cape'),
(5, 3, 'Free State'),
(3, 3, 'Gauteng'),
(4, 3, 'Kwa Zulu Natal'),
(1, 3, 'Limpopo'),
(6, 3, 'Mpumalanga'),
(7, 3, 'North West'),
(2, 3, 'Northern Cape'),
(8, 3, 'Western Cape');

-- --------------------------------------------------------

--
-- Table structure for table `rating`
--

CREATE TABLE IF NOT EXISTS `rating` (
  `ratingID` int(10) unsigned NOT NULL AUTO_INCREMENT,
  `ratingName` varchar(50) DEFAULT NULL,
  `ratingNumber` int(11) DEFAULT NULL,
  `companyID` int(10) unsigned NOT NULL,
  PRIMARY KEY (`ratingID`),
  UNIQUE KEY `ix211` (`ratingName`),
  KEY `companyID` (`companyID`)
) ENGINE=InnoDB  DEFAULT CHARSET=latin1 AUTO_INCREMENT=8 ;

--
-- Dumping data for table `rating`
--

INSERT INTO `rating` (`ratingID`, `ratingName`, `ratingNumber`, `companyID`) VALUES
(1, 'Very Good (80)', 80, 1),
(2, 'Excellent (100)', 100, 1),
(3, 'Fair (40)', 40, 1),
(4, 'Good (60)', 60, 1),
(5, 'Poor (20)', 20, 1),
(6, 'Did Not Present (0)', 0, 1),
(7, 'Beyond The Call Of Duty', 125, 1);

-- --------------------------------------------------------

--
-- Table structure for table `reportUser`
--

CREATE TABLE IF NOT EXISTS `reportUser` (
  `reportUserID` int(10) unsigned NOT NULL AUTO_INCREMENT,
  `firstName` varchar(45) DEFAULT NULL,
  `lastName` varchar(45) DEFAULT NULL,
  `email` varchar(45) DEFAULT NULL,
  `cellphone` varchar(45) DEFAULT NULL,
  `dateRegistered` datetime DEFAULT NULL,
  `password` varchar(45) DEFAULT NULL,
  `GCMRegistrationID` text,
  PRIMARY KEY (`reportUserID`)
) ENGINE=InnoDB DEFAULT CHARSET=latin1 AUTO_INCREMENT=1 ;

-- --------------------------------------------------------

--
-- Table structure for table `team`
--

CREATE TABLE IF NOT EXISTS `team` (
  `teamID` int(11) unsigned NOT NULL AUTO_INCREMENT,
  `teamName` varchar(255) NOT NULL,
  `dateRegistered` datetime NOT NULL,
  `trainingClassID` int(11) unsigned NOT NULL,
  PRIMARY KEY (`teamID`),
  UNIQUE KEY `trainingClassID_2` (`trainingClassID`,`teamName`),
  KEY `trainingClassID` (`trainingClassID`)
) ENGINE=InnoDB  DEFAULT CHARSET=latin1 AUTO_INCREMENT=5 ;

--
-- Dumping data for table `team`
--

INSERT INTO `team` (`teamID`, `teamName`, `dateRegistered`, `trainingClassID`) VALUES
(1, 'Crazy Coders', '2014-03-24 22:06:57', 3),
(2, 'Hardened Hackers', '2014-03-24 22:26:42', 3),
(3, 'Thrashing United', '2014-03-24 23:42:49', 1),
(4, 'Mabopane Cruisers', '2014-03-25 00:13:18', 1);

-- --------------------------------------------------------

--
-- Table structure for table `teamMember`
--

CREATE TABLE IF NOT EXISTS `teamMember` (
  `teamMemberID` int(10) unsigned NOT NULL AUTO_INCREMENT,
  `teamID` int(10) unsigned NOT NULL,
  `traineeID` int(10) unsigned NOT NULL,
  `dateRegistered` datetime NOT NULL,
  `activeFlag` int(10) unsigned DEFAULT NULL,
  PRIMARY KEY (`teamMemberID`),
  UNIQUE KEY `teamID_2` (`teamID`,`traineeID`),
  KEY `teamID` (`teamID`),
  KEY `traineeID` (`traineeID`)
) ENGINE=InnoDB  DEFAULT CHARSET=latin1 AUTO_INCREMENT=19 ;

--
-- Dumping data for table `teamMember`
--

INSERT INTO `teamMember` (`teamMemberID`, `teamID`, `traineeID`, `dateRegistered`, `activeFlag`) VALUES
(3, 1, 132, '2014-03-24 22:06:57', 1),
(4, 1, 120, '2014-03-24 22:07:51', 1),
(5, 1, 119, '2014-03-24 22:07:59', 1),
(6, 1, 124, '2014-03-24 22:24:58', 1),
(7, 2, 132, '2014-03-24 22:26:42', 1),
(8, 2, 121, '2014-03-24 22:27:09', 1),
(9, 3, 118, '2014-03-24 23:42:49', 1),
(10, 3, 25, '2014-03-24 23:44:15', 1),
(11, 3, 89, '2014-03-24 23:44:23', 1),
(12, 3, 117, '2014-03-24 23:44:36', 1),
(13, 3, 94, '2014-03-25 00:11:20', 1),
(14, 4, 118, '2014-03-25 00:13:18', 1),
(15, 4, 140, '2014-03-25 00:13:53', 1),
(16, 4, 91, '2014-03-25 00:14:09', 1),
(17, 4, 115, '2014-03-25 00:14:30', 1),
(18, 1, 121, '2014-03-25 13:52:46', 1);

-- --------------------------------------------------------

--
-- Table structure for table `trainee`
--

CREATE TABLE IF NOT EXISTS `trainee` (
  `traineeID` int(10) unsigned NOT NULL AUTO_INCREMENT,
  `firstName` varchar(45) NOT NULL,
  `middleName` varchar(45) DEFAULT NULL,
  `lastName` varchar(45) NOT NULL,
  `email` varchar(100) NOT NULL,
  `cellphone` varchar(45) NOT NULL,
  `dateRegistered` datetime NOT NULL,
  `gender` int(10) unsigned DEFAULT NULL,
  `institutionID` int(10) unsigned DEFAULT NULL,
  `companyID` int(10) unsigned DEFAULT NULL,
  `IDNumber` varchar(45) DEFAULT NULL,
  `address` varchar(255) DEFAULT NULL,
  `cityID` int(10) unsigned NOT NULL,
  `trainingClassID` int(10) unsigned DEFAULT NULL,
  `password` varchar(45) DEFAULT NULL,
  `activeFlag` int(11) DEFAULT NULL,
  `administratorID` int(10) unsigned DEFAULT NULL,
  `GCMRegistrationID` text,
  `dateUpdated` datetime DEFAULT NULL,
  PRIMARY KEY (`traineeID`),
  UNIQUE KEY `email` (`email`),
  KEY `ix004` (`institutionID`),
  KEY `fk004` (`institutionID`),
  KEY `fk004a` (`companyID`),
  KEY `ix004C` (`cityID`),
  KEY `fk004c` (`cityID`),
  KEY `ix004D` (`trainingClassID`),
  KEY `fk004D` (`trainingClassID`),
  KEY `ix004ff` (`administratorID`),
  KEY `fk004xx` (`administratorID`)
) ENGINE=InnoDB  DEFAULT CHARSET=latin1 AUTO_INCREMENT=152 ;

--
-- Dumping data for table `trainee`
--

INSERT INTO `trainee` (`traineeID`, `firstName`, `middleName`, `lastName`, `email`, `cellphone`, `dateRegistered`, `gender`, `institutionID`, `companyID`, `IDNumber`, `address`, `cityID`, `trainingClassID`, `password`, `activeFlag`, `administratorID`, `GCMRegistrationID`, `dateUpdated`) VALUES
(25, 'Barack Hussein', NULL, 'Obama', 'barack123@gmail.com', '0778556633', '2013-10-21 15:37:49', 1, NULL, 1, NULL, NULL, 1, 1, 'dev', NULL, NULL, NULL, NULL),
(86, 'William T', NULL, 'Maluleke', 'William.Maluleke1@gmail.com', '0828006369', '2013-10-24 01:44:56', 1, NULL, 1, NULL, NULL, 3, 1, 'trainee', NULL, NULL, NULL, NULL),
(87, 'Omar James', NULL, 'Black', 'Omar.Black2@gmail.com', '0999990000', '2013-10-24 01:45:02', 1, NULL, 1, NULL, NULL, 2, 1, 'trainee', NULL, NULL, NULL, NULL),
(88, 'Samuel', NULL, 'Zulu', 'Samuel.Zulu3@gmail.com', '0999990000', '2013-10-24 01:45:03', 1, NULL, 1, NULL, NULL, 1, 1, 'trainee', NULL, NULL, NULL, NULL),
(89, 'Bobby', NULL, 'Ringane', 'Bobby.Ringane4@gmail.com', '0999990000', '2013-10-24 01:45:04', 1, NULL, 1, NULL, NULL, 2, 1, 'trainee', NULL, NULL, NULL, NULL),
(90, 'Bakithi', NULL, 'Ngobeni', 'Bakithi.Ngobeni5@gmail.com', '0999990000', '2013-10-24 01:45:04', 1, NULL, 1, NULL, NULL, 3, 1, 'trainee', NULL, NULL, NULL, NULL),
(91, 'Jean', NULL, 'Venter', 'Jean.Venter6@gmail.com', '0999990000', '2013-10-24 01:45:05', 2, NULL, 1, NULL, NULL, 1, 1, 'trainee', NULL, NULL, NULL, NULL),
(92, 'Bennie Bam', NULL, 'Mathebula', 'Bennie.Mathebula7@gmail.com', '0999990000', '2013-10-24 01:45:05', 1, NULL, 1, NULL, NULL, 2, 1, 'trainee', NULL, NULL, NULL, NULL),
(93, 'Robert', NULL, 'Phiri', 'Robert.Phiri8@gmail.com', '0999990000', '2013-10-24 01:45:06', 1, NULL, 1, NULL, NULL, 1, 1, 'trainee', NULL, NULL, NULL, NULL),
(94, 'Obakeng', NULL, 'Nkosi', 'Obakeng.Nkosi9@gmail.com', '0999990000', '2013-10-24 01:45:06', 1, NULL, 1, NULL, NULL, 2, 1, 'trainee', NULL, NULL, NULL, NULL),
(95, 'Robert S', NULL, 'Bodibe', 'Robert.Bodibe10@gmail.com', '0999990000', '2013-10-24 01:45:07', 1, NULL, 1, NULL, NULL, 3, 1, 'trainee', NULL, NULL, NULL, NULL),
(96, 'Harry Charles', NULL, 'Ntemi', 'Harry.Ntemi11@gmail.com', '0999990000', '2013-10-24 01:45:08', 1, NULL, 1, NULL, NULL, 1, 1, 'trainee', NULL, NULL, NULL, NULL),
(97, 'Jack Daniel', NULL, 'Ntemi', 'Jack.Ntemi12@gmail.com', '0999990000', '2013-10-24 01:45:08', 1, NULL, 1, NULL, NULL, 3, 1, 'trainee', NULL, NULL, NULL, NULL),
(98, 'MacDonald', NULL, 'Thobane', 'macDonald.thobane13@gmail.com', '0999990000', '2013-10-24 01:45:09', 1, NULL, 1, NULL, NULL, 1, 1, 'trainee', NULL, NULL, NULL, NULL),
(99, 'Sipho', NULL, 'Ringane', 'Sipho.Ringane14@gmail.com', '0999990000', '2013-10-24 01:45:10', 1, NULL, 1, NULL, NULL, 1, 1, 'trainee', NULL, NULL, NULL, NULL),
(100, 'Shane', NULL, 'Gray', 'Shane.Gray1@gmail.com', '0999990000', '2013-10-24 02:05:23', 1, NULL, 1, NULL, NULL, 1, 2, 'trainee', NULL, NULL, NULL, NULL),
(101, 'Mark', NULL, 'Gray', 'Mark.Gray2@gmail.com', '0999990000', '2013-10-24 02:05:25', 1, NULL, 1, NULL, NULL, 1, 2, 'trainee', NULL, NULL, NULL, NULL),
(102, 'Noonan', NULL, 'Ngwenya', 'Noonan.Ngwenya3@gmail.com', '0999990000', '2013-10-24 02:05:26', 1, NULL, 1, NULL, NULL, 1, 2, 'trainee', NULL, NULL, NULL, NULL),
(103, 'Vusi', NULL, 'Ntemi', 'Vusi.Ntemi4@gmail.com', '0999990000', '2013-10-24 02:05:27', 1, NULL, 1, NULL, NULL, 1, 2, 'trainee', NULL, NULL, NULL, NULL),
(104, 'Bakithi', NULL, 'Thobela', 'Bakithi.Thobela5@gmail.com', '0999990000', '2013-10-24 02:05:28', 1, NULL, 1, NULL, NULL, 1, 2, 'trainee', NULL, NULL, NULL, NULL),
(105, 'Oupa', NULL, 'Ntemi', 'Oupa.Ntemi6@gmail.com', '0999990000', '2013-10-24 02:05:29', 1, NULL, 1, NULL, NULL, 1, 2, 'trainee', NULL, NULL, NULL, NULL),
(106, 'Jonty', NULL, 'Fumani', 'Jonty.Fumani7@gmail.com', '0999990000', '2013-10-24 02:05:30', 1, NULL, 1, NULL, NULL, 1, 2, 'trainee', NULL, NULL, NULL, NULL),
(107, 'Jeremiah', NULL, 'Maleho', 'Jeremiah.Maleho8@gmail.com', '0999990000', '2013-10-24 02:05:31', 1, NULL, 1, NULL, NULL, 1, 2, 'trainee', NULL, NULL, NULL, NULL),
(108, 'Andrew', NULL, 'Marule', 'Andrew.Marule9@gmail.com', '0999990000', '2013-10-24 02:05:32', 1, NULL, 1, NULL, NULL, 1, 2, 'trainee', NULL, NULL, NULL, NULL),
(109, 'Johnny', NULL, 'Thobela', 'Johnny.Thobela10@gmail.com', '0999990000', '2013-10-24 02:05:33', 1, NULL, 1, NULL, NULL, 1, 2, 'trainee', NULL, NULL, NULL, NULL),
(110, 'Newton', NULL, 'Ringane', 'Newton.Ringane11@gmail.com', '0999990000', '2013-10-24 02:05:34', 1, NULL, 1, NULL, NULL, 1, 2, 'trainee', NULL, NULL, NULL, NULL),
(111, 'Caleb', NULL, 'Bodibe', 'Caleb.Bodibe12@gmail.com', '0999990000', '2013-10-24 02:05:35', 1, NULL, 1, NULL, NULL, 1, 2, 'trainee', NULL, NULL, NULL, NULL),
(112, 'McLean', NULL, 'Ringane', 'McLean.Ringane13@gmail.com', '0999990000', '2013-10-24 02:05:36', 1, NULL, 1, NULL, NULL, 1, 2, 'trainee', NULL, NULL, NULL, NULL),
(113, 'Jerry', NULL, 'Bala', 'Jerry.Bala14@gmail.com', '0999990000', '2013-10-24 02:05:37', 1, NULL, 1, NULL, NULL, 1, 2, 'trainee', NULL, NULL, NULL, NULL),
(115, 'Cheri', NULL, 'Bamuza-Smith', 'someemail@gmail.com', '0712196532', '2013-11-18 00:23:26', 2, NULL, 1, NULL, NULL, 3, 1, 'dev', NULL, NULL, NULL, NULL),
(117, 'Tiger', NULL, 'Malabie', 'aubrey.malabie@gmail.com', '0712193543', '2013-11-18 15:58:27', 1, NULL, 1, '8802035660085', '30 Kingfisher Drive, Pecanwood', 136, 1, 'kktiger3', NULL, NULL, NULL, '2014-03-15 16:21:52'),
(118, 'Portia ', NULL, 'Marule-Thamage', 'info.bohatmx@gmail.com', '0712193543', '2013-11-18 16:02:39', 2, NULL, 1, NULL, NULL, 2, 1, 'dev', NULL, NULL, NULL, NULL),
(119, 'Mmaphefo', NULL, 'Nkuna', 'mmaphefo@gmail.com', '085663321', '2014-02-16 02:25:49', 2, NULL, 1, NULL, NULL, 2, 3, NULL, NULL, NULL, NULL, NULL),
(120, 'Franklin', NULL, 'Bamuza', 'franklin.b@gmail.com', '0824111122', '2014-02-16 02:40:58', 1, NULL, 1, NULL, NULL, 2, 3, NULL, NULL, NULL, NULL, NULL),
(121, 'Jonathan', NULL, 'Dlamani', 'malengax@gmail.com', '0712335566', '2014-02-16 02:47:53', 1, NULL, 1, NULL, NULL, 2, 3, 'vmhg#572', NULL, NULL, NULL, NULL),
(124, 'Aubrey', NULL, 'Nkosi-Smythe', 'aubrey@mlab.co.za', '0712193544', '2014-02-16 03:14:34', 1, NULL, 1, NULL, NULL, 2, 3, 'hshn@466', NULL, NULL, NULL, NULL),
(125, 'Robert', NULL, 'Malenga', 'robet@gmail.com', '0784452211', '2014-02-26 22:19:51', 1, NULL, 25, NULL, NULL, 2, 12, 'fama$767', NULL, NULL, NULL, NULL),
(126, 'Joanne', NULL, 'Mngadi', 'j.mngadi@gmail.com', '0896653322', '2014-02-27 08:45:06', 2, NULL, 25, NULL, NULL, 3, 12, 'ndba$282', NULL, NULL, NULL, NULL),
(127, 'Abram', NULL, 'Chauke', 'abramchauke@gmail.com', '0875523636', '2014-02-27 12:25:24', 1, NULL, 25, NULL, NULL, 3, 14, 'bnss#321', NULL, NULL, NULL, NULL),
(129, 'Thokozile', NULL, 'Majola-Snyder', 'thokozile.mse@gmail.com', '0875523636', '2014-02-27 12:30:15', 2, NULL, 25, NULL, NULL, 1, 19, 'yryl$255', NULL, NULL, NULL, NULL),
(130, 'Ellen', NULL, 'Bodibe', 'ebodibe.m@gmail.com', '0825663236', '2014-02-27 21:21:33', 2, NULL, 27, NULL, NULL, 3, 22, 'adsb#156', NULL, NULL, NULL, NULL),
(131, 'Daniel', NULL, 'Khoza', 'dkhoza.m@gmail.com', '0825559999', '2014-02-28 05:54:27', 1, NULL, 27, NULL, NULL, 2, 20, 'wxfk@411', NULL, NULL, NULL, NULL),
(132, 'Aubrey', NULL, 'Maluleke', 'malengadev@gmail.com', '0986653322', '2014-03-01 06:39:16', 1, NULL, 1, NULL, NULL, 3, 3, 'fyjp$685', NULL, NULL, NULL, NULL),
(133, 'Jacques', NULL, 'Venter', 'jac.vm@gmail.com', '0825586969', '2014-03-03 07:13:16', 1, NULL, 1, NULL, NULL, 2, 4, 'esyw$686', NULL, NULL, NULL, NULL),
(134, 'Wendy Wench', NULL, 'Weir', 'wendysweir.c@gmail.com', '0774441112', '2014-03-03 07:38:47', 2, NULL, 1, NULL, NULL, 3, 4, 'yylx@667', NULL, NULL, NULL, NULL),
(135, 'Maria', NULL, 'Mathebula', 'm.mathebu@gmail.com', '0885656569', '2014-03-03 07:40:55', 2, NULL, 1, NULL, NULL, 1, 4, 'pugs@443', NULL, NULL, NULL, NULL),
(136, 'Jennifer', NULL, 'Zondi', 'jenn.zo@gmail.com', '099885632', '2014-03-03 07:42:20', 2, NULL, 1, NULL, NULL, 1, 4, 'sdrw$588', NULL, NULL, NULL, NULL),
(137, 'Jackson Mthembu', NULL, 'Bala', 'jacksob.mthembu@gmail.com', '0774552121', '2014-03-09 13:39:48', 1, NULL, 1, NULL, NULL, 3, 1, 'qwmv$746', NULL, NULL, NULL, NULL),
(138, 'Sipho', NULL, 'Xaba', 'rulanho@gmail.com', '0761234567', '2014-03-12 16:27:20', 1, NULL, 28, NULL, NULL, 3, 25, 'gabf$146', NULL, NULL, NULL, NULL),
(139, 'Jonathan', NULL, 'Zuckerberg', 'zuck.j@gmail.com', '0889963322', '2014-03-15 18:32:36', 1, NULL, 1, NULL, NULL, 54, 1, NULL, NULL, NULL, NULL, NULL),
(140, 'Bokgabane', NULL, 'Thamae', 'bokgabane@gmail.com', '0996635252', '2014-03-15 18:33:57', 2, NULL, 1, NULL, NULL, 39, 1, 'dev', NULL, 1, NULL, NULL),
(141, 'Rulani', NULL, 'Nevhufumba', 'rulani@mlab.co.za', '0831476982', '2014-03-17 12:58:17', 1, NULL, 28, NULL, NULL, 8, 25, 'jswv@766', NULL, NULL, NULL, NULL),
(142, 'Tshiwela', NULL, 'Tshivhasa', 'tshiwela@gmail.com', '0720846312', '2014-03-17 13:00:20', 2, NULL, 28, NULL, NULL, 33, 25, NULL, NULL, NULL, NULL, NULL),
(143, 'Christiaan', NULL, 'Tshilenga', 'tctshilenga@passriview.co.za', '0831234567', '2014-03-17 13:10:24', 1, NULL, 28, NULL, NULL, 95, 26, NULL, NULL, NULL, NULL, NULL),
(144, 'Helen', NULL, 'Booysen', 'biioo@gmail.com', '0845552322', '2014-03-19 09:51:09', 2, NULL, 1, NULL, NULL, 248, 6, 'xhpr$847', NULL, NULL, NULL, NULL),
(145, 'Desiree', NULL, 'Bopape', 'desiree.bop@gmail.com', '0845552322', '2014-03-19 10:10:56', 2, NULL, 1, NULL, NULL, 254, 6, 'trfs$272', NULL, NULL, NULL, NULL),
(146, 'Daniella', NULL, 'Bamuza', 'dan.bsm@gmsil.com', '099666335', '2014-03-19 10:47:21', 2, NULL, 1, NULL, NULL, 15, 6, 'ugja#468', NULL, NULL, NULL, NULL),
(147, 'Obakeng ', NULL, 'Matlhoko', 'obby.matlhoko@gmail.com', '0844685723', '2014-03-25 15:26:08', 1, NULL, 1, NULL, NULL, 19, 3, 'ygpv$631', NULL, NULL, NULL, NULL),
(148, 'Test', NULL, 'Trainee', 'info@sowertech.com', '0817366150', '2014-03-31 09:41:35', 2, NULL, 1, NULL, NULL, 277, 28, 'cdvx$853', NULL, NULL, NULL, NULL),
(151, 'Test 2.1', NULL, 'Trainee 2.1', 'train@gmail.com', '0113942434', '2014-03-31 22:53:18', 1, NULL, 1, NULL, NULL, 2, 29, 'vcfq$785', NULL, NULL, NULL, NULL);

-- --------------------------------------------------------

--
-- Table structure for table `traineeEquipment`
--

CREATE TABLE IF NOT EXISTS `traineeEquipment` (
  `traineeEquipmentID` int(10) unsigned NOT NULL AUTO_INCREMENT,
  `traineeID` int(10) unsigned NOT NULL,
  `inventoryID` int(10) unsigned NOT NULL,
  `dateRegistered` datetime DEFAULT NULL,
  `dateReturned` datetime DEFAULT NULL,
  `conditionFlag` int(11) DEFAULT NULL,
  `administratorID` int(10) unsigned DEFAULT NULL,
  PRIMARY KEY (`traineeEquipmentID`),
  KEY `ixtr` (`traineeID`),
  KEY `ixeq` (`inventoryID`),
  KEY `fkadm` (`administratorID`)
) ENGINE=InnoDB  DEFAULT CHARSET=latin1 AUTO_INCREMENT=100 ;

--
-- Dumping data for table `traineeEquipment`
--

INSERT INTO `traineeEquipment` (`traineeEquipmentID`, `traineeID`, `inventoryID`, `dateRegistered`, `dateReturned`, `conditionFlag`, `administratorID`) VALUES
(1, 92, 23, '2014-02-22 03:12:06', '2014-02-22 14:26:42', 0, 1),
(2, 117, 23, '2014-02-22 03:15:16', '2014-02-22 14:29:45', 0, 1),
(3, 115, 23, '2014-02-22 10:41:50', '2014-02-22 14:33:44', 0, 1),
(4, 124, 23, '2014-02-22 10:59:45', '2014-02-22 14:35:33', 0, 1),
(5, 86, 23, '2014-02-22 11:12:57', '2014-02-22 15:10:43', 0, 1),
(6, 87, 23, '2014-02-22 15:14:04', '2014-02-22 15:28:15', 0, 1),
(7, 87, 23, '2014-02-22 15:27:42', '2014-02-22 17:09:51', 0, 1),
(8, 117, 1, '2014-02-22 16:45:18', '2014-02-22 16:46:04', 0, 1),
(9, 25, 1, '2014-02-22 16:46:19', '2014-02-22 16:52:49', 0, 1),
(10, 118, 3, '2014-02-22 16:53:38', '2014-02-22 16:54:37', 1, 1),
(11, 93, 3, '2014-02-22 16:55:09', '2014-02-22 23:40:39', 0, 1),
(12, 95, 1, '2014-02-22 16:56:03', '2014-02-22 23:39:20', 1, 1),
(13, 115, 2, '2014-02-22 16:56:28', '2014-02-22 23:40:02', 0, 1),
(14, 94, 4, '2014-02-22 16:57:08', '2014-02-22 23:41:47', 1, 1),
(15, 97, 6, '2014-02-22 16:57:38', '2014-02-22 23:45:16', 0, 1),
(16, 99, 7, '2014-02-22 16:58:04', '2014-02-22 16:59:41', 0, 1),
(17, 117, 9, '2014-02-22 16:58:41', NULL, NULL, 1),
(18, 96, 8, '2014-02-22 16:59:12', '2014-02-22 23:38:41', 0, 1),
(19, 91, 7, '2014-02-22 17:00:12', '2014-02-22 23:42:26', 0, 1),
(20, 87, 23, '2014-02-22 17:09:57', '2014-02-22 17:10:39', 0, 1),
(21, 92, 23, '2014-02-22 17:11:05', '2014-02-23 14:03:47', 0, 1),
(22, 98, 24, '2014-02-22 17:16:13', '2014-02-22 17:16:25', 0, 1),
(23, 88, 24, '2014-02-22 17:16:43', '2014-02-22 17:17:05', 0, 1),
(24, 115, 24, '2014-02-22 17:17:26', '2014-02-24 02:08:09', 0, 1),
(25, 99, 17, '2014-02-22 19:37:27', '2014-02-24 02:17:18', 0, 1),
(26, 117, 18, '2014-02-22 19:37:56', '2014-02-24 01:02:25', 0, 1),
(27, 87, 19, '2014-02-22 19:38:17', '2014-02-24 02:17:52', 0, 1),
(28, 25, 20, '2014-02-22 19:38:41', '2014-02-24 02:11:10', 0, 1),
(29, 88, 21, '2014-02-22 19:39:13', '2014-02-23 13:59:26', 0, 1),
(30, 91, 22, '2014-02-22 19:39:37', '2014-02-24 02:10:32', 0, 1),
(31, 87, 8, '2014-02-22 23:38:54', '2014-02-22 23:43:11', 0, 1),
(32, 118, 1, '2014-02-22 23:39:37', NULL, NULL, 1),
(33, 90, 2, '2014-02-22 23:40:19', NULL, NULL, 1),
(34, 98, 3, '2014-02-22 23:40:58', NULL, NULL, 1),
(35, 91, 4, '2014-02-22 23:42:01', NULL, NULL, 1),
(36, 86, 7, '2014-02-22 23:42:40', '2014-02-23 07:49:26', 0, 1),
(37, 92, 8, '2014-02-22 23:43:24', NULL, NULL, 1),
(38, 118, 25, '2014-02-23 07:14:59', '2014-02-23 16:12:36', 0, 1),
(39, 115, 26, '2014-02-23 07:15:31', '2014-02-23 14:44:54', 0, 1),
(40, 95, 27, '2014-02-23 07:15:57', '2014-02-23 15:22:59', 0, 1),
(41, 98, 28, '2014-02-23 07:16:28', '2014-02-23 15:06:53', 0, 1),
(42, 25, 7, '2014-02-23 07:49:40', '2014-02-23 13:30:31', 1, 1),
(43, 117, 7, '2014-02-23 13:31:00', NULL, NULL, 1),
(44, 118, 21, '2014-02-23 13:59:44', '2014-02-23 14:31:28', 0, 1),
(45, 115, 21, '2014-02-23 14:31:54', '2014-02-24 02:18:28', 0, 1),
(46, 87, 26, '2014-02-23 14:45:12', '2014-02-23 14:57:05', 0, 1),
(47, 117, 28, '2014-02-23 15:07:17', '2014-02-24 02:19:36', 0, 1),
(48, 89, 27, '2014-02-23 15:23:31', '2014-02-23 15:52:34', 0, 1),
(49, 118, 27, '2014-02-23 15:52:57', '2014-02-24 02:19:59', 0, 1),
(50, 117, 30, '2014-02-23 15:54:20', '2014-02-24 01:00:29', 0, 1),
(51, 90, 29, '2014-02-23 15:55:37', '2014-02-24 00:59:09', 0, 1),
(52, 91, 25, '2014-02-23 16:12:53', '2014-02-24 01:16:50', 0, 1),
(53, 93, 29, '2014-02-24 00:59:27', '2014-02-24 02:19:13', 0, 1),
(54, 118, 30, '2014-02-24 01:00:49', '2014-02-24 02:09:21', 0, 1),
(55, 92, 18, '2014-02-24 01:02:41', '2014-02-24 02:16:42', 0, 1),
(56, 98, 25, '2014-02-24 01:17:01', '2014-02-24 02:20:41', 0, 1),
(57, 124, 24, '2014-02-24 02:08:25', '2014-02-24 02:21:22', 0, 1),
(58, 87, 30, '2014-02-24 02:09:41', '2014-02-24 02:18:56', 0, 1),
(59, 119, 22, '2014-02-24 02:10:46', '2014-02-24 02:21:58', 0, 1),
(60, 86, 23, '2014-02-24 02:11:54', '2014-02-24 02:22:21', 0, 1),
(61, 92, 17, '2014-02-24 02:23:00', NULL, NULL, 1),
(62, 87, 18, '2014-02-24 02:23:23', NULL, NULL, 1),
(63, 95, 19, '2014-02-24 02:23:53', NULL, NULL, 1),
(64, 115, 20, '2014-02-24 02:24:27', '2014-03-17 16:34:37', 0, 1),
(65, 99, 21, '2014-02-24 02:25:14', '2014-02-25 07:40:15', 0, 1),
(66, 91, 22, '2014-02-24 02:25:46', '2014-03-17 02:11:04', 0, 1),
(67, 117, 23, '2014-02-24 02:26:26', '2014-02-24 20:29:21', 0, 1),
(68, 118, 24, '2014-02-24 02:27:00', '2014-02-25 22:51:58', 0, 1),
(69, 90, 25, '2014-02-24 02:27:33', '2014-02-24 20:30:03', 0, 1),
(70, 89, 26, '2014-02-24 02:28:21', '2014-03-26 22:36:44', 0, 1),
(71, 88, 27, '2014-02-24 02:28:50', '2014-03-15 02:13:58', 0, 1),
(72, 96, 28, '2014-02-24 02:29:21', '2014-03-15 02:28:58', 0, 1),
(73, 94, 29, '2014-02-24 02:29:47', NULL, NULL, 1),
(74, 97, 30, '2014-02-24 02:30:20', '2014-03-18 16:33:24', 0, 1),
(75, 93, 25, '2014-02-24 20:30:26', '2014-03-09 04:39:38', 0, 1),
(76, 117, 21, '2014-02-25 07:40:40', NULL, NULL, 1),
(77, 131, 41, '2014-03-01 01:31:30', NULL, NULL, 17),
(78, 130, 42, '2014-03-01 01:33:15', NULL, NULL, 17),
(79, 117, 25, '2014-03-09 04:39:55', '2014-03-17 18:08:13', 0, 1),
(80, 86, 5, '2014-03-11 11:58:39', NULL, NULL, NULL),
(81, 118, 45, '2014-03-11 12:01:57', '2014-03-20 02:05:05', 0, 1),
(82, 115, 23, '2014-03-11 14:50:26', '2014-03-11 14:51:23', 0, 1),
(83, 87, 43, '2014-03-11 15:30:45', '2014-03-11 15:31:02', 0, 1),
(84, 117, 43, '2014-03-11 15:31:16', '2014-03-26 01:27:38', 0, 1),
(85, 117, 22, '2014-03-17 02:11:19', NULL, NULL, 1),
(86, 138, 47, '2014-03-17 12:46:15', '2014-03-17 13:13:16', 1, 18),
(87, 90, 20, '2014-03-17 16:34:54', NULL, NULL, 1),
(88, 137, 30, '2014-03-18 16:33:38', '2014-03-20 13:59:32', 0, 1),
(89, 132, 45, '2014-03-20 02:05:32', NULL, NULL, 1),
(90, 108, 30, '2014-03-20 13:59:56', '2014-03-24 22:48:50', 1, 22),
(91, 119, 30, '2014-03-24 22:49:14', '2014-03-26 01:33:34', 0, 1),
(92, 104, 28, '2014-03-25 12:49:03', '2014-03-25 12:49:25', 0, 22),
(93, 117, 43, '2014-03-26 01:27:44', '2014-03-26 01:27:59', 0, 1),
(94, 120, 43, '2014-03-26 01:28:16', NULL, NULL, 1),
(95, 102, 30, '2014-03-26 01:34:22', NULL, NULL, 1),
(96, 109, 25, '2014-03-26 22:33:35', '2014-03-30 05:35:58', 0, 1),
(97, 117, 26, '2014-03-26 22:37:03', NULL, NULL, 1),
(98, 107, 25, '2014-03-30 05:36:54', '2014-04-02 23:28:12', 0, 1),
(99, 135, 25, '2014-04-02 23:28:27', NULL, NULL, 1);

-- --------------------------------------------------------

--
-- Table structure for table `traineeRating`
--

CREATE TABLE IF NOT EXISTS `traineeRating` (
  `traineeRatingID` int(10) unsigned NOT NULL AUTO_INCREMENT,
  `courseTraineeActivityID` int(10) unsigned NOT NULL,
  `ratingID` int(10) unsigned NOT NULL,
  `dateUpdated` datetime NOT NULL,
  `comment` text,
  `traineeID` int(10) unsigned NOT NULL,
  PRIMARY KEY (`traineeRatingID`),
  KEY `ixz00` (`courseTraineeActivityID`),
  KEY `ixz01` (`ratingID`),
  KEY `fkcc1` (`courseTraineeActivityID`),
  KEY `fkcc2` (`ratingID`),
  KEY `ixz03` (`traineeID`),
  KEY `fkcc3` (`traineeID`)
) ENGINE=InnoDB  DEFAULT CHARSET=latin1 AUTO_INCREMENT=279 ;

--
-- Dumping data for table `traineeRating`
--

INSERT INTO `traineeRating` (`traineeRatingID`, `courseTraineeActivityID`, `ratingID`, `dateUpdated`, `comment`, `traineeID`) VALUES
(194, 26445, 1, '2014-03-06 19:41:57', NULL, 117),
(195, 25841, 1, '2014-03-06 19:42:18', NULL, 117),
(196, 26133, 3, '2014-03-06 19:42:33', NULL, 117),
(197, 25689, 4, '2014-03-06 19:42:52', NULL, 117),
(198, 26205, 1, '2014-03-06 19:43:07', NULL, 117),
(199, 26369, 4, '2014-03-06 19:43:18', NULL, 117),
(200, 25111, 1, '2014-03-06 19:43:37', NULL, 117),
(201, 25194, 3, '2014-03-06 19:44:01', NULL, 117),
(202, 25166, 1, '2014-03-06 19:44:28', NULL, 117),
(203, 25940, 1, '2014-03-06 19:50:33', NULL, 117),
(204, 25863, 1, '2014-03-06 19:50:44', NULL, 117),
(205, 25061, 3, '2014-03-06 19:50:52', NULL, 117),
(206, 26258, 2, '2014-03-06 19:51:12', NULL, 117),
(207, 25538, 2, '2014-03-06 19:51:20', NULL, 117),
(208, 25541, 1, '2014-03-06 19:51:30', NULL, 117),
(209, 24862, 4, '2014-03-06 20:00:04', NULL, 117),
(210, 25547, 4, '2014-03-06 20:02:11', NULL, 117),
(211, 25122, 4, '2014-03-06 20:02:24', NULL, 117),
(212, 25890, 4, '2014-03-06 20:03:00', NULL, 117),
(213, 25528, 4, '2014-03-06 20:03:16', NULL, 117),
(214, 25339, 3, '2014-03-06 20:03:46', NULL, 117),
(215, 25142, 5, '2014-03-06 20:04:10', NULL, 117),
(216, 25693, 4, '2014-03-06 20:11:19', NULL, 117),
(217, 25982, 1, '2014-03-06 20:11:37', NULL, 117),
(218, 26299, 2, '2014-03-06 20:11:53', NULL, 117),
(219, 25667, 1, '2014-03-06 20:27:07', NULL, 117),
(220, 25376, 1, '2014-03-07 09:51:22', NULL, 117),
(221, 25112, 2, '2014-03-07 09:51:45', NULL, 117),
(222, 25877, 2, '2014-03-07 09:52:04', NULL, 117),
(223, 25443, 1, '2014-03-07 09:52:46', NULL, 117),
(224, 26077, 2, '2014-03-07 09:53:11', NULL, 117),
(225, 24848, 2, '2014-03-08 13:46:59', NULL, 117),
(226, 25076, 1, '2014-03-08 13:47:09', NULL, 117),
(227, 25142, 2, '2014-03-08 13:47:21', NULL, 117),
(228, 25841, 2, '2014-03-08 13:47:40', NULL, 117),
(229, 25071, 1, '2014-03-08 14:17:31', NULL, 117),
(230, 25432, 1, '2014-03-08 14:17:41', NULL, 117),
(231, 25828, 1, '2014-03-08 14:17:55', NULL, 117),
(232, 24886, 1, '2014-03-08 20:16:32', NULL, 117),
(233, 25018, 2, '2014-03-08 20:16:46', NULL, 117),
(234, 25026, 1, '2014-03-08 20:16:59', NULL, 117),
(235, 25256, 4, '2014-03-08 20:17:09', NULL, 117),
(236, 25124, 4, '2014-03-08 20:49:59', NULL, 117),
(237, 25244, 4, '2014-03-08 20:50:08', NULL, 117),
(238, 25675, 1, '2014-03-08 20:50:20', NULL, 117),
(239, 27749, 1, '2014-03-08 20:50:38', NULL, 117),
(240, 27752, 1, '2014-03-08 20:50:45', NULL, 117),
(241, 25183, 2, '2014-03-08 21:02:21', NULL, 117),
(242, 26289, 1, '2014-03-08 21:02:29', NULL, 117),
(243, 25112, 7, '2014-03-14 20:15:21', NULL, 117),
(244, 24984, 2, '2014-03-14 20:22:39', NULL, 117),
(245, 26126, 4, '2014-03-14 20:23:01', NULL, 117),
(246, 24873, 1, '2014-03-14 20:23:59', NULL, 117),
(247, 24873, 2, '2014-03-14 20:24:46', NULL, 117),
(248, 25516, 1, '2014-03-14 21:09:12', NULL, 117),
(249, 25516, 1, '2014-03-14 21:09:24', NULL, 117),
(250, 25092, 1, '2014-03-14 21:09:51', NULL, 117),
(251, 26166, 4, '2014-03-14 21:10:05', NULL, 117),
(252, 24873, 3, '2014-03-14 21:10:28', NULL, 117),
(253, 26020, 7, '2014-03-14 21:16:47', NULL, 117),
(254, 24847, 2, '2014-03-14 21:17:16', NULL, 117),
(255, 25048, 5, '2014-03-14 21:17:36', NULL, 117),
(256, 25857, 4, '2014-03-14 21:18:06', NULL, 117),
(257, 26252, 1, '2014-03-14 21:19:33', NULL, 117),
(258, 25313, 4, '2014-03-14 21:26:14', NULL, 117),
(259, 25313, 1, '2014-03-14 21:26:31', NULL, 117),
(260, 25124, 5, '2014-03-14 22:46:43', NULL, 117),
(261, 27749, 4, '2014-03-14 22:47:09', NULL, 117),
(262, 25112, 1, '2014-03-17 16:41:10', NULL, 117),
(263, 24847, 1, '2014-03-20 14:18:17', NULL, 117),
(264, 28798, 2, '2014-03-24 22:27:56', NULL, 132),
(265, 28838, 1, '2014-03-24 22:28:07', NULL, 132),
(266, 28837, 2, '2014-03-25 13:50:50', NULL, 132),
(267, 28903, 4, '2014-03-25 13:51:07', NULL, 132),
(268, 29003, 1, '2014-03-26 23:36:42', NULL, 132),
(269, 29026, 1, '2014-03-26 23:36:58', NULL, 132),
(270, 28823, 2, '2014-03-26 23:37:11', NULL, 132),
(271, 28898, 1, '2014-03-26 23:37:28', NULL, 132),
(272, 28906, 1, '2014-03-26 23:37:45', NULL, 132),
(273, 28923, 1, '2014-03-26 23:38:01', NULL, 132),
(274, 28823, 1, '2014-03-26 23:38:27', NULL, 132),
(275, 28898, 1, '2014-03-26 23:38:34', NULL, 132),
(276, 28906, 2, '2014-03-26 23:38:45', NULL, 132),
(277, 28835, 3, '2014-03-27 18:24:12', NULL, 132),
(278, 29032, 5, '2014-03-27 21:58:22', NULL, 132);

-- --------------------------------------------------------

--
-- Table structure for table `traineeShout`
--

CREATE TABLE IF NOT EXISTS `traineeShout` (
  `traineeShoutID` int(10) unsigned NOT NULL AUTO_INCREMENT,
  `traineeID` int(10) unsigned NOT NULL,
  `helpTypeID` int(10) unsigned NOT NULL,
  `dateRegistered` datetime NOT NULL,
  `remarks` varchar(255) NOT NULL,
  PRIMARY KEY (`traineeShoutID`),
  KEY `traineeID` (`traineeID`),
  KEY `helpTypeID` (`helpTypeID`)
) ENGINE=InnoDB DEFAULT CHARSET=latin1 AUTO_INCREMENT=1 ;

-- --------------------------------------------------------

--
-- Table structure for table `traineeStatus`
--

CREATE TABLE IF NOT EXISTS `traineeStatus` (
  `traineeStatusID` int(10) unsigned NOT NULL AUTO_INCREMENT,
  `traineeID` int(10) unsigned NOT NULL,
  `dateUpdated` datetime NOT NULL,
  `traineeStatusTypeID` int(10) unsigned NOT NULL,
  `remarks` text,
  PRIMARY KEY (`traineeStatusID`),
  KEY `ix040` (`traineeID`),
  KEY `ix041` (`traineeStatusTypeID`),
  KEY `fk040` (`traineeID`),
  KEY `fk041` (`traineeStatusTypeID`)
) ENGINE=InnoDB DEFAULT CHARSET=latin1 AUTO_INCREMENT=1 ;

-- --------------------------------------------------------

--
-- Table structure for table `traineeStatusType`
--

CREATE TABLE IF NOT EXISTS `traineeStatusType` (
  `traineeStatusTypeID` int(10) unsigned NOT NULL AUTO_INCREMENT,
  `traineeStatusTypeName` varchar(45) DEFAULT NULL,
  PRIMARY KEY (`traineeStatusTypeID`),
  UNIQUE KEY `ix030` (`traineeStatusTypeName`)
) ENGINE=InnoDB  DEFAULT CHARSET=latin1 AUTO_INCREMENT=6 ;

--
-- Dumping data for table `traineeStatusType`
--

INSERT INTO `traineeStatusType` (`traineeStatusTypeID`, `traineeStatusTypeName`) VALUES
(2, 'Dishounourable Discharge'),
(5, 'Dropped Out'),
(3, 'Registered'),
(4, 'Successful Completion'),
(1, 'Suspended');

-- --------------------------------------------------------

--
-- Table structure for table `trainingClass`
--

CREATE TABLE IF NOT EXISTS `trainingClass` (
  `trainingClassID` int(10) unsigned NOT NULL AUTO_INCREMENT,
  `trainingClassName` varchar(100) NOT NULL,
  `companyID` int(10) unsigned NOT NULL,
  `startDate` datetime NOT NULL,
  `endDate` datetime NOT NULL,
  `administratorID` int(10) unsigned NOT NULL,
  `isOpen` int(11) DEFAULT NULL,
  `calendarID` int(11) DEFAULT NULL,
  PRIMARY KEY (`trainingClassID`),
  KEY `fktcc` (`companyID`),
  KEY `fk1ad` (`administratorID`),
  KEY `fktrcla` (`administratorID`),
  KEY `ixtcc` (`companyID`,`trainingClassName`)
) ENGINE=InnoDB  DEFAULT CHARSET=latin1 AUTO_INCREMENT=30 ;

--
-- Dumping data for table `trainingClass`
--

INSERT INTO `trainingClass` (`trainingClassID`, `trainingClassName`, `companyID`, `startDate`, `endDate`, `administratorID`, `isOpen`, `calendarID`) VALUES
(1, 'Famous First Intake', 1, '2013-10-01 00:00:00', '2014-09-30 00:00:00', 1, 1, NULL),
(2, 'Second Intake 2014', 1, '2014-01-10 00:00:00', '2014-09-30 00:00:00', 1, 1, NULL),
(3, 'Fun Hacks Club', 1, '2014-02-02 15:55:08', '2014-07-30 15:55:08', 1, 1, NULL),
(4, 'Dead Trees Society', 1, '2014-02-02 15:57:22', '2014-03-02 15:57:22', 1, 1, NULL),
(5, 'The Legion Of Code', 1, '2014-06-02 16:21:26', '2014-11-30 16:21:26', 1, 1, NULL),
(6, 'Super Coders United', 1, '2014-08-02 16:45:35', '2015-01-31 16:45:35', 1, 1, NULL),
(7, 'Crazy Code Society', 1, '2014-02-02 17:15:55', '2015-02-02 17:15:55', 1, 1, NULL),
(8, 'Glory Seekers', 1, '2014-02-13 17:17:33', '2015-03-02 17:17:33', 1, 1, NULL),
(9, 'The Sorcerers', 1, '2014-02-02 18:14:16', '2015-02-02 18:14:16', 1, 1, NULL),
(10, 'The Best Hackers 2014', 1, '2014-02-15 23:45:45', '2015-02-15 23:45:45', 1, 1, NULL),
(12, 'The Code Slingers', 25, '2014-04-28 22:16:13', '2015-02-26 22:16:13', 14, 1, NULL),
(13, 'The Crazy Hacking Club', 25, '2014-03-01 08:48:34', '2015-01-26 08:48:34', 14, 1, NULL),
(14, 'Freaky Coders', 25, '2014-02-27 11:59:58', '2014-04-27 11:59:58', 14, 1, NULL),
(15, 'Last Train Bangers', 25, '2014-02-27 12:08:12', '2014-06-30 12:08:12', 14, 1, NULL),
(16, 'Winter Blues Devs', 25, '2014-06-27 12:14:11', '2015-02-27 12:14:11', 14, 1, NULL),
(17, 'Great Teamsters', 25, '2014-06-27 12:16:47', '2015-02-27 12:16:47', 14, 1, NULL),
(18, 'Coders Africa', 25, '2014-07-27 12:23:45', '2015-02-27 12:23:45', 14, 1, NULL),
(19, 'Brilliant Dev United', 25, '2014-07-27 12:27:54', '2015-02-27 12:27:54', 14, 1, NULL),
(20, 'Original Hacker Team', 27, '2014-02-27 21:06:58', '2015-06-27 21:06:58', 17, 1, NULL),
(21, 'Keyboard Stars', 27, '2014-02-26 21:18:43', '2014-07-25 21:18:43', 17, 1, NULL),
(22, 'Ladies Only HackTeam', 27, '2014-02-17 21:19:59', '2014-07-25 21:19:59', 17, 1, NULL),
(23, 'Viral Coders', 27, '2014-03-01 17:24:52', '2014-05-28 17:24:52', 17, 1, NULL),
(24, 'Daring United', 27, '2014-03-01 01:39:55', '2014-05-01 01:39:55', 17, 1, NULL),
(25, 'Creating First APP', 28, '2014-03-12 16:26:17', '2014-03-26 16:26:17', 18, 1, NULL),
(26, 'Test', 28, '2014-03-25 18:26:23', '2014-04-02 18:26:23', 18, 1, NULL),
(27, 'Tiger Hack United', 1, '2014-04-01 00:00:00', '2014-06-27 00:00:00', 1, 1, NULL),
(28, 'Test Class 1', 1, '2014-04-14 09:34:15', '2014-10-27 09:34:15', 22, 0, NULL),
(29, 'Test 2', 1, '2014-04-15 22:35:56', '2014-10-28 22:35:56', 22, 1, NULL);

-- --------------------------------------------------------

--
-- Table structure for table `trainingClassCourse`
--

CREATE TABLE IF NOT EXISTS `trainingClassCourse` (
  `trainingClassCourseID` int(10) unsigned NOT NULL AUTO_INCREMENT,
  `courseID` int(10) unsigned NOT NULL,
  `trainingClassID` int(10) unsigned NOT NULL,
  `dateUpdated` datetime DEFAULT NULL,
  `priorityFlag` int(11) DEFAULT NULL,
  `startDate` datetime DEFAULT NULL,
  `endDate` datetime DEFAULT NULL,
  PRIMARY KEY (`trainingClassCourseID`),
  UNIQUE KEY `trainingClassID` (`trainingClassID`,`courseID`),
  KEY `ixop` (`courseID`),
  KEY `ixop2` (`trainingClassID`),
  KEY `fkop` (`courseID`)
) ENGINE=InnoDB  DEFAULT CHARSET=latin1 AUTO_INCREMENT=85 ;

--
-- Dumping data for table `trainingClassCourse`
--

INSERT INTO `trainingClassCourse` (`trainingClassCourseID`, `courseID`, `trainingClassID`, `dateUpdated`, `priorityFlag`, `startDate`, `endDate`) VALUES
(1, 2, 1, '2013-10-01 00:00:00', 1, NULL, NULL),
(2, 3, 1, '2013-10-01 00:00:00', 2, NULL, NULL),
(3, 4, 1, '2013-10-01 00:00:00', 3, NULL, NULL),
(4, 5, 1, '2013-10-01 00:00:00', 4, NULL, NULL),
(5, 6, 1, '2013-10-01 00:00:00', 5, NULL, NULL),
(6, 7, 1, '2013-10-01 00:00:00', 6, NULL, NULL),
(7, 8, 1, '2013-10-01 00:00:00', 7, NULL, NULL),
(8, 9, 1, '2013-10-01 00:00:00', 8, NULL, NULL),
(9, 10, 1, '2013-10-01 00:00:00', 9, NULL, NULL),
(12, 2, 2, '2013-10-02 00:00:00', 1, NULL, NULL),
(13, 3, 2, '2013-10-02 00:00:00', 2, NULL, NULL),
(14, 4, 2, '2013-10-02 00:00:00', 3, NULL, NULL),
(15, 5, 2, '2013-10-02 00:00:00', 4, NULL, NULL),
(16, 6, 2, '2013-10-02 00:00:00', 5, NULL, NULL),
(17, 7, 2, '2013-10-02 00:00:00', 6, NULL, NULL),
(18, 8, 2, '2013-10-02 00:00:00', 7, NULL, NULL),
(19, 9, 2, '2013-10-02 00:00:00', 8, NULL, NULL),
(20, 10, 2, '2013-10-02 00:00:00', 9, NULL, NULL),
(22, 3, 3, '2014-02-03 01:29:56', NULL, NULL, NULL),
(23, 4, 3, '2014-02-03 01:29:56', NULL, NULL, NULL),
(24, 8, 3, '2014-02-03 01:29:56', NULL, NULL, NULL),
(25, 6, 3, '2014-02-03 01:29:56', NULL, NULL, NULL),
(26, 9, 3, '2014-02-03 01:29:56', NULL, NULL, NULL),
(27, 5, 3, '2014-02-03 01:29:56', NULL, NULL, NULL),
(28, 2, 3, '2014-02-03 01:29:56', NULL, NULL, NULL),
(29, 7, 3, '2014-02-03 01:29:56', NULL, NULL, NULL),
(30, 4, 4, '2014-02-03 01:30:59', NULL, NULL, NULL),
(31, 2, 4, '2014-02-03 01:30:59', NULL, NULL, NULL),
(32, 3, 4, '2014-02-03 01:30:59', NULL, NULL, NULL),
(33, 6, 4, '2014-02-03 01:31:59', NULL, NULL, NULL),
(34, 9, 5, '2014-02-03 01:44:14', NULL, NULL, NULL),
(35, 6, 5, '2014-02-03 01:44:14', NULL, NULL, NULL),
(36, 5, 5, '2014-02-03 01:44:14', NULL, NULL, NULL),
(37, 4, 5, '2014-02-03 01:44:14', NULL, NULL, NULL),
(38, 3, 5, '2014-02-03 01:56:03', NULL, NULL, NULL),
(39, 9, 6, '2014-02-03 02:08:36', NULL, NULL, NULL),
(40, 4, 6, '2014-02-03 02:08:36', NULL, NULL, NULL),
(41, 5, 6, '2014-02-03 02:08:36', NULL, NULL, NULL),
(42, 6, 6, '2014-02-03 02:08:36', NULL, NULL, NULL),
(43, 8, 6, '2014-02-03 02:08:36', NULL, NULL, NULL),
(44, 3, 6, '2014-02-03 02:08:36', NULL, NULL, NULL),
(45, 10, 6, '2014-02-03 02:08:36', NULL, NULL, NULL),
(46, 2, 6, '2014-02-03 02:08:36', NULL, NULL, NULL),
(47, 7, 6, '2014-02-03 02:08:36', NULL, NULL, NULL),
(48, 5, 9, '2014-02-03 03:02:05', NULL, NULL, NULL),
(49, 7, 9, '2014-02-03 03:02:05', NULL, NULL, NULL),
(50, 9, 9, '2014-02-03 03:02:05', NULL, NULL, NULL),
(51, 6, 9, '2014-02-03 03:02:05', NULL, NULL, NULL),
(52, 10, 9, '2014-02-03 03:02:05', NULL, NULL, NULL),
(53, 8, 9, '2014-02-03 03:02:05', NULL, NULL, NULL),
(54, 4, 9, '2014-02-03 03:13:27', NULL, NULL, NULL),
(55, 9, 8, '2014-02-03 03:18:46', NULL, NULL, NULL),
(56, 3, 8, '2014-02-03 03:18:46', NULL, NULL, NULL),
(57, 8, 8, '2014-02-03 03:18:46', NULL, NULL, NULL),
(58, 10, 8, '2014-02-03 03:18:46', NULL, NULL, NULL),
(59, 6, 8, '2014-02-03 03:18:46', NULL, NULL, NULL),
(60, 5, 8, '2014-02-03 03:18:46', NULL, NULL, NULL),
(61, 4, 8, '2014-02-03 03:18:46', NULL, NULL, NULL),
(63, 2, 8, '2014-02-03 03:18:46', NULL, NULL, NULL),
(64, 7, 8, '2014-02-03 03:18:46', NULL, NULL, NULL),
(65, 14, 1, '2014-03-02 16:48:04', NULL, NULL, NULL),
(66, 15, 1, '2014-03-02 18:11:16', NULL, NULL, NULL),
(67, 14, 2, '2014-03-02 20:00:49', NULL, NULL, NULL),
(68, 15, 2, '2014-03-02 20:00:49', NULL, NULL, NULL),
(69, 10, 4, '2014-03-03 08:26:04', NULL, NULL, NULL),
(70, 8, 4, '2014-03-03 08:26:04', NULL, NULL, NULL),
(72, 7, 4, '2014-03-03 08:26:04', NULL, NULL, NULL),
(73, 9, 4, '2014-03-03 08:26:04', NULL, NULL, NULL),
(74, 14, 4, '2014-03-03 08:26:28', NULL, NULL, NULL),
(75, 15, 4, '2014-03-03 08:26:28', NULL, NULL, NULL),
(77, 15, 3, '2014-03-03 08:43:46', NULL, NULL, NULL),
(78, 14, 3, '2014-03-03 08:43:46', NULL, NULL, NULL),
(79, 16, 1, '2014-03-03 09:06:38', NULL, NULL, NULL),
(80, 16, 2, '2014-03-04 16:05:48', NULL, NULL, NULL),
(81, 5, 4, '2014-03-24 22:12:38', NULL, NULL, NULL),
(82, 16, 4, '2014-03-24 22:12:38', NULL, NULL, NULL),
(83, 16, 3, '2014-03-24 22:22:04', NULL, NULL, NULL),
(84, 10, 3, '2014-03-24 22:22:04', NULL, NULL, NULL);

-- --------------------------------------------------------

--
-- Table structure for table `trainingClassEvent`
--

CREATE TABLE IF NOT EXISTS `trainingClassEvent` (
  `trainingClassEventID` int(10) unsigned NOT NULL AUTO_INCREMENT,
  `eventName` text,
  `description` text,
  `trainingClassID` int(10) unsigned NOT NULL,
  `dateRegistered` datetime NOT NULL,
  `location` text,
  `startDate` datetime NOT NULL,
  `endDate` datetime NOT NULL,
  `trainingClassCourseID` int(10) unsigned NOT NULL,
  PRIMARY KEY (`trainingClassEventID`),
  KEY `trainingClassID` (`trainingClassID`),
  KEY `trainingClassCourseID` (`trainingClassCourseID`)
) ENGINE=InnoDB  DEFAULT CHARSET=latin1 AUTO_INCREMENT=12 ;

--
-- Dumping data for table `trainingClassEvent`
--

INSERT INTO `trainingClassEvent` (`trainingClassEventID`, `eventName`, `description`, `trainingClassID`, `dateRegistered`, `location`, `startDate`, `endDate`, `trainingClassCourseID`) VALUES
(1, 'Location Dependent Apps\nObtain Google Play Services access', 'Beauty is more than skin deep. Android apps are sleek and aesthetically pleasing on multiple levels. Transitions are fast and clear; layout and typography are crisp and meaningful. App icons are works of art in their own right. Just like a well-made tool, your app should strive to combine beauty, simplicity and purpose to create a magical experience that is effortless and powerful.', 2, '2014-03-24 22:33:31', 'Boha Hacker Academy', '2014-03-26 09:30:00', '2014-03-26 17:30:00', 14),
(2, 'MySQL Database\nInstall MySQL Database', 'The course will use MySQL for most database operations', 4, '2014-03-25 13:30:09', 'Boha Hacker Academy', '2014-04-04 08:30:00', '2014-04-04 12:30:00', 75),
(3, 'Amazon Web Services AWS\nCreate instance of virtual server', 'Android apps make life easier and are easy to understand. When people use your app for the first time, they should intuitively grasp the most important features. The design work doesn''t stop at the first use, though. Android apps remove ongoing chores like file management and syncing. Simple tasks never require complex procedures, and complex tasks are tailored to the human hand and mind. People of all ages and cultures feel firmly in control, and are never overwhelmed by too many choices or irrelevant flash.', 3, '2014-03-25 13:41:24', 'Boha Hacker Academy', '2014-04-03 08:00:00', '2014-04-29 17:00:00', 25),
(4, 'Amazon Web Services AWS\nCreate instance of virtual server', 'Android apps make life easier and are easy to understand. When people use your app for the first time, they should intuitively grasp the most important features. The design work doesn''t stop at the first use, though. Android apps remove ongoing chores like file management and syncing. Simple tasks never require complex procedures, and complex tasks are tailored to the human hand and mind. People of all ages and cultures feel firmly in control, and are never overwhelmed by too many choices or irrelevant flash.', 4, '2014-03-25 15:05:08', 'Boha Hacker Academy', '2014-04-23 10:02:00', '2014-04-23 11:02:00', 33),
(5, 'BohaTMX Back End Platform Concepts\nTask 101', 'Android apps make life easier and are easy to understand. When people use your app for the first time, they should intuitively grasp the most important features. The design work doesn''t stop at the first use, though. Android apps remove ongoing chores like file management and syncing. Simple tasks never require complex procedures, and complex tasks are tailored to the human hand and mind. People of all ages and cultures feel firmly in control, and are never overwhelmed by too many choices or irrelevant flash.', 1, '2014-03-26 12:51:05', 'Boha Hacker Academy', '2014-03-27 10:00:00', '2014-03-27 14:00:00', 8),
(6, 'MySQL Database\nInstall MySQL Database', 'The course will use MySQL for most database operations', 4, '2014-03-26 23:25:09', 'Boha Hacker Academy', '2014-04-04 09:30:00', '2014-04-04 17:00:00', 75),
(7, 'CourseMaker Data Model\nCourseMaker Architecture overview', 'The data model for the CourseMaker forms the basis of all the data managed by the suite of mobile apps and the web application hosted in the cloud.', 4, '2014-03-26 23:25:41', 'Boha Hacker Academy', '2014-05-07 09:30:00', '2014-05-07 17:00:00', 82),
(8, 'Data Models\nLearn to use data modelling tools', 'Data modelling is the foundation for working with all kinds of data sets. The modelling process helps you understand your business or project and the data needed to support the initiative.', 3, '2014-03-27 15:10:59', 'Boha Hacker Academy', '2014-03-27 09:00:00', '2014-03-27 10:00:00', 78),
(9, 'CourseMaker Data Model\nCourseMaker Architecture overview', 'The data model for the CourseMaker forms the basis of all the data managed by the suite of mobile apps and the web application hosted in the cloud.', 2, '2014-03-27 22:54:54', 'Boha Hacker Academy', '2014-04-09 22:54:00', '2014-04-11 23:54:00', 80),
(10, 'CourseMaker Data Model\nCourseMaker Architecture overview', 'The data model for the CourseMaker forms the basis of all the data managed by the suite of mobile apps and the web application hosted in the cloud.', 3, '2014-03-30 05:42:23', 'Boha Hacker Academy', '2014-03-31 09:30:00', '2014-03-31 17:00:00', 83),
(11, 'Location Dependent Apps\nObtain Google Play Services access', 'Beauty is more than skin deep. Android apps are sleek and aesthetically pleasing on multiple levels. Transitions are fast and clear; layout and typography are crisp and meaningful. App icons are works of art in their own right. Just like a well-made tool, your app should strive to combine beauty, simplicity and purpose to create a magical experience that is effortless and powerful.', 2, '2014-04-07 12:03:46', 'Boha Hacker Academy', '2014-04-08 10:00:00', '2014-04-08 15:00:00', 14);

--
-- Constraints for dumped tables
--

--
-- Constraints for table `activity`
--
ALTER TABLE `activity`
  ADD CONSTRAINT `fk011` FOREIGN KEY (`lessonID`) REFERENCES `lesson` (`lessonID`) ON DELETE CASCADE ON UPDATE NO ACTION;

--
-- Constraints for table `administrator`
--
ALTER TABLE `administrator`
  ADD CONSTRAINT `fktcx00` FOREIGN KEY (`companyID`) REFERENCES `company` (`companyID`) ON DELETE CASCADE ON UPDATE NO ACTION;

--
-- Constraints for table `attendance`
--
ALTER TABLE `attendance`
  ADD CONSTRAINT `attendance_ibfk_1` FOREIGN KEY (`trainingClassID`) REFERENCES `trainingClass` (`trainingClassID`),
  ADD CONSTRAINT `attendance_ibfk_2` FOREIGN KEY (`traineeID`) REFERENCES `trainee` (`traineeID`);

--
-- Constraints for table `author`
--
ALTER TABLE `author`
  ADD CONSTRAINT `fgcv` FOREIGN KEY (`companyID`) REFERENCES `company` (`companyID`) ON DELETE NO ACTION ON UPDATE NO ACTION;

--
-- Constraints for table `category`
--
ALTER TABLE `category`
  ADD CONSTRAINT `category_ibfk_1` FOREIGN KEY (`companyID`) REFERENCES `company` (`companyID`) ON DELETE CASCADE ON UPDATE NO ACTION;

--
-- Constraints for table `city`
--
ALTER TABLE `city`
  ADD CONSTRAINT `fk550` FOREIGN KEY (`provinceID`) REFERENCES `province` (`provinceID`) ON DELETE NO ACTION ON UPDATE NO ACTION;

--
-- Constraints for table `company`
--
ALTER TABLE `company`
  ADD CONSTRAINT `fkb01` FOREIGN KEY (`cityID`) REFERENCES `city` (`cityID`) ON DELETE NO ACTION ON UPDATE NO ACTION;

--
-- Constraints for table `course`
--
ALTER TABLE `course`
  ADD CONSTRAINT `fkd90` FOREIGN KEY (`companyID`) REFERENCES `company` (`companyID`) ON DELETE NO ACTION ON UPDATE NO ACTION,
  ADD CONSTRAINT `fkd91` FOREIGN KEY (`categoryID`) REFERENCES `category` (`categoryID`) ON DELETE NO ACTION ON UPDATE NO ACTION;

--
-- Constraints for table `courseAuthor`
--
ALTER TABLE `courseAuthor`
  ADD CONSTRAINT `fk78` FOREIGN KEY (`authorID`) REFERENCES `author` (`authorID`) ON DELETE NO ACTION ON UPDATE NO ACTION,
  ADD CONSTRAINT `fk7878` FOREIGN KEY (`courseID`) REFERENCES `course` (`courseID`) ON DELETE NO ACTION ON UPDATE NO ACTION;

--
-- Constraints for table `courseTrainee`
--
ALTER TABLE `courseTrainee`
  ADD CONSTRAINT `courseTrainee_ibfk_1` FOREIGN KEY (`trainingClassCourseID`) REFERENCES `trainingClassCourse` (`trainingClassCourseID`),
  ADD CONSTRAINT `courseTrainee_ibfk_2` FOREIGN KEY (`traineeID`) REFERENCES `trainee` (`traineeID`),
  ADD CONSTRAINT `courseTrainee_ibfk_3` FOREIGN KEY (`ratingID`) REFERENCES `rating` (`ratingID`);

--
-- Constraints for table `courseTraineeActivity`
--
ALTER TABLE `courseTraineeActivity`
  ADD CONSTRAINT `courseTraineeActivity_ibfk_1` FOREIGN KEY (`courseTraineeID`) REFERENCES `courseTrainee` (`courseTraineeID`),
  ADD CONSTRAINT `courseTraineeActivity_ibfk_2` FOREIGN KEY (`activityID`) REFERENCES `activity` (`activityID`),
  ADD CONSTRAINT `courseTraineeActivity_ibfk_3` FOREIGN KEY (`ratingID`) REFERENCES `rating` (`ratingID`),
  ADD CONSTRAINT `courseTraineeActivity_ibfk_4` FOREIGN KEY (`lessonID`) REFERENCES `lesson` (`lessonID`);

--
-- Constraints for table `demoAnnouncement`
--
ALTER TABLE `demoAnnouncement`
  ADD CONSTRAINT `demoAnnouncement_ibfk_1` FOREIGN KEY (`trainingClassID`) REFERENCES `trainingClass` (`trainingClassID`),
  ADD CONSTRAINT `demoAnnouncement_ibfk_2` FOREIGN KEY (`traineeID`) REFERENCES `trainee` (`traineeID`),
  ADD CONSTRAINT `demoAnnouncement_ibfk_3` FOREIGN KEY (`teamID`) REFERENCES `team` (`teamID`);

--
-- Constraints for table `equipment`
--
ALTER TABLE `equipment`
  ADD CONSTRAINT `equipment_ibfk_1` FOREIGN KEY (`companyID`) REFERENCES `company` (`companyID`),
  ADD CONSTRAINT `equipment_ibfk_2` FOREIGN KEY (`administratorID`) REFERENCES `administrator` (`administratorID`);

--
-- Constraints for table `gcmDevice`
--
ALTER TABLE `gcmDevice`
  ADD CONSTRAINT `gcmDevice_ibfk_1` FOREIGN KEY (`administratorID`) REFERENCES `administrator` (`administratorID`),
  ADD CONSTRAINT `gcmDevice_ibfk_2` FOREIGN KEY (`authorID`) REFERENCES `author` (`authorID`),
  ADD CONSTRAINT `gcmDevice_ibfk_3` FOREIGN KEY (`instructorID`) REFERENCES `instructor` (`instructorID`),
  ADD CONSTRAINT `gcmDevice_ibfk_4` FOREIGN KEY (`traineeID`) REFERENCES `trainee` (`traineeID`),
  ADD CONSTRAINT `gcmDevice_ibfk_5` FOREIGN KEY (`reportUserID`) REFERENCES `reportUser` (`reportUserID`);

--
-- Constraints for table `guardianTrainee`
--
ALTER TABLE `guardianTrainee`
  ADD CONSTRAINT `guardianTrainee_ibfk_1` FOREIGN KEY (`guardianID`) REFERENCES `guardian` (`guardianID`),
  ADD CONSTRAINT `guardianTrainee_ibfk_2` FOREIGN KEY (`traineeID`) REFERENCES `trainee` (`traineeID`);

--
-- Constraints for table `helpRequest`
--
ALTER TABLE `helpRequest`
  ADD CONSTRAINT `helpRequest_ibfk_1` FOREIGN KEY (`helpTypeID`) REFERENCES `helpType` (`helpTypeID`),
  ADD CONSTRAINT `helpRequest_ibfk_3` FOREIGN KEY (`courseTraineeActivityID`) REFERENCES `courseTraineeActivity` (`courseTraineeActivityID`),
  ADD CONSTRAINT `helpRequest_ibfk_4` FOREIGN KEY (`trainingClassID`) REFERENCES `trainingClass` (`trainingClassID`);

--
-- Constraints for table `helpResponse`
--
ALTER TABLE `helpResponse`
  ADD CONSTRAINT `helpResponse_ibfk_1` FOREIGN KEY (`helpRequestID`) REFERENCES `helpRequest` (`helpRequestID`),
  ADD CONSTRAINT `helpResponse_ibfk_2` FOREIGN KEY (`instructorID`) REFERENCES `instructor` (`instructorID`);

--
-- Constraints for table `helpType`
--
ALTER TABLE `helpType`
  ADD CONSTRAINT `helpType_ibfk_1` FOREIGN KEY (`companyID`) REFERENCES `company` (`companyID`);

--
-- Constraints for table `institution`
--
ALTER TABLE `institution`
  ADD CONSTRAINT `institution_ibfk_1` FOREIGN KEY (`cityID`) REFERENCES `city` (`cityID`);

--
-- Constraints for table `instructor`
--
ALTER TABLE `instructor`
  ADD CONSTRAINT `instructor_ibfk_1` FOREIGN KEY (`cityID`) REFERENCES `city` (`cityID`),
  ADD CONSTRAINT `instructor_ibfk_2` FOREIGN KEY (`companyID`) REFERENCES `company` (`companyID`),
  ADD CONSTRAINT `instructor_ibfk_3` FOREIGN KEY (`administratorID`) REFERENCES `administrator` (`administratorID`);

--
-- Constraints for table `instructorClass`
--
ALTER TABLE `instructorClass`
  ADD CONSTRAINT `instructorClass_ibfk_1` FOREIGN KEY (`instructorID`) REFERENCES `instructor` (`instructorID`),
  ADD CONSTRAINT `instructorClass_ibfk_2` FOREIGN KEY (`trainingClassID`) REFERENCES `trainingClass` (`trainingClassID`);

--
-- Constraints for table `instructorRating`
--
ALTER TABLE `instructorRating`
  ADD CONSTRAINT `instructorRating_ibfk_1` FOREIGN KEY (`instructorID`) REFERENCES `instructor` (`instructorID`),
  ADD CONSTRAINT `instructorRating_ibfk_2` FOREIGN KEY (`courseTraineeActivityID`) REFERENCES `courseTraineeActivity` (`courseTraineeActivityID`),
  ADD CONSTRAINT `instructorRating_ibfk_3` FOREIGN KEY (`ratingID`) REFERENCES `rating` (`ratingID`);

--
-- Constraints for table `inventory`
--
ALTER TABLE `inventory`
  ADD CONSTRAINT `inventory_ibfk_1` FOREIGN KEY (`equipmentID`) REFERENCES `equipment` (`equipmentID`),
  ADD CONSTRAINT `inventory_ibfk_2` FOREIGN KEY (`administratorID`) REFERENCES `administrator` (`administratorID`);

--
-- Constraints for table `lesson`
--
ALTER TABLE `lesson`
  ADD CONSTRAINT `lesson_ibfk_1` FOREIGN KEY (`courseID`) REFERENCES `course` (`courseID`);

--
-- Constraints for table `lessonResource`
--
ALTER TABLE `lessonResource`
  ADD CONSTRAINT `lessonResource_ibfk_1` FOREIGN KEY (`lessonID`) REFERENCES `lesson` (`lessonID`),
  ADD CONSTRAINT `lessonResource_ibfk_2` FOREIGN KEY (`authorID`) REFERENCES `author` (`authorID`),
  ADD CONSTRAINT `lessonResource_ibfk_3` FOREIGN KEY (`traineeID`) REFERENCES `trainee` (`traineeID`),
  ADD CONSTRAINT `lessonResource_ibfk_4` FOREIGN KEY (`instructorID`) REFERENCES `instructor` (`instructorID`);

--
-- Constraints for table `lessonSchedule`
--
ALTER TABLE `lessonSchedule`
  ADD CONSTRAINT `lessonSchedule_ibfk_1` FOREIGN KEY (`trainingClassID`) REFERENCES `trainingClass` (`trainingClassID`),
  ADD CONSTRAINT `lessonSchedule_ibfk_2` FOREIGN KEY (`lessonID`) REFERENCES `lesson` (`lessonID`);

--
-- Constraints for table `objective`
--
ALTER TABLE `objective`
  ADD CONSTRAINT `objective_ibfk_1` FOREIGN KEY (`courseID`) REFERENCES `course` (`courseID`);

--
-- Constraints for table `province`
--
ALTER TABLE `province`
  ADD CONSTRAINT `province_ibfk_1` FOREIGN KEY (`countryID`) REFERENCES `country` (`countryID`);

--
-- Constraints for table `rating`
--
ALTER TABLE `rating`
  ADD CONSTRAINT `rating_ibfk_1` FOREIGN KEY (`companyID`) REFERENCES `company` (`companyID`);

--
-- Constraints for table `team`
--
ALTER TABLE `team`
  ADD CONSTRAINT `team_ibfk_1` FOREIGN KEY (`trainingClassID`) REFERENCES `trainingClass` (`trainingClassID`);

--
-- Constraints for table `teamMember`
--
ALTER TABLE `teamMember`
  ADD CONSTRAINT `teamMember_ibfk_2` FOREIGN KEY (`traineeID`) REFERENCES `trainee` (`traineeID`),
  ADD CONSTRAINT `teamMember_ibfk_1` FOREIGN KEY (`teamID`) REFERENCES `team` (`teamID`);

--
-- Constraints for table `trainee`
--
ALTER TABLE `trainee`
  ADD CONSTRAINT `trainee_ibfk_1` FOREIGN KEY (`institutionID`) REFERENCES `institution` (`institutionID`),
  ADD CONSTRAINT `trainee_ibfk_2` FOREIGN KEY (`companyID`) REFERENCES `company` (`companyID`),
  ADD CONSTRAINT `trainee_ibfk_3` FOREIGN KEY (`cityID`) REFERENCES `city` (`cityID`),
  ADD CONSTRAINT `trainee_ibfk_4` FOREIGN KEY (`trainingClassID`) REFERENCES `trainingClass` (`trainingClassID`),
  ADD CONSTRAINT `trainee_ibfk_5` FOREIGN KEY (`administratorID`) REFERENCES `administrator` (`administratorID`);

--
-- Constraints for table `traineeEquipment`
--
ALTER TABLE `traineeEquipment`
  ADD CONSTRAINT `traineeEquipment_ibfk_1` FOREIGN KEY (`traineeID`) REFERENCES `trainee` (`traineeID`),
  ADD CONSTRAINT `traineeEquipment_ibfk_2` FOREIGN KEY (`inventoryID`) REFERENCES `inventory` (`inventoryID`),
  ADD CONSTRAINT `traineeEquipment_ibfk_3` FOREIGN KEY (`administratorID`) REFERENCES `administrator` (`administratorID`);

--
-- Constraints for table `traineeRating`
--
ALTER TABLE `traineeRating`
  ADD CONSTRAINT `traineeRating_ibfk_1` FOREIGN KEY (`courseTraineeActivityID`) REFERENCES `courseTraineeActivity` (`courseTraineeActivityID`),
  ADD CONSTRAINT `traineeRating_ibfk_2` FOREIGN KEY (`ratingID`) REFERENCES `rating` (`ratingID`),
  ADD CONSTRAINT `traineeRating_ibfk_3` FOREIGN KEY (`traineeID`) REFERENCES `trainee` (`traineeID`);

--
-- Constraints for table `traineeShout`
--
ALTER TABLE `traineeShout`
  ADD CONSTRAINT `traineeShout_ibfk_2` FOREIGN KEY (`helpTypeID`) REFERENCES `helpType` (`helpTypeID`),
  ADD CONSTRAINT `traineeShout_ibfk_1` FOREIGN KEY (`traineeID`) REFERENCES `trainee` (`traineeID`);

--
-- Constraints for table `traineeStatus`
--
ALTER TABLE `traineeStatus`
  ADD CONSTRAINT `traineeStatus_ibfk_1` FOREIGN KEY (`traineeID`) REFERENCES `trainee` (`traineeID`),
  ADD CONSTRAINT `traineeStatus_ibfk_2` FOREIGN KEY (`traineeStatusTypeID`) REFERENCES `traineeStatusType` (`traineeStatusTypeID`);

--
-- Constraints for table `trainingClass`
--
ALTER TABLE `trainingClass`
  ADD CONSTRAINT `trainingClass_ibfk_1` FOREIGN KEY (`companyID`) REFERENCES `company` (`companyID`),
  ADD CONSTRAINT `trainingClass_ibfk_2` FOREIGN KEY (`administratorID`) REFERENCES `administrator` (`administratorID`);

--
-- Constraints for table `trainingClassCourse`
--
ALTER TABLE `trainingClassCourse`
  ADD CONSTRAINT `trainingClassCourse_ibfk_1` FOREIGN KEY (`courseID`) REFERENCES `course` (`courseID`),
  ADD CONSTRAINT `trainingClassCourse_ibfk_2` FOREIGN KEY (`trainingClassID`) REFERENCES `trainingClass` (`trainingClassID`);

--
-- Constraints for table `trainingClassEvent`
--
ALTER TABLE `trainingClassEvent`
  ADD CONSTRAINT `trainingClassEvent_ibfk_2` FOREIGN KEY (`trainingClassCourseID`) REFERENCES `trainingClassCourse` (`trainingClassCourseID`),
  ADD CONSTRAINT `trainingClassEvent_ibfk_1` FOREIGN KEY (`trainingClassID`) REFERENCES `trainingClass` (`trainingClassID`);

/*!40101 SET CHARACTER_SET_CLIENT=@OLD_CHARACTER_SET_CLIENT */;
/*!40101 SET CHARACTER_SET_RESULTS=@OLD_CHARACTER_SET_RESULTS */;
/*!40101 SET COLLATION_CONNECTION=@OLD_COLLATION_CONNECTION */;
